NO,SMILES,y_true,freq,label
1777,*c1ccc(Oc2c(C)cc(Cc3cc(C)c(Oc4ccc(N5C(=O)c6ccc(C(c7ccc8c(c7)C(=O)N(*)C8=O)(C(F)(F)F)C(F)(F)F)cc6C5=O)cc4)c(C)c3)cc2C)cc1,2.97,3.0,8
1781,*n1c(=O)c2cc3c(=O)n(-c4ccc(Oc5c(C)cc(C(c6cc(C)c(Oc7ccc(*)cc7)c(C)c6)c6cccc7ccccc67)cc5C)cc4)c(=O)c3cc2c1=O,2.86,3.0,6
2165,*c1ccc(-c2cc(-c3ccc(-n4c(=O)c5cc6c(=O)n(*)c(=O)c6cc5c4=O)cc3)cc(S(C)(=O)=O)c2)cc1,5.36,5.05,3
1689,*c1ccc(Oc2ccc(Oc3ccc(N4C(=O)c5ccc(-c6ccc7c(c6)C(=O)N(*)C7=O)cc5C4=O)cc3)cc2C(C)(C)C)cc1,3.39,6.0,2
1905,*CCCN1CCN(CCCN2C(=O)c3ccc(C(=O)c4ccc5c(c4)C(=O)N(*)C5=O)cc3C2=O)CC1,3.88,5.89,5
218,*N1C(=O)c2ccc(-c3ccc4c(c3)C(=O)N(c3ccc(Oc5cc(Oc6ccc(*)cc6C(F)(F)F)cc6ccccc56)c(C(F)(F)F)c3)C4=O)cc2C1=O,3.23,4.0,1
236,*N1C(=O)c2ccc(C(=O)c3ccc4c(c3)C(=O)N(c3ccc(Oc5cc(Oc6ccc(*)cc6)cc6ccccc56)cc3)C4=O)cc2C1=O,3.44,6.0,2
1686,*N1C(=O)c2ccc(C(c3ccc4c(c3)C(=O)N(c3ccc(Oc5ccc(Oc6ccc(*)cc6C(F)(F)F)c(C(C)(C)C)c5)c(C(F)(F)F)c3)C4=O)(C(F)(F)F)C(F)(F)F)cc2C1=O,2.82,6.0,1
1710,*c1ccc(Oc2ccc(C(=O)c3ccc(N4C(=O)c5ccc(C(c6ccc7c(c6)C(=O)N(*)C7=O)(C(F)(F)F)C(F)(F)F)cc5C4=O)cc3)cc2C)c(C(F)(F)F)c1,2.84,3.0,8
1722,*c1ccc(Oc2ccc(C3(c4ccc(Oc5ccc(-n6c(=O)c7cc8c(=O)n(*)c(=O)c8cc7c6=O)cc5C(F)(F)F)cc4)c4ccccc4-c4ccccc43)cc2)c(C(F)(F)F)c1,2.93,3.0,6
151,*c1ccc(Cc2ccc(N3C(=O)c4ccc(Oc5ccc(C(C)(C)c6ccc(Oc7ccc8c(c7)C(=O)N(*)C8=O)cc6)cc5)cc4C3=O)c(C)c2)cc1C,2.94,6.0,2
1764,*N1C(=O)c2ccc(S(=O)(=O)c3ccc4c(c3)C(=O)N(c3ccc(Oc5ccc(C6(c7ccc(Oc8ccc(*)cc8C(F)(F)F)cc7)c7ccccc7-c7ccccc76)cc5)c(C(F)(F)F)c3)C4=O)cc2C1=O,2.78,7.6,1
1670,*N1C(=O)c2ccc(-c3ccc4c(c3)C(=O)N(c3ccc(Oc5ccc(Oc6ccc(*)cc6C(F)(F)F)c(C(C)(C)C)c5)c(C(F)(F)F)c3)C4=O)cc2C1=O,3.46,4.0,1
464,*n1c(=O)c2cc3c(=O)n(-c4ccc(N(c5ccc(-n6c(=O)c7cc8c(=O)n(*)c(=O)c8cc7c6=O)cc5)c5cccc(-c6ccc(-c7ccccc7)cc6)c5)cc4)c(=O)c3cc2c1=O,2.2,5.39,3
1094,*N1C(=O)c2ccc(C(c3ccc4c(c3)C(=O)N(c3ccc(-c5ccc(/C(=C\c6ccccc6)c6ccc(-c7ccc(*)cc7)cc6)cc5)cc3)C4=O)(C(F)(F)F)C(F)(F)F)cc2C1=O,2.6,4.89,4
229,*n1c(=O)c2cc3c(=O)n(-c4ccc(Oc5cc(Oc6ccc(*)cc6C(F)(F)F)cc6ccccc56)c(C(F)(F)F)c4)c(=O)c3cc2c1=O,3.11,6.0,6
76,*c1ccc(Oc2ccc(N3C(=O)c4ccc(C(=O)c5ccc6c(c5)C(=O)N(*)C6=O)cc4C3=O)cc2)cc1,3.21,8.58,2
109,*c1ccc(Oc2ccc(N3C(=O)c4ccc(C(=O)c5ccc6c(c5)C(=O)N(*)C6=O)cc4C3=O)cc2)cc1,3.18,8.92,2
1965,*N1C(=O)c2ccc(Oc3ccc4c(c3)C(=O)N(CCCN3CCN(CCC*)CC3)C4=O)cc2C1=O,2.71,5.85,5
2325,*c1ccc(C2(C)CC(C)(C)c3ccc(N4C(=O)c5ccc(Oc6ccc(C(C)(C)c7ccc(Oc8ccc9c(c8)C(=O)N(*)C9=O)cc7)cc6)cc5C4=O)cc32)cc1,3.55,3.0,2
837,*N1C(=O)c2ccc(C(c3ccc4c(c3)C(=O)N(c3ccc(-c5cc(-c6ccc(-c7ccccc7)cc6)cc(-c6ccc(*)cc6)n5)cc3)C4=O)(C(F)(F)F)C(F)(F)F)cc2C1=O,2.62,5.66,7
1658,*N1C(=O)c2ccc(S(=O)(=O)c3ccc4c(c3)C(=O)N(c3ccc(Oc5ccc(Oc6ccc(*)cc6C(F)(F)F)c(C(C)(C)C)c5)c(C(F)(F)F)c3)C4=O)cc2C1=O,3.4,3.0,1
1613,*N1C(=O)c2ccc(Oc3ccc(C45CC6C7CC8(c9ccc(Oc%10ccc%11c(c%10)C(=O)N(c%10ccc(Oc%12ccc(*)cc%12)cc%10)C%11=O)cc9)CC6C(C4)C(C8)C7C5)cc3)cc2C1=O,2.76,3.0,2
1324,*N1C(=O)c2ccc(Oc3ccc(Oc4ccc(Oc5ccc6c(c5)C(=O)N(c5ccc(Oc7ccc([C@]89C[C@@H]%10C[C@@H](C[C@@](c%11ccc(Oc%12ccc(*)cc%12)cc%11)(C%10)C8)C9)cc7)cc5)C6=O)cc4)cc3)cc2C1=O,2.87,3.0,2
1239,*n1c(=O)c2cc3c(=O)n(-c4ccc(-c5ccc(/C(=C\c6ccccc6)c6ccc(-c7ccc(*)cc7)cc6)cc5)cc4)c(=O)c3cc2c1=O,2.69,4.32,3
619,*N1C(=O)c2ccc(C(c3ccc4c(c3)C(=O)N(c3ccc(-c5ccc(-c6ccc(*)cc6)cc5)cc3)C4=O)(C(F)(F)F)C(F)(F)F)cc2C1=O,3.03,3.93,7
481,*n1c(=O)c2cc3c(=O)n(-c4ccc(Oc5cc(-c6ccccc6)c(Oc6ccc(*)cc6)cc5-c5ccccc5)cc4)c(=O)c3cc2c1=O,3.31,4.0,6
132,*N1C(=O)c2ccc(Oc3ccc4c(c3)C(=O)N(Oc3cc(C(C)(C)C)c(Oc5ccc(*)cc5)c(C(C)(C)C)c3)C4=O)cc2C1=O,2.88,3.0,2
1617,*c1cccc(Oc2ccc(-n3c(=O)c4cc5c(=O)n(*)c(=O)c5cc4c3=O)cc2)c1,3.49,9.21,6
2210,*N1C(=O)c2ccc(C(=O)c3ccc4c(c3)C(=O)N(c3c(C)cc(C(c5ccc(C(C)C)cc5)c5cc(C)c(*)c(C)c5)cc3C)C4=O)cc2C1=O,2.57,8.7,2
264,*N1C(=O)C2=CC=C(C(c3ccc4c(c3)C(=O)N(c3ccc(Oc5ccc(*)cc5)cc3)C4=O)(C(F)(F)F)C(F)(F)F)CC2C1=O,2.79,3.0,8
67,*c1ccc(Oc2ccc(N3C(=O)c4ccc(C(=O)c5ccc6c(c5)C(=O)N(*)C6=O)cc4C3=O)cc2)cc1,3.23,8.41,2
2199,*N1C(=O)c2ccc(Oc3ccc4c(c3)C(=O)N(c3c(C)cc(C(c5ccc(C(C)C)cc5)c5cc(C)c(*)c(C)c5)cc3C)C4=O)cc2C1=O,2.49,6.0,2
332,*c1ccc(OC(=O)c2ccc(N3C(=O)c4ccc(C(=O)Oc5ccc(OC(=O)c6ccc7c(c6)C(=O)N(*)C7=O)cc5)cc4C3=O)cc2)cc1,3.64,10.0,2
2320,*c1c(C)cc(C2(c3cc(C)c(N4C(=O)c5ccc(Oc6ccc7c(c6)C(=O)N(*)C7=O)cc5C4=O)c(C)c3)c3cc(O[Si](C)(C)C(C)(C)C)ccc3-c3ccc(O[Si](C)(C)C(C)(C)C)cc32)cc1C,2.65,6.0,2
2161,*c1ccc(-c2cc(-c3ccc(-n4c(=O)c5cc6c(=O)n(*)c(=O)c6cc5c4=O)cc3)cc(S(C)(=O)=O)c2)cc1,5.45,3.99,3
141,*c1ccc(Cc2ccc(N3C(=O)c4ccc(Oc5ccc(C(C)(C)c6ccc(Oc7ccc8c(c7)C(=O)N(*)C8=O)cc6)cc5)cc4C3=O)cc2)cc1,3.25,3.0,2
1819,*n1c(=O)c2cc3c(=O)n(CCCN4CCN(CCC*)CC4)c(=O)c3cc2c1=O,4.8,5.8,0
500,*n1c(=O)c2cc3c(=O)n(-c4ccc(Oc5cc(-c6ccccc6)c(Oc6ccc(*)cc6C(F)(F)F)cc5-c5ccccc5)c(C(F)(F)F)c4)c(=O)c3cc2c1=O,2.98,6.0,6
1989,*N1C(=O)c2ccc(Oc3ccc4c(c3)C(=O)N(CCCN3CCN(CCC*)CC3)C4=O)cc2C1=O,2.61,6.0,5
1136,*N1C(=O)c2ccc(-c3ccc4c(c3)C(=O)N(c3ccc(-c5ccc(/C(=C\c6ccccc6)c6ccc(-c7ccc(*)cc7)cc6)cc5)cc3)C4=O)cc2C1=O,2.67,4.29,4
1172,*N1C(=O)c2ccc(C(=O)c3ccc4c(c3)C(=O)N(c3ccc(-c5ccc(/C(=C\c6ccccc6)c6ccc(-c7ccc(*)cc7)cc6)cc5)cc3)C4=O)cc2C1=O,2.78,3.51,4
1326,*N1C(=O)c2ccc(-c3ccc4c(c3)C(=O)N(c3ccc(Oc5ccc([C@]67C[C@@H]8C[C@@H](C[C@@](c9ccc(Oc%10ccc(*)cc%10)cc9)(C8)C6)C7)cc5)cc3)C4=O)cc2C1=O,2.86,3.0,2
302,*N1C(=O)c2ccc(-c3ccc4c(c3)C(=O)N(c3ccc(-c5ccc(*)cc5C(F)(F)F)c(C(F)(F)F)c3)C4=O)cc2C1=O,3.25,10.0,1
2172,*c1ccc(-c2cc(CS(C)(=O)=O)cc(-c3ccc(-n4c(=O)c5cc6c(=O)n(*)c(=O)c6cc5c4=O)cc3)c2)cc1,5.92,3.02,3
1401,*c1ccc(Oc2ccc(-n3c(=O)c4cc5c(=O)n(*)c(=O)c5cc4c3=O)cc2)cc1,3.43,5.5,6
312,*n1c(=O)c2cc3c(=O)n(-c4ccc(Oc5ccc(C(C)(C)c6ccc(Oc7ccc(*)cc7)cc6)cc5)cc4)c(=O)c3cc2c1=O,3.12,10.0,6
1316,*N1C(=O)c2ccc(S(=O)(=O)c3ccc4c(c3)C(=O)N(c3ccc(Oc5ccc(Oc6ccc(*)cc6)c6c5C5CCC6C5)cc3)C4=O)cc2C1=O,3.61,7.6,2
1134,*N1C(=O)c2ccc(-c3ccc4c(c3)C(=O)N(c3ccc(-c5ccc(/C(=C\c6ccccc6)c6ccc(-c7ccc(*)cc7)cc6)cc5)cc3)C4=O)cc2C1=O,2.66,4.4,4
244,*c1ccc(Oc2c(C)cc(C(C)(C)c3cc(C)c(Oc4c(F)c(F)c(-c5c(F)c(F)c(Oc6c(C)cc(C(C)(C)c7cc(C)c(Oc8ccc(N9C(=O)c%10ccc(Oc%11ccc%12c(c%11)C(=O)N(*)C%12=O)cc%10C9=O)cc8)c(C)c7)cc6C)c(F)c5F)c(F)c4F)c(C)c3)cc2C)cc1,2.68,6.0,2
2036,*N1C(=O)c2ccc(-c3ccc4c(c3)C(=O)N(CCCN3CCN(CCC*)CC3)C4=O)cc2C1=O,2.57,5.89,5
1858,*n1c(=O)c2cc3c(=O)n(CCCN4CCN(CCC*)CC4)c(=O)c3cc2c1=O,4.93,4.44,0
245,*N1C(=O)c2ccc(C(c3cc(C(F)(F)F)cc(C(F)(F)F)c3)(c3ccc4c(c3)C(=O)N(Cc3ccc(Oc5ccc(*)cc5)cc3)C4=O)C(F)(F)F)cc2C1=O,2.89,6.0,8
898,*N1C(=O)c2ccc(C(c3ccc4c(c3)C(=O)N(c3ccc(-c5cc(-c6ccc(-c7ccc(-c8ccccc8)cc7)cc6)cc(-c6ccc(*)cc6)n5)cc3)C4=O)(C(F)(F)F)C(F)(F)F)cc2C1=O,2.44,5.47,7
484,*N1C(=O)c2ccc(Oc3ccc4c(c3)C(=O)N(c3ccc(Oc5cc(-c6ccccc6)c(Oc6ccc(*)cc6)cc5-c5ccccc5)cc3)C4=O)cc2C1=O,3.17,4.0,2
2151,*N1C(=O)c2ccc(-c3ccc4c(c3)C(=O)N(c3ccc5c(c3)OCCOCCOc3cc(*)ccc3OCCOCCO5)C4=O)cc2C1=O,6.0,5.0,2
1684,*N1C(=O)c2ccc(S(=O)(=O)c3ccc4c(c3)C(=O)N(c3ccc(Oc5ccc(Oc6ccc(*)cc6C(F)(F)F)c(C(C)(C)C)c5)c(C(F)(F)F)c3)C4=O)cc2C1=O,3.23,6.0,1
1822,*n1c(=O)c2cc3c(=O)n(CCCN4CCN(CCC*)CC4)c(=O)c3cc2c1=O,4.8,5.82,0
694,*N1C(=O)c2ccc(C(c3ccc4c(c3)C(=O)N(c3cccc(-c5cc(-c6ccc(*)cc6)cc(C(c6ccccc6)(c6ccccc6)c6ccccc6)c5)c3)C4=O)(C(F)(F)F)C(F)(F)F)cc2C1=O,2.18,5.09,7
1807,*n1c(=O)c2cc3c(=O)n(CCCN4CCN(CCC*)CC4)c(=O)c3cc2c1=O,4.83,5.68,0
275,*N1C(=O)c2ccc(Oc3ccc4c(c3)C(=O)N(c3ccc(Oc5ccc(S(=O)(=O)c6ccc(Oc7ccc(*)cc7)c(-c7cc(C(F)(F)F)cc(C(F)(F)F)c7)c6)cc5-c5cc(C(F)(F)F)cc(C(F)(F)F)c5)cc3)C4=O)cc2C1=O,2.85,3.0,1
483,*c1ccc(Oc2cc(-c3ccccc3)c(Oc3ccc(N4C(=O)c5ccc(C(=O)c6ccc7c(c6)C(=O)N(*)C7=O)cc5C4=O)cc3)cc2-c2ccccc2)cc1,3.42,4.0,2
511,*N1C(=O)c2ccc(C(=O)c3ccc4c(c3)C(=O)N(c3ccc(Oc5ccc(-c6ccc(-c7ccc(-c8ccc(Oc9ccc(*)cc9)c(C(F)(F)F)c8)cc7)cc6)cc5C(F)(F)F)cc3)C4=O)cc2C1=O,2.98,6.0,1
816,*N1C(=O)c2ccc(C(c3ccc4c(c3)C(=O)N(c3ccc(-c5cc(-c6ccc(-c7ccccc7)cc6)cc(-c6ccc(*)cc6)n5)cc3)C4=O)(C(F)(F)F)C(F)(F)F)cc2C1=O,2.61,4.33,7
1991,*N1C(=O)c2ccc(-c3ccc4c(c3)C(=O)N(CCCN3CCN(CCC*)CC3)C4=O)cc2C1=O,2.59,5.34,5
1295,*n1c(=O)c2cc3c(=O)n(-c4ccc(Oc5ccc(Oc6ccc(*)cc6)c6c5C5CCC6C5)cc4)c(=O)c3cc2c1=O,3.12,6.0,6
420,*n1c(=O)c2cc3c(=O)n(-c4ccc(N(c5ccc(-c6ccc(-c7ccccc7)cc6)cc5)c5ccc(-n6c(=O)c7cc8c(=O)n(*)c(=O)c8cc7c6=O)cc5)cc4)c(=O)c3cc2c1=O,2.74,3.26,3
1320,*c1ccc(Oc2ccc([C@@]34C[C@H]5C[C@@H](C3)C[C@@](c3ccc(Oc6ccc(-n7c(=O)c8cc9c(=O)n(*)c(=O)c9cc8c7=O)cc6)cc3)(C5)C4)cc2)cc1,2.85,3.0,6
550,*c1ccc(Oc2ccc(-n3c(=O)c4cc5c(=O)n(*)c(=O)c5cc4c3=O)cc2)cc1,3.38,4.07,6
24,*c1cccc(Oc2cccc(N3C(=O)c4ccc(C(=O)c5ccc6c(c5)C(=O)N(*)C6=O)cc4C3=O)c2)c1,3.09,10.0,2
419,*n1c(=O)c2cc3c(=O)n(-c4ccc(N(c5ccc(-c6ccc(-c7ccccc7)cc6)cc5)c5ccc(-n6c(=O)c7cc8c(=O)n(*)c(=O)c8cc7c6=O)cc5)cc4)c(=O)c3cc2c1=O,2.75,3.08,3
1309,*N1C(=O)c2ccc(-c3ccc4c(c3)C(=O)N(c3ccc(Oc5ccc(Oc6ccc(*)cc6)cc5)cc3)C4=O)cc2C1=O,3.27,7.6,2
289,*c1cc(N2C(=O)c3ccc(C(C)(C)c4ccc5c(c4)C(=O)N(*)C5=O)cc3C2=O)ccc1-c1cc(C(F)(F)F)cc(C(F)(F)F)c1,2.66,6.0,8
426,*n1c(=O)c2cc3c(=O)n(-c4ccc(N(c5ccc(-c6ccc(-c7ccccc7)cc6)cc5)c5ccc(-n6c(=O)c7cc8c(=O)n(*)c(=O)c8cc7c6=O)cc5)cc4)c(=O)c3cc2c1=O,2.73,4.27,3
1649,*N1C(=O)c2ccc(C(=O)c3ccc4c(c3)C(=O)N(c3ccc(-c5cc(C(C)(C)C)c(Oc6ccc(*)cc6)c(C(C)(C)C)c5)c(Cl)c3)C4=O)cc2C1=O,3.05,3.0,2
1196,*N1C(=O)c2ccc(C(=O)c3ccc4c(c3)C(=O)N(c3ccc(-c5ccc(/C(=C\c6ccccc6)c6ccc(-c7ccc(*)cc7)cc6)cc5)cc3)C4=O)cc2C1=O,2.72,4.79,4
1284,*N1C(=O)c2ccc(-c3ccc4c(c3)C(=O)N(c3ccc(Oc5ccc(Oc6ccc(*)cc6)c6c5C5CCC6C5)cc3)C4=O)cc2C1=O,2.97,4.0,2
1660,*N1C(=O)c2ccc(C(c3ccc4c(c3)C(=O)N(c3ccc(Oc5ccc(Oc6ccc(*)cc6C(F)(F)F)c(C(C)(C)C)c5)c(C(F)(F)F)c3)C4=O)(C(F)(F)F)C(F)(F)F)cc2C1=O,2.98,3.0,1
248,*N1C(=O)c2ccc(C(c3cc(C(F)(F)F)cc(C(F)(F)F)c3)(c3ccc4c(c3)C(=O)N(c3ccc(Oc5ccc(Oc6ccc(*)cc6C(F)(F)F)cc5)c(C(F)(F)F)c3)C4=O)C(F)(F)F)cc2C1=O,2.71,6.0,1
100,*c1ccc(Oc2ccc(N3C(=O)c4ccc(C(=O)c5ccc6c(c5)C(=O)N(*)C6=O)cc4C3=O)cc2)cc1,3.18,8.85,2
91,*c1ccc(Oc2ccc(N3C(=O)c4ccc(C(=O)c5ccc6c(c5)C(=O)N(*)C6=O)cc4C3=O)cc2)cc1,3.19,8.77,2
2311,*c1ccc(-c2cc(CS(C)(=O)=O)cc(-c3ccc(-n4c(=O)c5cc6c(=O)n(*)c(=O)c6cc5c4=O)cc3)c2)cc1,5.55,5.07,3
1971,*N1C(=O)c2ccc(Oc3ccc4c(c3)C(=O)N(CCCN3CCN(CCC*)CC3)C4=O)cc2C1=O,2.69,5.89,5
1589,*N1C(=O)c2ccc(C(c3ccc4c(c3)C(=O)N(c3cc(*)cc(C(F)(F)F)c3)C4=O)(C(F)(F)F)C(F)(F)F)cc2C1=O,2.27,4.22,8
297,*c1cc(N2C(=O)c3ccc(C(C)(C)c4ccc5c(c4)C(=O)N(*)C5=O)cc3C2=O)ccc1-c1cc(C(F)(F)F)cc(C(F)(F)F)c1,2.38,10.0,8
490,*N1C(=O)c2ccc(Oc3ccc4c(c3)C(=O)N(c3ccc(Oc5cc(-c6ccccc6)c(Oc6ccc(*)cc6C(F)(F)F)cc5-c5ccccc5)c(C(F)(F)F)c3)C4=O)cc2C1=O,3.21,4.0,1
22,*c1cccc(Oc2cccc(-n3c(=O)c4cc5c(=O)n(*)c(=O)c5cc4c3=O)c2)c1,2.84,10.0,6
1080,*N1C(=O)c2ccc(C(c3ccc4c(c3)C(=O)N(c3ccc(-c5ccc(/C(=C\c6ccccc6)c6ccc(-c7ccc(*)cc7)cc6)cc5)cc3)C4=O)(C(F)(F)F)C(F)(F)F)cc2C1=O,2.63,4.14,4
149,*c1ccc(Cc2ccc(N3C(=O)c4ccc(Oc5ccc(C(C)(C)c6ccc(Oc7ccc8c(c7)C(=O)N(*)C8=O)cc6)cc5)cc4C3=O)c(C)c2)cc1C,2.99,4.03,2
693,*N1C(=O)c2ccc(C(c3ccc4c(c3)C(=O)N(c3cccc(-c5cc(-c6ccc(*)cc6)cc(C(c6ccccc6)(c6ccccc6)c6ccccc6)c5)c3)C4=O)(C(F)(F)F)C(F)(F)F)cc2C1=O,2.2,4.96,7
1268,*n1c(=O)c2cc3c(=O)n(-c4ccc(Oc5ccc(Oc6ccc(*)cc6)cc5)cc4)c(=O)c3cc2c1=O,3.46,3.0,6
449,*n1c(=O)c2cc3c(=O)n(-c4ccc(N(c5ccc(-n6c(=O)c7cc8c(=O)n(*)c(=O)c8cc7c6=O)cc5)c5cccc(-c6ccc(-c7ccccc7)cc6)c5)cc4)c(=O)c3cc2c1=O,2.23,3.03,3
202,*c1c(C)c(C)c(N2C(=O)C3=CCC(C(c4ccc5c(c4)C(=O)N(*)C5=O)(C(F)(F)F)C(F)(F)F)C=C3C2=O)c(C)c1C,2.46,3.0,8
795,*N1C(=O)c2ccc(C(c3ccc4c(c3)C(=O)N(c3ccc(-c5cc(-c6ccc(-c7ccccc7)cc6)cc(-c6ccc(*)cc6)n5)cc3)C4=O)(C(F)(F)F)C(F)(F)F)cc2C1=O,2.58,3.03,7
1180,*N1C(=O)c2ccc(C(=O)c3ccc4c(c3)C(=O)N(c3ccc(-c5ccc(/C(=C\c6ccccc6)c6ccc(-c7ccc(*)cc7)cc6)cc5)cc3)C4=O)cc2C1=O,2.76,3.94,4
1772,*N1C(=O)c2ccc(C(c3ccc4c(c3)C(=O)N(c3ccc(Oc5ccc(C6(c7ccc(Oc8ccc(*)cc8)cc7)c7ccccc7-c7ccccc76)cc5)cc3)C4=O)(C(F)(F)F)C(F)(F)F)cc2C1=O,2.9,7.6,8
142,*c1ccc(Cc2ccc(N3C(=O)c4ccc(Oc5ccc(C(C)(C)c6ccc(Oc7ccc8c(c7)C(=O)N(*)C8=O)cc6)cc5)cc4C3=O)cc2)cc1,3.22,4.0,2
2219,*N1C(=O)c2ccc(Oc3ccc(C(C)(C)c4ccc(Oc5ccc6c(c5)C(=O)N(c5ccc(Oc7ccc(C(C)(C)c8ccc(Oc9ccc(-n%10c(=O)c%11cc%12c(=O)n(-c%13ccc(Oc%14ccc(C(CCC)(CCC)c%15ccc(Oc%16ccc(*)cc%16)cc%15)cc%14)cc%13)c(=O)c%12cc%11c%10=O)cc9)cc8)cc7)cc5)C6=O)cc4)cc3)cc2C1=O,2.62,6.0,2
1724,*N1C(=O)c2ccc(-c3ccc4c(c3)C(=O)N(c3ccc(Oc5ccc(C6(c7ccc(Oc8ccc(*)cc8C(F)(F)F)cc7)c7ccccc7-c7ccccc76)cc5)c(C(F)(F)F)c3)C4=O)cc2C1=O,2.88,3.0,1
1678,*c1ccc(Oc2ccc(Oc3ccc(N4C(=O)c5ccc(Oc6ccc7c(c6)C(=O)N(*)C7=O)cc5C4=O)cc3)cc2C(C)(C)C)cc1,3.43,4.0,2
176,*N1C(=O)c2ccc(C(c3ccc4c(c3)C(=O)N(c3ccc(Cc5ccc(*)c(C)c5)cc3C)C4=O)(C(F)(F)F)C(F)(F)F)cc2C1=O,2.74,3.08,8
177,*N1C(=O)c2ccc(C(c3ccc4c(c3)C(=O)N(c3ccc(Cc5ccc(*)c(C)c5)cc3C)C4=O)(C(F)(F)F)C(F)(F)F)cc2C1=O,2.73,4.01,8
195,*N1C(=O)c2ccc(-c3ccc4c(c3)C(=O)N(c3ccc(Oc5ccc([C@]67C[C@H]8CC9C6CC6C[C@H]7C(C8)[C@@]9(c7ccc(Oc8ccc(*)cc8)cc7)C6)cc5)cc3)C4=O)cc2C1=O,2.63,3.0,2
432,*n1c(=O)c2cc3c(=O)n(-c4ccc(N(c5ccc(-c6ccc(-c7ccccc7)cc6)cc5)c5ccc(-n6c(=O)c7cc8c(=O)n(*)c(=O)c8cc7c6=O)cc5)cc4)c(=O)c3cc2c1=O,2.72,5.29,3
685,*N1C(=O)c2ccc(C(c3ccc4c(c3)C(=O)N(c3cccc(-c5cc(-c6ccc(*)cc6)cc(C(c6ccccc6)(c6ccccc6)c6ccccc6)c5)c3)C4=O)(C(F)(F)F)C(F)(F)F)cc2C1=O,2.5,3.06,7
766,*N1C(=O)c2ccc(C(c3ccc4c(c3)C(=O)N(c3ccc(-c5cc(-c6ccccc6)cc(-c6ccc(*)cc6)n5)cc3)C4=O)(C(F)(F)F)C(F)(F)F)cc2C1=O,2.81,5.26,7
1766,*N1C(=O)c2ccc(C(c3ccc4c(c3)C(=O)N(c3ccc(Oc5ccc(C6(c7ccc(Oc8ccc(*)cc8C(F)(F)F)cc7)c7ccccc7-c7ccccc76)cc5)c(C(F)(F)F)c3)C4=O)(C(F)(F)F)C(F)(F)F)cc2C1=O,2.62,7.6,1
1468,*N1C(=O)c2ccc(C(c3ccc4c(c3)C(=O)N(c3ccc(*)cc3)C4=O)(C(F)(F)F)C(F)(F)F)cc2C1=O,2.65,5.34,8
403,*n1c(=O)c2cc3c(=O)n(-c4ccc(N(c5ccccc5)c5ccc(-n6c(=O)c7cc8c(=O)n(*)c(=O)c8cc7c6=O)cc5)cc4)c(=O)c3cc2c1=O,3.43,5.66,3
1932,*N1C(=O)c2ccc(Oc3ccc4c(c3)C(=O)N(CCCN3CCN(CCC*)CC3)C4=O)cc2C1=O,2.87,5.47,5
1178,*N1C(=O)c2ccc(C(=O)c3ccc4c(c3)C(=O)N(c3ccc(-c5ccc(/C(=C\c6ccccc6)c6ccc(-c7ccc(*)cc7)cc6)cc5)cc3)C4=O)cc2C1=O,2.77,3.83,4
625,*N1C(=O)c2ccc(C(c3ccc4c(c3)C(=O)N(c3ccc(-c5ccc(-c6ccc(*)cc6)cc5)cc3)C4=O)(C(F)(F)F)C(F)(F)F)cc2C1=O,3.03,4.27,7
61,*c1ccc(Oc2ccc(N3C(=O)c4ccc(C(=O)c5ccc6c(c5)C(=O)N(*)C6=O)cc4C3=O)cc2)cc1,3.25,8.25,2
1744,*N1C(=O)c2ccc(S(=O)(=O)c3ccc4c(c3)C(=O)N(c3ccc(Oc5ccc(C6(c7ccc(Oc8ccc(*)cc8C(F)(F)F)cc7)c7ccccc7-c7ccccc76)cc5)c(C(F)(F)F)c3)C4=O)cc2C1=O,3.19,4.0,1
698,*N1C(=O)c2ccc(C(c3ccc4c(c3)C(=O)N(c3cccc(-c5cc(-c6ccc(*)cc6)cc(C(c6ccccc6)(c6ccccc6)c6ccccc6)c5)c3)C4=O)(C(F)(F)F)C(F)(F)F)cc2C1=O,2.11,6.01,7
2200,*n1c(=O)c2cc3c(=O)n(-c4c(C)cc(C(c5ccc(C(C)C)cc5)c5cc(C)c(*)c(C)c5)cc4C)c(=O)c3cc2c1=O,2.53,7.0,6
158,*c1ccc(Cc2ccc(N3C(=O)c4ccc(C(=O)c5ccc6c(c5)C(=O)N(*)C6=O)cc4C3=O)cc2)cc1,3.3,6.01,2
326,*N1C(=O)c2ccc(C(c3ccc4c(c3)C(=O)N(c3ccc(Oc5ccc(C(c6ccc(Oc7ccc(*)cc7)cc6)(C(F)(F)F)C(F)(F)F)cc5)cc3)C4=O)(C(F)(F)F)C(F)(F)F)cc2C1=O,2.5,10.0,8
172,*N1C(=O)c2ccc(C(c3ccc4c(c3)C(=O)N(c3ccc(Cc5ccc(*)cc5)cc3)C4=O)(C(F)(F)F)C(F)(F)F)cc2C1=O,2.78,6.01,8
2223,*c1ccc(-c2ccc(N3C(=O)c4ccc(C(c5ccc6c(c5)C(=O)C(c5ccc(-c7ccc(-n8c(=O)c9cc%10c(=O)n(*)c(=O)c%10cc9c8=O)cc7C(F)(F)F)c(C(F)(F)F)c5)C6=O)(C(F)(F)F)C(F)(F)F)cc4C3=O)cc2C(F)(F)F)c(C(F)(F)F)c1,2.92,6.0,8
834,*N1C(=O)c2ccc(C(c3ccc4c(c3)C(=O)N(c3ccc(-c5cc(-c6ccc(-c7ccccc7)cc6)cc(-c6ccc(*)cc6)n5)cc3)C4=O)(C(F)(F)F)C(F)(F)F)cc2C1=O,2.61,5.47,7
643,*N1C(=O)c2ccc(C(c3ccc4c(c3)C(=O)N(c3ccc(-c5ccc(-c6ccc(*)cc6)cc5)cc3)C4=O)(C(F)(F)F)C(F)(F)F)cc2C1=O,3.02,5.28,7
1878,*CCCN1CCN(CCCN2C(=O)c3ccc(C(=O)c4ccc5c(c4)C(=O)N(*)C5=O)cc3C2=O)CC1,3.91,5.64,5
2006,*N1C(=O)c2ccc(-c3ccc4c(c3)C(=O)N(CCCN3CCN(CCC*)CC3)C4=O)cc2C1=O,2.59,5.6,5
775,*N1C(=O)c2ccc(C(c3ccc4c(c3)C(=O)N(c3ccc(-c5cc(-c6ccccc6)cc(-c6ccc(*)cc6)n5)cc3)C4=O)(C(F)(F)F)C(F)(F)F)cc2C1=O,2.83,5.82,7
1728,*c1ccc(Oc2ccc(C3(c4ccc(Oc5ccc(-n6c(=O)c7cc8c(=O)n(*)c(=O)c8cc7c6=O)cc5)cc4)c4ccccc4-c4ccccc43)cc2)cc1,3.29,3.0,6
1725,*N1C(=O)c2ccc(S(=O)(=O)c3ccc4c(c3)C(=O)N(c3ccc(Oc5ccc(C6(c7ccc(Oc8ccc(*)cc8C(F)(F)F)cc7)c7ccccc7-c7ccccc76)cc5)c(C(F)(F)F)c3)C4=O)cc2C1=O,2.95,3.0,1
206,*N1C(=O)c2ccc(C(c3ccc4c(c3)C(=O)N(c3ccc(Oc5ccc(C(c6ccc(Oc7ccc(*)cc7)cc6)(C(F)(F)F)C(F)(F)F)cc5)cc3)C4=O)(c3c(F)c(F)c(F)c(F)c3F)C(F)(F)F)cc2C1=O,2.07,3.0,8
1702,*c1ccc(Oc2ccc(Oc3ccc(N4C(=O)c5ccc(-c6ccc7c(c6)C(=O)N(*)C7=O)cc5C4=O)cc3)cc2C(C)(C)C)cc1,3.4,7.6,2
1604,*N1C(=O)c2ccc(C(c3ccc4c(c3)C(=O)N(c3cc(*)cc(C(F)(F)F)c3)C4=O)(C(F)(F)F)C(F)(F)F)cc2C1=O,2.25,5.57,8
463,*n1c(=O)c2cc3c(=O)n(-c4ccc(N(c5ccc(-n6c(=O)c7cc8c(=O)n(*)c(=O)c8cc7c6=O)cc5)c5cccc(-c6ccc(-c7ccccc7)cc6)c5)cc4)c(=O)c3cc2c1=O,2.2,5.21,3
1675,*c1ccc(Oc2ccc(Oc3ccc(N4C(=O)c5ccc(C(=O)c6ccc7c(c6)C(=O)N(*)C7=O)cc5C4=O)cc3)cc2C(C)(C)C)cc1,3.34,4.0,2
1798,*n1c(=O)c2cc3c(=O)n(CCCN4CCN(CCC*)CC4)c(=O)c3cc2c1=O,4.84,5.57,0
1314,*N1C(=O)c2ccc(Oc3ccc4c(c3)C(=O)N(c3ccc(Oc5ccc(Oc6ccc(*)cc6)c6c5C5CCC6C5)cc3)C4=O)cc2C1=O,2.85,7.6,2
1471,*N1C(=O)c2ccc(C(c3ccc4c(c3)C(=O)N(c3ccc(*)cc3)C4=O)(C(F)(F)F)C(F)(F)F)cc2C1=O,2.65,5.61,8
148,*c1ccc(Cc2ccc(N3C(=O)c4ccc(Oc5ccc(C(C)(C)c6ccc(Oc7ccc8c(c7)C(=O)N(*)C8=O)cc6)cc5)cc4C3=O)c(C)c2)cc1C,3.0,3.0,2
118,*c1ccc(Oc2ccc(N3C(=O)c4ccc(C(=O)c5ccc6c(c5)C(=O)N(*)C6=O)cc4C3=O)cc2)cc1,3.18,8.98,2
1968,*N1C(=O)c2ccc(Oc3ccc4c(c3)C(=O)N(CCCN3CCN(CCC*)CC3)C4=O)cc2C1=O,2.7,5.87,5
306,*N1C(=O)c2ccc(-c3ccc4c(c3)C(=O)N(c3ccc(-c5ccc(*)cc5C(F)(F)F)c(C(F)(F)F)c3)C4=O)cc2C1=O,3.25,10.6,1
710,*N1C(=O)c2ccc(-c3ccc4c(c3)C(=O)N(c3ccc(C(c5ccc(C(C)(C)C)cc5)c5ccc(*)c(C(C)(C)C)c5)cc3C(C)(C)C)C4=O)cc2C1=O,3.03,6.0,8
320,*N1C(=O)c2ccc(Oc3ccc4c(c3)C(=O)N(c3ccc(Oc5ccc(C(c6ccc(Oc7ccc(*)cc7)cc6)(C(F)(F)F)C(F)(F)F)cc5)cc3)C4=O)cc2C1=O,2.81,10.0,8
2268,*n1c(=O)c2cc3c(=O)n(-c4ccc(-c5cccc(-c6ccc(*)cc6)c5)cc4)c(=O)c3cc2c1=O,3.56,4.52,3
215,*N1C(=O)c2ccc(-c3ccc4c(c3)C(=O)N(C3=C=C=C(Oc5ccc(-c6ccc(Oc7ccc(*)cc7C(F)(F)F)c(C(F)(F)F)c6)cc5C(F)(F)F)C(C(F)(F)F)=C3)C4=O)cc2C1=O,2.65,6.0,1
1513,*N1C(=O)c2ccc(C(c3ccc4c(c3)C(=O)N(c3cccc(*)c3)C4=O)(C(F)(F)F)C(F)(F)F)cc2C1=O,2.57,3.44,8
2175,*c1ccc(-c2cc(CS(C)(=O)=O)cc(-c3ccc(-n4c(=O)c5cc6c(=O)n(*)c(=O)c6cc5c4=O)cc3)c2)cc1,5.81,4.01,3
388,*n1c(=O)c2cc3c(=O)n(-c4ccc(N(c5ccccc5)c5ccc(-n6c(=O)c7cc8c(=O)n(*)c(=O)c8cc7c6=O)cc5)cc4)c(=O)c3cc2c1=O,3.44,4.54,3
895,*N1C(=O)c2ccc(C(c3ccc4c(c3)C(=O)N(c3ccc(-c5cc(-c6ccc(-c7ccc(-c8ccccc8)cc7)cc6)cc(-c6ccc(*)cc6)n5)cc3)C4=O)(C(F)(F)F)C(F)(F)F)cc2C1=O,2.44,5.28,7
52,*c1ccc(Oc2ccc(N3C(=O)c4ccc(C(=O)c5ccc6c(c5)C(=O)N(*)C6=O)cc4C3=O)cc2)cc1,3.3,7.75,2
137,*c1ccc(Oc2cc(C(C)(C)C)c(Oc3ccc(N4C(=O)c5ccc(-c6ccc7c(c6)C(=O)N(*)C7=O)cc5C4=O)cc3)cc2C(C)(C)C)cc1,3.05,3.0,2
1795,*n1c(=O)c2cc3c(=O)n(CCCN4CCN(CCC*)CC4)c(=O)c3cc2c1=O,4.84,5.52,0
422,*n1c(=O)c2cc3c(=O)n(-c4ccc(N(c5ccc(-c6ccc(-c7ccccc7)cc6)cc5)c5ccc(-n6c(=O)c7cc8c(=O)n(*)c(=O)c8cc7c6=O)cc5)cc4)c(=O)c3cc2c1=O,2.74,3.6,3
1914,*CCCN1CCN(CCCN2C(=O)c3ccc(C(=O)c4ccc5c(c4)C(=O)N(*)C5=O)cc3C2=O)CC1,3.86,5.94,5
1681,*n1c(=O)c2cc3c(=O)n(-c4ccc(Oc5ccc(Oc6ccc(*)cc6C(F)(F)F)c(C(C)(C)C)c5)c(C(F)(F)F)c4)c(=O)c3cc2c1=O,2.96,6.0,6
1292,*N1C(=O)c2ccc(C(CF)(c3ccc4c(c3)C(=O)N(c3ccc(Oc5ccc(Oc6ccc(*)cc6)c6c5C5CCC6C5)cc3)C4=O)C(F)(F)F)cc2C1=O,2.68,4.0,2
1707,*c1ccc(Oc2ccc(C(=O)c3ccc(N4C(=O)c5ccc(-c6ccc7c(c6)C(=O)N(*)C7=O)cc5C4=O)cc3)cc2C)c(C(F)(F)F)c1,3.01,3.0,1
1623,*c1cccc(Oc2ccc(-n3c(=O)c4cc5c(=O)n(*)c(=O)c5cc4c3=O)cc2)c1,3.41,10.06,6
1124,*N1C(=O)c2ccc(-c3ccc4c(c3)C(=O)N(c3ccc(-c5ccc(/C(=C\c6ccccc6)c6ccc(-c7ccc(*)cc7)cc6)cc5)cc3)C4=O)cc2C1=O,2.63,4.93,4
316,*N1C(=O)c2ccc(Oc3ccc(C(C)(C)c4ccc(Oc5ccc6c(c5)C(=O)N(c5ccc(Oc7ccc(C(C)(C)c8ccc(Oc9ccc(*)cc9)cc8)cc7)cc5)C6=O)cc4)cc3)cc2C1=O,3.16,10.0,2
341,*N1C(=O)c2ccc(S(=O)(=O)c3ccc4c(c3)C(=O)N(c3ccc(Oc5ccc(S(=O)(=O)c6ccc(Oc7ccc(*)cc7)cc6)cc5)cc3)C4=O)cc2C1=O,3.4,10.0,2
311,*c1ccc(Oc2ccc(-n3c(=O)c4cc5c(=O)n(*)c(=O)c5cc4c3=O)cc2)cc1,3.45,10.0,6
1634,*N1C(=O)C2CC3C(=O)N(c4ccc(Oc5ccc(*)cc5)cc4)C(=O)C3CC2C1=O,2.96,9.94,9
1657,*N1C(=O)c2ccc(-c3ccc4c(c3)C(=O)N(c3ccc(Oc5ccc(Oc6ccc(*)cc6C(F)(F)F)c(C(C)(C)C)c5)c(C(F)(F)F)c3)C4=O)cc2C1=O,3.5,3.0,1
2173,*c1ccc(-c2cc(CS(C)(=O)=O)cc(-c3ccc(-n4c(=O)c5cc6c(=O)n(*)c(=O)c6cc5c4=O)cc3)c2)cc1,5.91,3.09,3
1756,*N1C(=O)c2ccc(-c3ccc4c(c3)C(=O)N(c3ccc(Oc5ccc(C6(c7ccc(Oc8ccc(*)cc8)cc7)c7ccccc7-c7ccccc76)cc5)cc3)C4=O)cc2C1=O,3.09,6.0,2
2327,*c1ccc(C2(C)CC(C)(C)c3ccc(N4C(=O)c5ccc6c7c(ccc(c57)C4=O)C(=O)N(*)C6=O)cc32)cc1,4.6,4.0,2
537,*c1ccc(Oc2ccc(-n3c(=O)c4cc5c(=O)n(*)c(=O)c5cc4c3=O)cc2)cc1,3.43,3.35,6
334,*c1ccc(Oc2ccc(N3C(=O)c4ccc(C(=O)c5ccc6c(c5)C(=O)N(*)C6=O)cc4C3=O)cc2)cc1,3.42,10.0,2
2326,*c1ccc(C2(C)CC(C)(C)c3ccc(-n4c(=O)c5cc6c(=O)n(*)c(=O)c6cc5c4=O)cc32)cc1,4.03,3.0,6
2054,*N1C(=O)c2ccc(-c3ccc4c(c3)C(=O)N(CCCN3CCN(CCC*)CC3)C4=O)cc2C1=O,2.54,6.0,5
1299,*c1ccc(Oc2ccc(Oc3ccc(N4C(=O)c5ccc(C(=O)c6ccc7c(c6)C(=O)N(*)C7=O)cc5C4=O)cc3)c3c2C2CCC3C2)cc1,3.24,6.0,2
810,*N1C(=O)c2ccc(C(c3ccc4c(c3)C(=O)N(c3ccc(-c5cc(-c6ccc(-c7ccccc7)cc6)cc(-c6ccc(*)cc6)n5)cc3)C4=O)(C(F)(F)F)C(F)(F)F)cc2C1=O,2.61,3.95,7
499,*N1C(=O)c2ccc(C(c3ccc4c(c3)C(=O)N(c3ccc(Oc5cc(-c6ccccc6)c(Oc6ccc(*)cc6)cc5-c5ccccc5)cc3)C4=O)(C(F)(F)F)C(F)(F)F)cc2C1=O,2.96,6.0,7
1245,*n1c(=O)c2cc3c(=O)n(-c4ccc(-c5ccc(/C(=C\c6ccccc6)c6ccc(-c7ccc(*)cc7)cc6)cc5)cc4)c(=O)c3cc2c1=O,2.68,4.64,3
1688,*c1ccc(Oc2ccc(Oc3ccc(N4C(=O)c5ccc(C(=O)c6ccc7c(c6)C(=O)N(*)C7=O)cc5C4=O)cc3)cc2C(C)(C)C)cc1,3.28,6.0,2
489,*c1ccc(Oc2cc(-c3ccccc3)c(Oc3ccc(N4C(=O)c5ccc(C(=O)c6ccc7c(c6)C(=O)N(*)C7=O)cc5C4=O)cc3C(F)(F)F)cc2-c2ccccc2)c(C(F)(F)F)c1,3.16,4.0,1
301,*N1C(=O)c2ccc(C(c3ccc4c(c3)C(=O)N(c3ccc(-c5ccc(*)cc5C(F)(F)F)c(C(F)(F)F)c3)C4=O)(C(F)(F)F)C(F)(F)F)cc2C1=O,2.68,10.0,8
373,*n1c(=O)c2cc3c(=O)n(-c4ccc(N(c5ccccc5)c5ccc(-n6c(=O)c7cc8c(=O)n(*)c(=O)c8cc7c6=O)cc5)cc4)c(=O)c3cc2c1=O,3.48,3.42,3
1775,*c1ccc(Oc2c(C)cc(Cc3cc(C)c(Oc4ccc(N5C(=O)c6ccc(-c7ccc8c(c7)C(=O)N(*)C8=O)cc6C5=O)cc4)c(C)c3)cc2C)cc1,3.15,3.0,2
2015,*N1C(=O)c2ccc(-c3ccc4c(c3)C(=O)N(CCCN3CCN(CCC*)CC3)C4=O)cc2C1=O,2.58,5.71,5
2000,*N1C(=O)c2ccc(-c3ccc4c(c3)C(=O)N(CCCN3CCN(CCC*)CC3)C4=O)cc2C1=O,2.59,5.52,5
686,*N1C(=O)c2ccc(C(c3ccc4c(c3)C(=O)N(c3cccc(-c5cc(-c6ccc(*)cc6)cc(C(c6ccccc6)(c6ccccc6)c6ccccc6)c5)c3)C4=O)(C(F)(F)F)C(F)(F)F)cc2C1=O,2.33,4.01,7
1335,*N1C(=O)c2ccc(C(O)c3ccc4c(c3)C(=O)N(c3ccc(Oc5ccc([C@]67C[C@H]8[C@@H]9C[C@@]%10(c%11ccc(Oc%12ccc(*)cc%12)cc%11)C[C@H]8[C@H](C6)[C@@H](C%10)[C@@H]9C7)cc5)cc3)C4=O)cc2C1=O,2.74,3.0,2
604,*N1C(=O)c2ccc(C(c3ccc4c(c3)C(=O)N(c3ccc(-c5ccc(-c6ccc(*)cc6)cc5)cc3)C4=O)(C(F)(F)F)C(F)(F)F)cc2C1=O,3.03,3.08,7
865,*N1C(=O)c2ccc(C(c3ccc4c(c3)C(=O)N(c3ccc(-c5cc(-c6ccc(-c7ccc(-c8ccccc8)cc7)cc6)cc(-c6ccc(*)cc6)n5)cc3)C4=O)(C(F)(F)F)C(F)(F)F)cc2C1=O,2.44,3.38,7
1241,*n1c(=O)c2cc3c(=O)n(-c4ccc(-c5ccc(/C(=C\c6ccccc6)c6ccc(-c7ccc(*)cc7)cc6)cc5)cc4)c(=O)c3cc2c1=O,2.69,4.43,3
1577,*N1C(=O)c2ccc(C(c3ccc4c(c3)C(=O)N(c3cc(*)cc(C(F)(F)F)c3)C4=O)(C(F)(F)F)C(F)(F)F)cc2C1=O,2.27,3.15,8
1607,*N1C(=O)c2ccc(C(c3ccc4c(c3)C(=O)N(c3cc(*)cc(C(F)(F)F)c3)C4=O)(C(F)(F)F)C(F)(F)F)cc2C1=O,2.25,5.84,8
1262,*c1ccc(Oc2ccc(Oc3ccc(N4C(=O)c5ccc(C(=O)OCC6(C)CCC(CCOC(=O)c7ccc8c(c7)C(=O)N(*)C8=O)C6(C)C)cc5C4=O)cc3)cc2)cc1,3.34,6.0,2
563,*c1ccc(Oc2ccc(-n3c(=O)c4cc5c(=O)n(*)c(=O)c5cc4c3=O)cc2)cc1,3.33,4.8,6
1321,*N1C(=O)c2ccc(Cc3ccc4c(c3)C(=O)N(c3ccc(Oc5ccc([C@]67C[C@@H]8C[C@@H](C[C@@](c9ccc(Oc%10ccc(*)cc%10)cc9)(C8)C6)C7)cc5)cc3)C4=O)cc2C1=O,2.91,3.0,2
1060,*N1C(=O)c2ccc(C(c3ccc4c(c3)C(=O)N(c3ccc(-c5ccc(/C(=C\c6ccccc6)c6ccc(-c7ccc(*)cc7)cc6)cc5)cc3)C4=O)(C(F)(F)F)C(F)(F)F)cc2C1=O,2.65,3.06,4
1757,*N1C(=O)c2ccc(S(=O)(=O)c3ccc4c(c3)C(=O)N(c3ccc(Oc5ccc(C6(c7ccc(Oc8ccc(*)cc8C(F)(F)F)cc7)c7ccccc7-c7ccccc76)cc5)c(C(F)(F)F)c3)C4=O)cc2C1=O,3.12,6.0,1
1923,*CCCN1CCN(CCCN2C(=O)c3ccc(C(=O)c4ccc5c(c4)C(=O)N(*)C5=O)cc3C2=O)CC1,3.85,6.0,5
144,*c1ccc(Cc2ccc(N3C(=O)c4ccc(Oc5ccc(C(C)(C)c6ccc(Oc7ccc8c(c7)C(=O)N(*)C8=O)cc6)cc5)cc4C3=O)cc2)cc1,3.11,6.0,2
397,*n1c(=O)c2cc3c(=O)n(-c4ccc(N(c5ccccc5)c5ccc(-n6c(=O)c7cc8c(=O)n(*)c(=O)c8cc7c6=O)cc5)cc4)c(=O)c3cc2c1=O,3.42,5.21,3
2244,*n1c(=O)c2cc3c(=O)n(-c4ccc(-c5cccc(-c6ccc(*)cc6)c5)cc4)c(=O)c3cc2c1=O,3.6,3.13,3
2018,*N1C(=O)c2ccc(-c3ccc4c(c3)C(=O)N(CCCN3CCN(CCC*)CC3)C4=O)cc2C1=O,2.57,5.74,5
430,*n1c(=O)c2cc3c(=O)n(-c4ccc(N(c5ccc(-c6ccc(-c7ccccc7)cc6)cc5)c5ccc(-n6c(=O)c7cc8c(=O)n(*)c(=O)c8cc7c6=O)cc5)cc4)c(=O)c3cc2c1=O,2.73,4.96,3
2217,*c1ccc(Oc2ccc(C(C)(C)c3ccc(OC4C=CC(N5C(=O)c6ccc(Oc7ccc(C(C)(C)c8ccc(Oc9ccc%10c(c9)C(=O)N(*)C%10=O)cc8)cc7)cc6C5=O)=CC4)cc3)cc2)cc1,2.32,6.0,2
1704,*c1ccc(Oc2ccc(Oc3ccc(N4C(=O)c5ccc(Oc6ccc7c(c6)C(=O)N(*)C7=O)cc5C4=O)cc3)cc2C(C)(C)C)cc1,3.35,7.6,2
242,*N1C(=O)c2ccc(Oc3ccc4c(c3)C(=O)N(c3c(F)c(*)c(C(F)(F)F)c(F)c3F)C4=O)cc2C1=O,2.87,3.0,2
1474,*N1C(=O)c2ccc(C(c3ccc4c(c3)C(=O)N(c3ccc(*)cc3)C4=O)(C(F)(F)F)C(F)(F)F)cc2C1=O,2.64,5.87,8
310,*N1C(=O)c2ccc(-c3ccc4c(c3)C(=O)N(c3ccc(Oc5ccc(C(C)(C)c6ccc(Oc7ccc(*)cc7)cc6)cc5)cc3)C4=O)cc2C1=O,3.17,10.0,2
1269,*n1c(=O)c2cc3c(=O)n(-c4ccc(Oc5ccc(Oc6ccc(*)cc6)c6c5C5CCC6C5)cc4)c(=O)c3cc2c1=O,3.22,3.0,6
429,*n1c(=O)c2cc3c(=O)n(-c4ccc(N(c5ccc(-c6ccc(-c7ccccc7)cc6)cc5)c5ccc(-n6c(=O)c7cc8c(=O)n(*)c(=O)c8cc7c6=O)cc5)cc4)c(=O)c3cc2c1=O,2.72,4.79,3
2201,*N1C(=O)c2ccc(-c3ccc4c(c3)C(=O)N(c3c(C)cc(C(c5ccc(C(C)C)cc5)c5cc(C)c(*)c(C)c5)cc3C)C4=O)cc2C1=O,2.86,7.0,2
1789,*n1c(=O)c2cc3c(=O)n(CCCN4CCN(CCC*)CC4)c(=O)c3cc2c1=O,4.85,5.41,0
1086,*N1C(=O)c2ccc(C(c3ccc4c(c3)C(=O)N(c3ccc(-c5ccc(/C(=C\c6ccccc6)c6ccc(-c7ccc(*)cc7)cc6)cc5)cc3)C4=O)(C(F)(F)F)C(F)(F)F)cc2C1=O,2.61,4.46,4
862,*N1C(=O)c2ccc(C(c3ccc4c(c3)C(=O)N(c3ccc(-c5cc(-c6ccc(-c7ccc(-c8ccccc8)cc7)cc6)cc(-c6ccc(*)cc6)n5)cc3)C4=O)(C(F)(F)F)C(F)(F)F)cc2C1=O,2.43,3.19,7
143,*c1ccc(Cc2ccc(N3C(=O)c4ccc(Oc5ccc(C(C)(C)c6ccc(Oc7ccc8c(c7)C(=O)N(*)C8=O)cc6)cc5)cc4C3=O)cc2)cc1,3.18,5.03,2
1612,*N1C(=O)c2ccc(Oc3ccc(C45CC6C7CC8(c9ccc(Oc%10ccc%11c(c%10)C(=O)N(c%10ccc(Oc%12ccc(C%13%14CC%15C%16CC%17(c%18ccc(Oc%19cccc(*)c%19)cc%18)CC%15C(C%13)C(C%17)C%16C%14)cc%12)cc%10)C%11=O)cc9)CC6C(C4)C(C8)C7C5)cc3)cc2C1=O,2.74,3.0,2
241,*N1C(=O)c2ccc(C(c3ccc4c(c3)C(=O)N(c3c(F)c(*)c(C(F)(F)F)c(F)c3F)C4=O)(C(F)(F)F)C(F)(F)F)cc2C1=O,2.68,3.0,8
211,*N1C(=O)c2ccc(C(c3ccc4c(c3)C(=O)N(c3ccc(C(c5ccc(*)cc5)(C(F)(F)F)C(F)(F)F)cc3)C4=O)(C(F)(F)F)C(F)(F)F)cc2C1=O,2.39,3.0,8
1683,*N1C(=O)c2ccc(-c3ccc4c(c3)C(=O)N(c3ccc(Oc5ccc(Oc6ccc(*)cc6C(F)(F)F)c(C(C)(C)C)c5)c(C(F)(F)F)c3)C4=O)cc2C1=O,3.35,6.0,1
171,*N1C(=O)c2ccc(C(c3ccc4c(c3)C(=O)N(c3ccc(Cc5ccc(*)cc5)cc3)C4=O)(C(F)(F)F)C(F)(F)F)cc2C1=O,2.81,5.03,8
2211,*N1C(=O)c2ccc(Oc3ccc4c(c3)C(=O)N(c3c(C)cc(C(c5ccc(C(C)C)cc5)c5cc(C)c(*)c(C)c5)cc3C)C4=O)cc2C1=O,2.37,8.7,2
1118,*N1C(=O)c2ccc(-c3ccc4c(c3)C(=O)N(c3ccc(-c5ccc(/C(=C\c6ccccc6)c6ccc(-c7ccc(*)cc7)cc6)cc5)cc3)C4=O)cc2C1=O,2.72,3.14,4
1784,*N1C(=O)c2ccc(C(c3ccc4c(c3)C(=O)N(c3ccc5c(c3)C3(c6cc(*)ccc6-5)C5CC6CC(C5)CC3C6)C4=O)(C(F)(F)F)C(F)(F)F)cc2C1=O,2.89,6.0,8
232,*N1C(=O)c2ccc(Oc3ccc4c(c3)C(=O)N(c3ccc(Oc5cc(Oc6ccc(*)cc6C(F)(F)F)cc6ccccc56)c(C(F)(F)F)c3)C4=O)cc2C1=O,2.84,6.0,1
1974,*N1C(=O)c2ccc(Oc3ccc4c(c3)C(=O)N(CCCN3CCN(CCC*)CC3)C4=O)cc2C1=O,2.68,5.91,5
1840,*n1c(=O)c2cc3c(=O)n(CCCN4CCN(CCC*)CC4)c(=O)c3cc2c1=O,4.78,5.95,0
877,*N1C(=O)c2ccc(C(c3ccc4c(c3)C(=O)N(c3ccc(-c5cc(-c6ccc(-c7ccc(-c8ccccc8)cc7)cc6)cc(-c6ccc(*)cc6)n5)cc3)C4=O)(C(F)(F)F)C(F)(F)F)cc2C1=O,2.44,4.14,7
5,*N1C(=O)c2ccc(C(c3ccc4c(c3)C(=O)N(c3ccc(Oc5ccc(C(c6ccc(Oc7ccc(*)cc7)cc6)(C(F)(F)F)C(F)(F)F)cc5)cc3)C4=O)(C(F)(F)F)C(F)(F)F)cc2C1=O,2.5,9.0,8
1116,*N1C(=O)c2ccc(-c3ccc4c(c3)C(=O)N(c3ccc(-c5ccc(/C(=C\c6ccccc6)c6ccc(-c7ccc(*)cc7)cc6)cc5)cc3)C4=O)cc2C1=O,2.73,3.03,4
421,*n1c(=O)c2cc3c(=O)n(-c4ccc(N(c5ccc(-c6ccc(-c7ccccc7)cc6)cc5)c5ccc(-n6c(=O)c7cc8c(=O)n(*)c(=O)c8cc7c6=O)cc5)cc4)c(=O)c3cc2c1=O,2.74,3.42,3
1653,*N1C(=O)c2ccc3c4c(ccc(c24)C1=O)C(=O)N(c1ccc(-c2cc(C(C)(C)C)c(Oc4ccc(*)cc4)c(C(C)(C)C)c2)c(Cl)c1)C3=O,3.1,3.0,2
925,*c1ccc(Oc2ccc(-n3c(=O)c4cc5c(=O)n(*)c(=O)c5cc4c3=O)cc2)cc1,3.49,3.1,6
1659,*N1C(=O)c2ccc(Oc3ccc4c(c3)C(=O)N(c3ccc(Oc5ccc(Oc6ccc(*)cc6C(F)(F)F)c(C(C)(C)C)c5)c(C(F)(F)F)c3)C4=O)cc2C1=O,3.49,3.0,1
1664,*c1ccc(Oc2ccc(Oc3ccc(N4C(=O)c5ccc(S(=O)(=O)c6ccc7c(c6)C(=O)N(*)C7=O)cc5C4=O)cc3)cc2C(C)(C)C)cc1,3.92,3.0,1
249,*n1c(=O)c2cc3c(=O)n(-c4ccc(C(c5ccc(*)cc5)(c5cccc(C(F)(F)F)c5)C(F)(F)F)cc4)c(=O)c3cc2c1=O,2.95,6.0,6
739,*N1C(=O)c2ccc(C(c3ccc4c(c3)C(=O)N(c3ccc(-c5cc(-c6ccccc6)cc(-c6ccc(*)cc6)n5)cc3)C4=O)(C(F)(F)F)C(F)(F)F)cc2C1=O,2.8,3.55,7
425,*n1c(=O)c2cc3c(=O)n(-c4ccc(N(c5ccc(-c6ccc(-c7ccccc7)cc6)cc5)c5ccc(-n6c(=O)c7cc8c(=O)n(*)c(=O)c8cc7c6=O)cc5)cc4)c(=O)c3cc2c1=O,2.73,4.1,3
1447,*N1C(=O)c2ccc(C(c3ccc4c(c3)C(=O)N(c3ccc(*)cc3)C4=O)(C(F)(F)F)C(F)(F)F)cc2C1=O,2.67,3.46,8
1636,*N1C(=O)C2CC3C(=O)N(c4ccc(Oc5ccc(C(C)(C)c6ccc(Oc7ccc(*)cc7)cc6)cc5)cc4)C(=O)C3CC2C1=O,2.95,9.25,9
1310,*N1C(=O)c2ccc(-c3ccc4c(c3)C(=O)N(c3ccc(Oc5ccc(Oc6ccc(*)cc6)c6c5C5CCC6C5)cc3)C4=O)cc2C1=O,2.96,7.6,2
1459,*N1C(=O)c2ccc(C(c3ccc4c(c3)C(=O)N(c3ccc(*)cc3)C4=O)(C(F)(F)F)C(F)(F)F)cc2C1=O,2.66,4.53,8
2318,*N1C(=O)c2ccc(Oc3ccc4c(c3)C(=O)N(c3ccc(C5(c6ccc(*)cc6)c6cc(O[Si](C)(C)C(C)(C)C)ccc6-c6ccc(O[Si](C)(C)C(C)(C)C)cc65)cc3)C4=O)cc2C1=O,2.72,6.0,2
1620,*c1cccc(Oc2ccc(-n3c(=O)c4cc5c(=O)n(*)c(=O)c5cc4c3=O)cc2)c1,3.44,9.82,6
2220,*c1ccc(-c2ccc(N3C(=O)c4ccc(-c5ccc6c(c5)C(=O)C(c5ccc(-c7ccc(-n8c(=O)c9cc%10c(=O)n(*)c(=O)c%10cc9c8=O)cc7C)c(C)c5)C6=O)cc4C3=O)cc2C)c(C)c1,3.24,6.0,3
391,*n1c(=O)c2cc3c(=O)n(-c4ccc(N(c5ccccc5)c5ccc(-n6c(=O)c7cc8c(=O)n(*)c(=O)c8cc7c6=O)cc5)cc4)c(=O)c3cc2c1=O,3.43,4.76,3
1528,*N1C(=O)c2ccc(C(c3ccc4c(c3)C(=O)N(c3cccc(*)c3)C4=O)(C(F)(F)F)C(F)(F)F)cc2C1=O,2.56,4.79,8
652,*N1C(=O)c2ccc(C(c3ccc4c(c3)C(=O)N(c3ccc(-c5ccc(-c6ccc(*)cc6)cc5)cc3)C4=O)(C(F)(F)F)C(F)(F)F)cc2C1=O,3.02,5.78,7
1642,*N1C(=O)C2CC3C(=O)N(c4ccc(Oc5ccc(C(c6ccc(Oc7ccc(*)cc7)cc6)(C(F)(F)F)C(F)(F)F)cc5)cc4)C(=O)C3CC2C1=O,2.86,9.24,9
1801,*n1c(=O)c2cc3c(=O)n(CCCN4CCN(CCC*)CC4)c(=O)c3cc2c1=O,4.83,5.61,0
55,*c1ccc(Oc2ccc(N3C(=O)c4ccc(C(=O)c5ccc6c(c5)C(=O)N(*)C6=O)cc4C3=O)cc2)cc1,3.28,7.99,2
1633,*N1C(=O)C2CC3C(=O)N(c4ccc(Oc5ccc(*)cc5)cc4)C(=O)C3CC2C1=O,2.98,9.84,9
1828,*n1c(=O)c2cc3c(=O)n(CCCN4CCN(CCC*)CC4)c(=O)c3cc2c1=O,4.79,5.87,0
713,*N1C(=O)c2ccc(C(c3ccc4c(c3)C(=O)N(c3ccc(C(c5ccc(C(C)(C)C)cc5)c5ccc(*)c(C(C)(C)C)c5)cc3C(C)(C)C)C4=O)(C(F)(F)F)C(F)(F)F)cc2C1=O,2.78,6.0,8
576,*c1ccc(Oc2ccc(-n3c(=O)c4cc5c(=O)n(*)c(=O)c5cc4c3=O)cc2)cc1,3.28,5.52,6
1186,*N1C(=O)c2ccc(C(=O)c3ccc4c(c3)C(=O)N(c3ccc(-c5ccc(/C(=C\c6ccccc6)c6ccc(-c7ccc(*)cc7)cc6)cc5)cc3)C4=O)cc2C1=O,2.75,4.26,4
1712,*c1ccc(Oc2ccc(C(=O)c3ccc(N4C(=O)c5ccc(-c6ccc7c(c6)C(=O)N(*)C7=O)cc5C4=O)cc3)cc2C)c(C(F)(F)F)c1,2.96,4.0,1
634,*N1C(=O)c2ccc(C(c3ccc4c(c3)C(=O)N(c3ccc(-c5ccc(-c6ccc(*)cc6)cc5)cc3)C4=O)(C(F)(F)F)C(F)(F)F)cc2C1=O,3.03,4.77,7
1128,*N1C(=O)c2ccc(-c3ccc4c(c3)C(=O)N(c3ccc(-c5ccc(/C(=C\c6ccccc6)c6ccc(-c7ccc(*)cc7)cc6)cc5)cc3)C4=O)cc2C1=O,2.65,4.72,4
510,*n1c(=O)c2cc3c(=O)n(-c4ccc(Oc5ccc(-c6ccc(-c7ccc(-c8ccc(Oc9ccc(*)cc9)c(C(F)(F)F)c8)cc7)cc6)cc5C(F)(F)F)cc4)c(=O)c3cc2c1=O,2.91,6.0,6
1717,*c1ccc(Oc2ccc(C(=O)c3ccc(N4C(=O)c5ccc(-c6ccc7c(c6)C(=O)N(*)C7=O)cc5C4=O)cc3)cc2C)c(C(F)(F)F)c1,2.86,6.0,1
1012,*c1ccc(Oc2ccc(-n3c(=O)c4cc5c(=O)n(*)c(=O)c5cc4c3=O)cc2)cc1,3.49,3.51,6
1285,*N1C(=O)c2ccc(C(=O)c3ccc4c(c3)C(=O)N(c3ccc(Oc5ccc(Oc6ccc(*)cc6)cc5)cc3)C4=O)cc2C1=O,3.36,4.0,2
199,*N1C(=O)c2ccc(C(C3C=C4C(=O)N(c5cccc(*)c5)C(=O)C4=CC3)(C(F)(F)F)C(F)(F)F)cc2C1=O,3.08,3.0,8
217,*n1c(=O)c2cc3c(=O)n(-c4ccc(Oc5cc(Oc6ccc(*)cc6C(F)(F)F)cc6ccccc56)c(C(F)(F)F)c4)c(=O)c3cc2c1=O,3.15,4.0,6
283,*N1C(=O)c2ccc(-c3ccc4c(c3)C(=O)N(c3ccc(-c5cc(C(F)(F)F)cc(C(F)(F)F)c5)c(*)c3)C4=O)cc2C1=O,3.05,3.0,8
671,*N1C(=O)c2ccc(C(c3ccc4c(c3)C(=O)N(c3ccc(-c5cc(-c6ccc(*)cc6)cc(C(c6ccccc6)(c6ccccc6)c6ccccc6)c5)cc3)C4=O)(C(F)(F)F)C(F)(F)F)cc2C1=O,2.41,5.13,7
938,*c1ccc(Oc2ccc(-n3c(=O)c4cc5c(=O)n(*)c(=O)c5cc4c3=O)cc2)cc1,3.49,3.88,6
649,*N1C(=O)c2ccc(C(c3ccc4c(c3)C(=O)N(c3ccc(-c5ccc(-c6ccc(*)cc6)cc5)cc3)C4=O)(C(F)(F)F)C(F)(F)F)cc2C1=O,3.02,5.62,7
269,*N1C(=O)c2ccc(C(c3ccc4c(c3)C(=O)N(c3ccc(Oc5ccc(C(c6ccc(Oc7ccc(*)cc7)cc6)(C(F)(F)F)C(F)(F)F)cc5)cc3)C4=O)(C(F)(F)F)C(F)(F)F)cc2C1=O,2.09,3.01,8
1768,*c1ccc(Oc2ccc(C3(c4ccc(Oc5ccc(N6C(=O)c7ccc(C(=O)c8ccc9c(c8)C(=O)N(*)C9=O)cc7C6=O)cc5)cc4)c4ccccc4-c4ccccc43)cc2)cc1,3.15,7.6,2
1673,*N1C(=O)c2ccc(C(c3ccc4c(c3)C(=O)N(c3ccc(Oc5ccc(Oc6ccc(*)cc6C(F)(F)F)c(C(C)(C)C)c5)c(C(F)(F)F)c3)C4=O)(C(F)(F)F)C(F)(F)F)cc2C1=O,2.91,4.0,1
330,*c1ccc(OC(=O)c2ccc(N3C(=O)c4ccc(-c5ccc6c(c5)C(=O)N(*)C6=O)cc4C3=O)cc2)cc1,3.44,10.0,2
504,*N1C(=O)c2ccc(S(=O)(=O)c3ccc4c(c3)C(=O)N(c3ccc(Oc5cc(-c6ccccc6)c(Oc6ccc(*)cc6C(F)(F)F)cc5-c5ccccc5)c(C(F)(F)F)c3)C4=O)cc2C1=O,3.16,6.0,1
250,*N1C(=O)c2ccc(C(c3ccc4c(c3)C(=O)N(c3ccc(C(c5ccc(*)cc5)(c5cccc(C(F)(F)F)c5)C(F)(F)F)cc3)C4=O)(C(F)(F)F)C(F)(F)F)cc2C1=O,2.71,6.0,8
227,*N1C(=O)c2ccc(C(c3ccc4c(c3)C(=O)N(c3ccc(Oc5cc(Oc6ccc(*)cc6)cc6ccccc56)cc3)C4=O)(C(F)(F)F)C(F)(F)F)cc2C1=O,3.08,4.0,8
277,*N1C(=O)c2ccc(-c3ccc4c(c3)C(=O)N(c3ccc(Oc5ccc(S(=O)(=O)c6ccc(Oc7ccc(*)cc7)c(-c7cc(C(F)(F)F)cc(C(F)(F)F)c7)c6)cc5-c5cc(C(F)(F)F)cc(C(F)(F)F)c5)cc3)C4=O)cc2C1=O,2.83,6.0,1
2185,*c1ccc(-c2cc(CCS(C)(=O)=O)cc(-c3ccc(-n4c(=O)c5cc6c(=O)n(*)c(=O)c6cc5c4=O)cc3)c2)cc1,6.44,3.02,3
1977,*N1C(=O)c2ccc(Oc3ccc4c(c3)C(=O)N(CCCN3CCN(CCC*)CC3)C4=O)cc2C1=O,2.67,5.93,5
883,*N1C(=O)c2ccc(C(c3ccc4c(c3)C(=O)N(c3ccc(-c5cc(-c6ccc(-c7ccc(-c8ccccc8)cc7)cc6)cc(-c6ccc(*)cc6)n5)cc3)C4=O)(C(F)(F)F)C(F)(F)F)cc2C1=O,2.44,4.52,7
2202,*N1C(=O)c2ccc(C(=O)c3ccc4c(c3)C(=O)N(c3c(C)cc(C(c5ccc(C(C)C)cc5)c5cc(C)c(*)c(C)c5)cc3C)C4=O)cc2C1=O,2.71,7.0,2
1638,*N1C(=O)C2CC3C(=O)N(c4ccc(Oc5ccc(C(C)(C)c6ccc(Oc7ccc(*)cc7)cc6)cc5)cc4)C(=O)C3CC2C1=O,2.9,9.73,9
128,*N1C(=O)c2ccc(Oc3ccc4c(c3)C(=O)N(c3ccc(Oc5ccc(C(c6ccc(Oc7ccc(*)cc7C(F)(F)F)cc6)(c6cc(C(F)(F)F)cc(C(F)(F)F)c6)C(F)(F)F)cc5)c(C(F)(F)F)c3)C4=O)cc2C1=O,2.55,3.0,1
2312,*c1ccc(-c2cc(CS(C)(=O)=O)cc(-c3ccc(-n4c(=O)c5cc6c(=O)n(*)c(=O)c6cc5c4=O)cc3)c2)cc1,5.25,5.86,3
1619,*c1cccc(Oc2ccc(-n3c(=O)c4cc5c(=O)n(*)c(=O)c5cc4c3=O)cc2)c1,3.52,9.68,6
1752,*N1C(=O)c2ccc(Oc3ccc4c(c3)C(=O)N(c3ccc(Oc5ccc(C6(c7ccc(Oc8ccc(*)cc8C(F)(F)F)cc7)c7ccccc7-c7ccccc76)cc5)c(C(F)(F)F)c3)C4=O)cc2C1=O,2.72,6.0,1
1682,*N1C(=O)c2ccc(C(=O)c3ccc4c(c3)C(=O)N(c3ccc(Oc5ccc(Oc6ccc(*)cc6C(F)(F)F)c(C(C)(C)C)c5)c(C(F)(F)F)c3)C4=O)cc2C1=O,3.14,6.0,1
1168,*N1C(=O)c2ccc(C(=O)c3ccc4c(c3)C(=O)N(c3ccc(-c5ccc(/C(=C\c6ccccc6)c6ccc(-c7ccc(*)cc7)cc6)cc5)cc3)C4=O)cc2C1=O,2.79,3.3,4
1336,*N1C(=O)c2ccc(Oc3ccc4c(c3)C(=O)N(c3ccc(Oc5ccc([C@]67C[C@H]8[C@@H]9C[C@@]%10(c%11ccc(Oc%12ccc(*)cc%12)cc%11)C[C@H]8[C@H](C6)[C@@H](C%10)[C@@H]9C7)cc5)cc3)C4=O)cc2C1=O,2.69,3.0,2
433,*n1c(=O)c2cc3c(=O)n(-c4ccc(N(c5ccc(-c6ccc(-c7ccccc7)cc6)cc5)c5ccc(-n6c(=O)c7cc8c(=O)n(*)c(=O)c8cc7c6=O)cc5)cc4)c(=O)c3cc2c1=O,2.72,5.48,3
631,*N1C(=O)c2ccc(C(c3ccc4c(c3)C(=O)N(c3ccc(-c5ccc(-c6ccc(*)cc6)cc5)cc3)C4=O)(C(F)(F)F)C(F)(F)F)cc2C1=O,3.03,4.6,7
1618,*c1cccc(Oc2ccc(-n3c(=O)c4cc5c(=O)n(*)c(=O)c5cc4c3=O)cc2)c1,3.44,9.51,6
2271,*n1c(=O)c2cc3c(=O)n(-c4ccc(-c5cccc(-c6ccc(*)cc6)c5)cc4)c(=O)c3cc2c1=O,3.56,4.7,3
382,*n1c(=O)c2cc3c(=O)n(-c4ccc(N(c5ccccc5)c5ccc(-n6c(=O)c7cc8c(=O)n(*)c(=O)c8cc7c6=O)cc5)cc4)c(=O)c3cc2c1=O,3.46,4.09,3
1677,*c1ccc(Oc2ccc(Oc3ccc(N4C(=O)c5ccc(S(=O)(=O)c6ccc7c(c6)C(=O)N(*)C7=O)cc5C4=O)cc3)cc2C(C)(C)C)cc1,3.88,4.0,1
127,*N1C(=O)c2ccc(C(=O)c3ccc4c(c3)C(=O)N(c3ccc(Oc5ccc(C(c6ccc(Oc7ccc(*)cc7C(F)(F)F)cc6)(c6cc(C(F)(F)F)cc(C(F)(F)F)c6)C(F)(F)F)cc5)c(C(F)(F)F)c3)C4=O)cc2C1=O,2.61,3.0,1
35,*N1C(=O)c2ccc(C(c3ccc4c(c3)C(=O)N(c3cccc(Oc5cccc(*)c5)c3)C4=O)(C(F)(F)F)C(F)(F)F)cc2C1=O,2.73,10.0,8
214,*c1ccc(Oc2ccc(-c3ccc(OC4=C=C=C(n5c(=O)c6cc7c(=O)n(*)c(=O)c7cc6c5=O)C=C4C(F)(F)F)c(C(F)(F)F)c3)cc2C(F)(F)F)c(C(F)(F)F)c1,2.68,6.0,6
2332,*c1ccc(C2(C)CC(C)(C)c3ccc(N4C(=O)c5ccc(C(c6ccc7c(c6)C(=O)N(*)C7=O)(C(F)(F)F)C(F)(F)F)cc5C4=O)cc32)cc1,2.63,6.0,8
1259,*c1ccc(Oc2ccc(Oc3ccc(N4C(=O)c5ccc(C(=O)OCC6(C)CCC(CCOC(=O)c7ccc8c(c7)C(=O)N(*)C8=O)C6(C)C)cc5C4=O)cc3)cc2)cc1,3.41,3.0,2
251,*c1ccc(C(c2ccc(N3C(=O)c4ccc(C(=O)c5ccc6c(c5)C(=O)N(*)C6=O)cc4C3=O)cc2)(c2cccc(C(F)(F)F)c2)C(F)(F)F)cc1,2.91,6.0,8
1388,*c1ccc(Oc2ccc(-n3c(=O)c4cc5c(=O)n(*)c(=O)c5cc4c3=O)cc2)cc1,3.47,4.34,6
1720,*c1ccc(Oc2ccc(C(=O)c3ccc(N4C(=O)c5ccc(C(c6ccc7c(c6)C(=O)N(*)C7=O)(C(F)(F)F)C(F)(F)F)cc5C4=O)cc3)cc2C)c(C(F)(F)F)c1,2.69,6.0,8
2177,*c1ccc(-c2cc(CS(C)(=O)=O)cc(-c3ccc(-n4c(=O)c5cc6c(=O)n(*)c(=O)c6cc5c4=O)cc3)c2)cc1,5.62,5.0,3
512,*N1C(=O)c2ccc(C(c3ccc4c(c3)C(=O)N(c3ccc(Oc5ccc(-c6ccc(-c7ccc(-c8ccc(Oc9ccc(*)cc9)c(C(F)(F)F)c8)cc7)cc6)cc5C(F)(F)F)cc3)C4=O)C(F)(F)F)cc2C1=O,2.74,6.0,1
1640,*N1C(=O)C2CC3C(=O)N(c4ccc(Oc5ccc(C(C)(C)c6ccc(Oc7ccc(*)cc7)cc6)cc5)cc4)C(=O)C3CC2C1=O,2.91,9.95,9
676,*N1C(=O)c2ccc(C(c3ccc4c(c3)C(=O)N(c3ccc(-c5cc(-c6ccc(*)cc6)cc(C(c6ccccc6)(c6ccccc6)c6ccccc6)c5)cc3)C4=O)(C(F)(F)F)C(F)(F)F)cc2C1=O,2.37,5.99,7
1294,*n1c(=O)c2cc3c(=O)n(-c4ccc(Oc5ccc(Oc6ccc(*)cc6)cc5)cc4)c(=O)c3cc2c1=O,3.37,6.0,6
2305,*c1ccc(-c2cc(CS(C)(=O)=O)cc(-c3ccc(-n4c(=O)c5cc6c(=O)n(*)c(=O)c6cc5c4=O)cc3)c2)cc1,5.72,4.28,3
1144,*N1C(=O)c2ccc(-c3ccc4c(c3)C(=O)N(c3ccc(-c5ccc(/C(=C\c6ccccc6)c6ccc(-c7ccc(*)cc7)cc6)cc5)cc3)C4=O)cc2C1=O,2.69,3.86,4
880,*N1C(=O)c2ccc(C(c3ccc4c(c3)C(=O)N(c3ccc(-c5cc(-c6ccc(-c7ccc(-c8ccccc8)cc7)cc6)cc(-c6ccc(*)cc6)n5)cc3)C4=O)(C(F)(F)F)C(F)(F)F)cc2C1=O,2.44,4.33,7
64,*c1ccc(Oc2ccc(N3C(=O)c4ccc(C(=O)c5ccc6c(c5)C(=O)N(*)C6=O)cc4C3=O)cc2)cc1,3.23,8.34,2
186,*N1C(=O)c2ccc(C(c3ccc4c(c3)C(=O)N(c3ccc(-c5ccc(*)cc5C(F)(F)F)c(C(F)(F)F)c3)C4=O)(C(F)(F)F)C(F)(F)F)cc2C1=O,2.82,4.0,8
1647,*N1C(=O)C2CC3C(=O)N(c4ccc(Oc5ccc(C(c6ccc(Oc7ccc(*)cc7)cc6)(C(F)(F)F)C(F)(F)F)cc5)cc4)C(=O)C3CC2C1=O,2.81,10.02,9
1738,*N1C(=O)c2ccc(S(=O)(=O)c3ccc4c(c3)C(=O)N(c3ccc(Oc5ccc(C6(c7ccc(Oc8ccc(*)cc8C(F)(F)F)cc7)c7ccccc7-c7ccccc76)cc5)c(C(F)(F)F)c3)C4=O)cc2C1=O,2.86,4.0,1
1697,*N1C(=O)c2ccc(S(=O)(=O)c3ccc4c(c3)C(=O)N(c3ccc(Oc5ccc(Oc6ccc(*)cc6C(F)(F)F)c(C(C)(C)C)c5)c(C(F)(F)F)c3)C4=O)cc2C1=O,3.23,7.6,1
981,*N1C(=O)c2ccc(C(c3ccc4c(c3)C(=O)N(c3ccc(N(c5ccc(*)cc5)c5ccc(-c6ccc(/C=C(\c7ccccc7)c7ccc(-c8ccc(C(F)(F)F)cc8)cc7)cc6)cc5)cc3)C4=O)(C(F)(F)F)C(F)(F)F)cc2C1=O,1.49,5.03,4
616,*N1C(=O)c2ccc(C(c3ccc4c(c3)C(=O)N(c3ccc(-c5ccc(-c6ccc(*)cc6)cc5)cc3)C4=O)(C(F)(F)F)C(F)(F)F)cc2C1=O,3.03,3.76,7
39,*N1C(=O)c2ccc(C(c3ccc4c(c3)C(=O)N(c3cccc(C(c5cccc(*)c5)(C(F)(F)F)C(F)(F)F)c3)C4=O)(C(F)(F)F)C(F)(F)F)cc2C1=O,2.39,10.0,8
131,*N1C(=O)c2ccc(C(=O)c3ccc4c(c3)C(=O)N(Oc3cc(C(C)(C)C)c(Oc5ccc(*)cc5)c(C(C)(C)C)c3)C4=O)cc2C1=O,2.92,3.0,2
1092,*N1C(=O)c2ccc(C(c3ccc4c(c3)C(=O)N(c3ccc(-c5ccc(/C(=C\c6ccccc6)c6ccc(-c7ccc(*)cc7)cc6)cc5)cc3)C4=O)(C(F)(F)F)C(F)(F)F)cc2C1=O,2.6,4.78,4
2187,*c1ccc(-c2cc(CCS(C)(=O)=O)cc(-c3ccc(-n4c(=O)c5cc6c(=O)n(*)c(=O)c6cc5c4=O)cc3)c2)cc1,6.43,3.1,3
1330,*N1C(=O)c2ccc(Oc3ccc4c(c3)C(=O)N(c3ccc([C@]56C[C@H]7[C@@H]8C[C@@]9(c%10ccc(*)cc%10)C[C@H]7[C@H](C5)[C@@H](C9)[C@@H]8C6)cc3)C4=O)cc2C1=O,2.68,3.0,2
435,*n1c(=O)c2cc3c(=O)n(-c4ccc(N(c5ccc(-c6ccc(-c7ccccc7)cc6)cc5)c5ccc(-n6c(=O)c7cc8c(=O)n(*)c(=O)c8cc7c6=O)cc5)cc4)c(=O)c3cc2c1=O,2.73,5.8,3
27,*N1C(=O)c2ccc(Oc3ccc(Oc4ccc5c(c4)C(=O)N(c4ccc(Oc6ccc(*)cc6)cc4)C5=O)cc3)cc2C1=O,3.02,10.0,2
2315,*c1ccc(-c2cc(CS(C)(=O)=O)cc(-c3ccc(-n4c(=O)c5cc6c(=O)n(*)c(=O)c6cc5c4=O)cc3)c2)cc1,5.8,3.41,3
