NO,freq,y_true,SMILES
1070,3.6,2.64,*N1C(=O)c2ccc(C(c3ccc4c(c3)C(=O)N(c3ccc(-c5ccc(/C(=C\c6ccccc6)c6ccc(-c7ccc(*)cc7)cc6)cc5)cc3)C4=O)(C(F)(F)F)C(F)(F)F)cc2C1=O
199,3.0,3.08,*N1C(=O)c2ccc(C(C3C=C4C(=O)N(c5cccc(*)c5)C(=O)C4=CC3)(C(F)(F)F)C(F)(F)F)cc2C1=O
137,3.0,3.05,*c1ccc(Oc2cc(C(C)(C)C)c(Oc3ccc(N4C(=O)c5ccc(-c6ccc7c(c6)C(=O)N(*)C7=O)cc5C4=O)cc3)cc2C(C)(C)C)cc1
1777,3.0,2.97,*c1ccc(Oc2c(C)cc(Cc3cc(C)c(Oc4ccc(N5C(=O)c6ccc(C(c7ccc8c(c7)C(=O)N(*)C8=O)(C(F)(F)F)C(F)(F)F)cc6C5=O)cc4)c(C)c3)cc2C)cc1
242,3.0,2.87,*N1C(=O)c2ccc(Oc3ccc4c(c3)C(=O)N(c3c(F)c(*)c(C(F)(F)F)c(F)c3F)C4=O)cc2C1=O
1217,3.07,2.7,*n1c(=O)c2cc3c(=O)n(-c4ccc(-c5ccc(/C(=C\c6ccccc6)c6ccc(-c7ccc(*)cc7)cc6)cc5)cc4)c(=O)c3cc2c1=O
419,3.08,2.75,*n1c(=O)c2cc3c(=O)n(-c4ccc(N(c5ccc(-c6ccc(-c7ccccc7)cc6)cc5)c5ccc(-n6c(=O)c7cc8c(=O)n(*)c(=O)c8cc7c6=O)cc5)cc4)c(=O)c3cc2c1=O
619,3.93,3.03,*N1C(=O)c2ccc(C(c3ccc4c(c3)C(=O)N(c3ccc(-c5ccc(-c6ccc(*)cc6)cc5)cc3)C4=O)(C(F)(F)F)C(F)(F)F)cc2C1=O
1659,3.0,3.49,*N1C(=O)c2ccc(Oc3ccc4c(c3)C(=O)N(c3ccc(Oc5ccc(Oc6ccc(*)cc6C(F)(F)F)c(C(C)(C)C)c5)c(C(F)(F)F)c3)C4=O)cc2C1=O
700,3.0,3.16,*N1C(=O)c2ccc(-c3ccc4c(c3)C(=O)N(c3ccc(C(c5ccc(C(C)(C)C)cc5)c5ccc(*)c(C(C)(C)C)c5)cc3C(C)(C)C)C4=O)cc2C1=O
1649,3.0,3.05,*N1C(=O)c2ccc(C(=O)c3ccc4c(c3)C(=O)N(c3ccc(-c5cc(C(C)(C)C)c(Oc6ccc(*)cc6)c(C(C)(C)C)c5)c(Cl)c3)C4=O)cc2C1=O
206,3.0,2.07,*N1C(=O)c2ccc(C(c3ccc4c(c3)C(=O)N(c3ccc(Oc5ccc(C(c6ccc(Oc7ccc(*)cc7)cc6)(C(F)(F)F)C(F)(F)F)cc5)cc3)C4=O)(c3c(F)c(F)c(F)c(F)c3F)C(F)(F)F)cc2C1=O
1335,3.0,2.74,*N1C(=O)c2ccc(C(O)c3ccc4c(c3)C(=O)N(c3ccc(Oc5ccc([C@]67C[C@H]8[C@@H]9C[C@@]%10(c%11ccc(Oc%12ccc(*)cc%12)cc%11)C[C@H]8[C@H](C6)[C@@H](C%10)[C@@H]9C7)cc5)cc3)C4=O)cc2C1=O
227,4.0,3.08,*N1C(=O)c2ccc(C(c3ccc4c(c3)C(=O)N(c3ccc(Oc5cc(Oc6ccc(*)cc6)cc6ccccc56)cc3)C4=O)(C(F)(F)F)C(F)(F)F)cc2C1=O
739,3.55,2.8,*N1C(=O)c2ccc(C(c3ccc4c(c3)C(=O)N(c3ccc(-c5cc(-c6ccccc6)cc(-c6ccc(*)cc6)n5)cc3)C4=O)(C(F)(F)F)C(F)(F)F)cc2C1=O
1272,3.0,3.36,*N1C(=O)c2ccc(C(=O)c3ccc4c(c3)C(=O)N(c3ccc(Oc5ccc(Oc6ccc(*)cc6)cc5)cc3)C4=O)cc2C1=O
1613,3.0,2.76,*N1C(=O)c2ccc(Oc3ccc(C45CC6C7CC8(c9ccc(Oc%10ccc%11c(c%10)C(=O)N(c%10ccc(Oc%12ccc(*)cc%12)cc%10)C%11=O)cc9)CC6C(C4)C(C8)C7C5)cc3)cc2C1=O
1326,3.0,2.86,*N1C(=O)c2ccc(-c3ccc4c(c3)C(=O)N(c3ccc(Oc5ccc([C@]67C[C@@H]8C[C@@H](C[C@@](c9ccc(Oc%10ccc(*)cc%10)cc9)(C8)C6)C7)cc5)cc3)C4=O)cc2C1=O
1781,3.0,2.86,*n1c(=O)c2cc3c(=O)n(-c4ccc(Oc5c(C)cc(C(c6cc(C)c(Oc7ccc(*)cc7)c(C)c6)c6cccc7ccccc67)cc5C)cc4)c(=O)c3cc2c1=O
481,4.0,3.31,*n1c(=O)c2cc3c(=O)n(-c4ccc(Oc5cc(-c6ccccc6)c(Oc6ccc(*)cc6)cc5-c5ccccc5)cc4)c(=O)c3cc2c1=O
131,3.0,2.92,*N1C(=O)c2ccc(C(=O)c3ccc4c(c3)C(=O)N(Oc3cc(C(C)(C)C)c(Oc5ccc(*)cc5)c(C(C)(C)C)c3)C4=O)cc2C1=O
1259,3.0,3.41,*c1ccc(Oc2ccc(Oc3ccc(N4C(=O)c5ccc(C(=O)OCC6(C)CCC(CCOC(=O)c7ccc8c(c7)C(=O)N(*)C8=O)C6(C)C)cc5C4=O)cc3)cc2)cc1
370,3.19,3.49,*n1c(=O)c2cc3c(=O)n(-c4ccc(N(c5ccccc5)c5ccc(-n6c(=O)c7cc8c(=O)n(*)c(=O)c8cc7c6=O)cc5)cc4)c(=O)c3cc2c1=O
1678,4.0,3.43,*c1ccc(Oc2ccc(Oc3ccc(N4C(=O)c5ccc(Oc6ccc7c(c6)C(=O)N(*)C7=O)cc5C4=O)cc3)cc2C(C)(C)C)cc1
2172,3.02,5.92,*c1ccc(-c2cc(CS(C)(=O)=O)cc(-c3ccc(-n4c(=O)c5cc6c(=O)n(*)c(=O)c6cc5c4=O)cc3)c2)cc1
1265,3.0,2.86,*N1C(=O)CC(C2C=C(C)C3C(=O)N(c4ccc(Cc5ccc(*)cc5)cc4)C(=O)C3C2)C1=O
1292,4.0,2.68,*N1C(=O)c2ccc(C(CF)(c3ccc4c(c3)C(=O)N(c3ccc(Oc5ccc(Oc6ccc(*)cc6)c6c5C5CCC6C5)cc3)C4=O)C(F)(F)F)cc2C1=O
1118,3.14,2.72,*N1C(=O)c2ccc(-c3ccc4c(c3)C(=O)N(c3ccc(-c5ccc(/C(=C\c6ccccc6)c6ccc(-c7ccc(*)cc7)cc6)cc5)cc3)C4=O)cc2C1=O
865,3.38,2.44,*N1C(=O)c2ccc(C(c3ccc4c(c3)C(=O)N(c3ccc(-c5cc(-c6ccc(-c7ccc(-c8ccccc8)cc7)cc6)cc(-c6ccc(*)cc6)n5)cc3)C4=O)(C(F)(F)F)C(F)(F)F)cc2C1=O
2327,4.0,4.6,*c1ccc(C2(C)CC(C)(C)c3ccc(N4C(=O)c5ccc6c7c(ccc(c57)C4=O)C(=O)N(*)C6=O)cc32)cc1
189,3.0,2.65,*c1ccc(Oc2ccc([C@]34CC5CC6C3C[C@H]3CC4[C@H](C5)[C@@]6(c4ccc(Oc5ccc(-n6c(=O)c7cc8c(=O)n(*)c(=O)c8cc7c6=O)cc5)cc4)C3)cc2)cc1
488,4.0,3.4,*N1C(=O)c2ccc(-c3ccc4c(c3)C(=O)N(c3ccc(Oc5cc(-c6ccccc6)c(Oc6ccc(*)cc6C(F)(F)F)cc5-c5ccccc5)c(C(F)(F)F)c3)C4=O)cc2C1=O
211,3.0,2.39,*N1C(=O)c2ccc(C(c3ccc4c(c3)C(=O)N(c3ccc(C(c5ccc(*)cc5)(C(F)(F)F)C(F)(F)F)cc3)C4=O)(C(F)(F)F)C(F)(F)F)cc2C1=O
2329,4.0,3.53,*c1ccc(C2(C)CC(C)(C)c3ccc(N4C(=O)c5ccc(Oc6ccc(C(C)(C)c7ccc(Oc8ccc9c(c8)C(=O)N(*)C9=O)cc7)cc6)cc5C4=O)cc32)cc1
938,3.88,3.49,*c1ccc(Oc2ccc(-n3c(=O)c4cc5c(=O)n(*)c(=O)c5cc4c3=O)cc2)cc1
604,3.08,3.03,*N1C(=O)c2ccc(C(c3ccc4c(c3)C(=O)N(c3ccc(-c5ccc(-c6ccc(*)cc6)cc5)cc3)C4=O)(C(F)(F)F)C(F)(F)F)cc2C1=O
275,3.0,2.85,*N1C(=O)c2ccc(Oc3ccc4c(c3)C(=O)N(c3ccc(Oc5ccc(S(=O)(=O)c6ccc(Oc7ccc(*)cc7)c(-c7cc(C(F)(F)F)cc(C(F)(F)F)c7)c6)cc5-c5cc(C(F)(F)F)cc(C(F)(F)F)c5)cc3)C4=O)cc2C1=O
176,3.08,2.74,*N1C(=O)c2ccc(C(c3ccc4c(c3)C(=O)N(c3ccc(Cc5ccc(*)c(C)c5)cc3C)C4=O)(C(F)(F)F)C(F)(F)F)cc2C1=O
1725,3.0,2.95,*N1C(=O)c2ccc(S(=O)(=O)c3ccc4c(c3)C(=O)N(c3ccc(Oc5ccc(C6(c7ccc(Oc8ccc(*)cc8C(F)(F)F)cc7)c7ccccc7-c7ccccc76)cc5)c(C(F)(F)F)c3)C4=O)cc2C1=O
1164,3.08,2.8,*N1C(=O)c2ccc(C(=O)c3ccc4c(c3)C(=O)N(c3ccc(-c5ccc(/C(=C\c6ccccc6)c6ccc(-c7ccc(*)cc7)cc6)cc5)cc3)C4=O)cc2C1=O
1447,3.46,2.67,*N1C(=O)c2ccc(C(c3ccc4c(c3)C(=O)N(c3ccc(*)cc3)C4=O)(C(F)(F)F)C(F)(F)F)cc2C1=O
2244,3.13,3.6,*n1c(=O)c2cc3c(=O)n(-c4ccc(-c5cccc(-c6ccc(*)cc6)c5)cc4)c(=O)c3cc2c1=O
194,3.0,2.64,*N1C(=O)c2ccc(Oc3ccc(Oc4cccc5c4C(=O)N(c4ccc(Oc6ccc([C@]78C[C@H]9CC%10C7CC7C[C@H]8C(C9)[C@@]%10(c8ccc(Oc9ccc(*)cc9)cc8)C7)cc6)cc4)C5=O)cc3)cc2C1=O
1712,4.0,2.96,*c1ccc(Oc2ccc(C(=O)c3ccc(N4C(=O)c5ccc(-c6ccc7c(c6)C(=O)N(*)C7=O)cc5C4=O)cc3)cc2C)c(C(F)(F)F)c1
489,4.0,3.16,*c1ccc(Oc2cc(-c3ccccc3)c(Oc3ccc(N4C(=O)c5ccc(C(=O)c6ccc7c(c6)C(=O)N(*)C7=O)cc5C4=O)cc3C(F)(F)F)cc2-c2ccccc2)c(C(F)(F)F)c1
2247,3.3,3.6,*n1c(=O)c2cc3c(=O)n(-c4ccc(-c5cccc(-c6ccc(*)cc6)c5)cc4)c(=O)c3cc2c1=O
469,3.0,3.66,*N1C(=O)c2ccc(-c3ccc4c(c3)C(=O)N(c3ccc(Oc5cc(-c6ccccc6)c(Oc6ccc(*)cc6)cc5-c5ccccc5)cc3)C4=O)cc2C1=O
241,3.0,2.68,*N1C(=O)c2ccc(C(c3ccc4c(c3)C(=O)N(c3c(F)c(*)c(C(F)(F)F)c(F)c3F)C4=O)(C(F)(F)F)C(F)(F)F)cc2C1=O
127,3.0,2.61,*N1C(=O)c2ccc(C(=O)c3ccc4c(c3)C(=O)N(c3ccc(Oc5ccc(C(c6ccc(Oc7ccc(*)cc7C(F)(F)F)cc6)(c6cc(C(F)(F)F)cc(C(F)(F)F)c6)C(F)(F)F)cc5)c(C(F)(F)F)c3)C4=O)cc2C1=O
217,4.0,3.15,*n1c(=O)c2cc3c(=O)n(-c4ccc(Oc5cc(Oc6ccc(*)cc6C(F)(F)F)cc6ccccc56)c(C(F)(F)F)c4)c(=O)c3cc2c1=O
1336,3.0,2.69,*N1C(=O)c2ccc(Oc3ccc4c(c3)C(=O)N(c3ccc(Oc5ccc([C@]67C[C@H]8[C@@H]9C[C@@]%10(c%11ccc(Oc%12ccc(*)cc%12)cc%11)C[C@H]8[C@H](C6)[C@@H](C%10)[C@@H]9C7)cc5)cc3)C4=O)cc2C1=O
1060,3.06,2.65,*N1C(=O)c2ccc(C(c3ccc4c(c3)C(=O)N(c3ccc(-c5ccc(/C(=C\c6ccccc6)c6ccc(-c7ccc(*)cc7)cc6)cc5)cc3)C4=O)(C(F)(F)F)C(F)(F)F)cc2C1=O
1673,4.0,2.91,*N1C(=O)c2ccc(C(c3ccc4c(c3)C(=O)N(c3ccc(Oc5ccc(Oc6ccc(*)cc6C(F)(F)F)c(C(C)(C)C)c5)c(C(F)(F)F)c3)C4=O)(C(F)(F)F)C(F)(F)F)cc2C1=O
1285,4.0,3.36,*N1C(=O)c2ccc(C(=O)c3ccc4c(c3)C(=O)N(c3ccc(Oc5ccc(Oc6ccc(*)cc6)cc5)cc3)C4=O)cc2C1=O
1168,3.3,2.79,*N1C(=O)c2ccc(C(=O)c3ccc4c(c3)C(=O)N(c3ccc(-c5ccc(/C(=C\c6ccccc6)c6ccc(-c7ccc(*)cc7)cc6)cc5)cc3)C4=O)cc2C1=O
2160,3.96,5.45,*c1ccc(-c2cc(-c3ccc(-n4c(=O)c5cc6c(=O)n(*)c(=O)c6cc5c4=O)cc3)cc(S(C)(=O)=O)c2)cc1
472,3.0,3.34,*N1C(=O)c2ccc(S(=O)(=O)c3ccc4c(c3)C(=O)N(c3ccc(Oc5cc(-c6ccccc6)c(Oc6ccc(*)cc6)cc5-c5ccccc5)cc3)C4=O)cc2C1=O
125,3.0,2.56,*N1C(=O)c2ccc(C(c3ccc4c(c3)C(=O)N(c3ccc(Oc5ccc(C(c6ccc(Oc7ccc(*)cc7C(F)(F)F)cc6)(c6cccc(C(F)(F)F)c6)C(F)(F)F)cc5)c(C(F)(F)F)c3)C4=O)(C(F)(F)F)C(F)(F)F)cc2C1=O
1677,4.0,3.88,*c1ccc(Oc2ccc(Oc3ccc(N4C(=O)c5ccc(S(=O)(=O)c6ccc7c(c6)C(=O)N(*)C7=O)cc5C4=O)cc3)cc2C(C)(C)C)cc1
420,3.26,2.74,*n1c(=O)c2cc3c(=O)n(-c4ccc(N(c5ccc(-c6ccc(-c7ccccc7)cc6)cc5)c5ccc(-n6c(=O)c7cc8c(=O)n(*)c(=O)c8cc7c6=O)cc5)cc4)c(=O)c3cc2c1=O
2161,3.99,5.45,*c1ccc(-c2cc(-c3ccc(-n4c(=O)c5cc6c(=O)n(*)c(=O)c6cc5c4=O)cc3)cc(S(C)(=O)=O)c2)cc1
1612,3.0,2.74,*N1C(=O)c2ccc(Oc3ccc(C45CC6C7CC8(c9ccc(Oc%10ccc%11c(c%10)C(=O)N(c%10ccc(Oc%12ccc(C%13%14CC%15C%16CC%17(c%18ccc(Oc%19cccc(*)c%19)cc%18)CC%15C(C%13)C(C%17)C%16C%14)cc%12)cc%10)C%11=O)cc9)CC6C(C4)C(C8)C7C5)cc3)cc2C1=O
421,3.42,2.74,*n1c(=O)c2cc3c(=O)n(-c4ccc(N(c5ccc(-c6ccc(-c7ccccc7)cc6)cc5)c5ccc(-n6c(=O)c7cc8c(=O)n(*)c(=O)c8cc7c6=O)cc5)cc4)c(=O)c3cc2c1=O
218,4.0,3.23,*N1C(=O)c2ccc(-c3ccc4c(c3)C(=O)N(c3ccc(Oc5cc(Oc6ccc(*)cc6C(F)(F)F)cc6ccccc56)c(C(F)(F)F)c3)C4=O)cc2C1=O
1664,3.0,3.92,*c1ccc(Oc2ccc(Oc3ccc(N4C(=O)c5ccc(S(=O)(=O)c6ccc7c(c6)C(=O)N(*)C7=O)cc5C4=O)cc3)cc2C(C)(C)C)cc1
373,3.42,3.48,*n1c(=O)c2cc3c(=O)n(-c4ccc(N(c5ccccc5)c5ccc(-n6c(=O)c7cc8c(=O)n(*)c(=O)c8cc7c6=O)cc5)cc4)c(=O)c3cc2c1=O
1324,3.0,2.87,*N1C(=O)c2ccc(Oc3ccc(Oc4ccc(Oc5ccc6c(c5)C(=O)N(c5ccc(Oc7ccc([C@]89C[C@@H]%10C[C@@H](C[C@@](c%11ccc(Oc%12ccc(*)cc%12)cc%11)(C%10)C8)C9)cc7)cc5)C6=O)cc4)cc3)cc2C1=O
685,3.06,2.5,*N1C(=O)c2ccc(C(c3ccc4c(c3)C(=O)N(c3cccc(-c5cc(-c6ccc(*)cc6)cc(C(c6ccccc6)(c6ccccc6)c6ccccc6)c5)c3)C4=O)(C(F)(F)F)C(F)(F)F)cc2C1=O
1724,3.0,2.88,*N1C(=O)c2ccc(-c3ccc4c(c3)C(=O)N(c3ccc(Oc5ccc(C6(c7ccc(Oc8ccc(*)cc8C(F)(F)F)cc7)c7ccccc7-c7ccccc76)cc5)c(C(F)(F)F)c3)C4=O)cc2C1=O
449,3.03,2.23,*n1c(=O)c2cc3c(=O)n(-c4ccc(N(c5ccc(-n6c(=O)c7cc8c(=O)n(*)c(=O)c8cc7c6=O)cc5)c5cccc(-c6ccc(-c7ccccc7)cc6)c5)cc4)c(=O)c3cc2c1=O
473,3.0,3.17,*N1C(=O)c2ccc(C(c3ccc4c(c3)C(=O)N(c3ccc(Oc5cc(-c6ccccc6)c(Oc6ccc(*)cc6)cc5-c5ccccc5)cc3)C4=O)(C(F)(F)F)C(F)(F)F)cc2C1=O
2187,3.1,6.43,*c1ccc(-c2cc(CCS(C)(=O)=O)cc(-c3ccc(-n4c(=O)c5cc6c(=O)n(*)c(=O)c6cc5c4=O)cc3)c2)cc1
1730,3.0,3.23,*N1C(=O)c2ccc(-c3ccc4c(c3)C(=O)N(c3ccc(Oc5ccc(C6(c7ccc(Oc8ccc(*)cc8)cc7)c7ccccc7-c7ccccc76)cc5)cc3)C4=O)cc2C1=O
1283,4.0,3.3,*N1C(=O)c2ccc(-c3ccc4c(c3)C(=O)N(c3ccc(Oc5ccc(Oc6ccc(*)cc6)cc5)cc3)C4=O)cc2C1=O
2173,3.09,5.91,*c1ccc(-c2cc(CS(C)(=O)=O)cc(-c3ccc(-n4c(=O)c5cc6c(=O)n(*)c(=O)c6cc5c4=O)cc3)c2)cc1
2325,3.0,3.55,*c1ccc(C2(C)CC(C)(C)c3ccc(N4C(=O)c5ccc(Oc6ccc(C(C)(C)c7ccc(Oc8ccc9c(c8)C(=O)N(*)C9=O)cc7)cc6)cc5C4=O)cc32)cc1
379,3.86,3.46,*n1c(=O)c2cc3c(=O)n(-c4ccc(N(c5ccccc5)c5ccc(-n6c(=O)c7cc8c(=O)n(*)c(=O)c8cc7c6=O)cc5)cc4)c(=O)c3cc2c1=O
451,3.25,2.22,*n1c(=O)c2cc3c(=O)n(-c4ccc(N(c5ccc(-n6c(=O)c7cc8c(=O)n(*)c(=O)c8cc7c6=O)cc5)c5cccc(-c6ccc(-c7ccccc7)cc6)c5)cc4)c(=O)c3cc2c1=O
2259,4.0,3.56,*n1c(=O)c2cc3c(=O)n(-c4ccc(-c5cccc(-c6ccc(*)cc6)c5)cc4)c(=O)c3cc2c1=O
141,3.0,3.25,*c1ccc(Cc2ccc(N3C(=O)c4ccc(Oc5ccc(C(C)(C)c6ccc(Oc7ccc8c(c7)C(=O)N(*)C8=O)cc6)cc5)cc4C3=O)cc2)cc1
283,3.0,3.05,*N1C(=O)c2ccc(-c3ccc4c(c3)C(=O)N(c3ccc(-c5cc(C(F)(F)F)cc(C(F)(F)F)c5)c(*)c3)C4=O)cc2C1=O
1660,3.0,2.98,*N1C(=O)c2ccc(C(c3ccc4c(c3)C(=O)N(c3ccc(Oc5ccc(Oc6ccc(*)cc6C(F)(F)F)c(C(C)(C)C)c5)c(C(F)(F)F)c3)C4=O)(C(F)(F)F)C(F)(F)F)cc2C1=O
129,3.0,2.49,*N1C(=O)c2ccc(C(c3ccc4c(c3)C(=O)N(c3ccc(Oc5ccc(C(c6ccc(Oc7ccc(*)cc7C(F)(F)F)cc6)(c6cc(C(F)(F)F)cc(C(F)(F)F)c6)C(F)(F)F)cc5)c(C(F)(F)F)c3)C4=O)(C(F)(F)F)C(F)(F)F)cc2C1=O
537,3.35,3.43,*c1ccc(Oc2ccc(-n3c(=O)c4cc5c(=O)n(*)c(=O)c5cc4c3=O)cc2)cc1
610,3.42,3.03,*N1C(=O)c2ccc(C(c3ccc4c(c3)C(=O)N(c3ccc(-c5ccc(-c6ccc(*)cc6)cc5)cc3)C4=O)(C(F)(F)F)C(F)(F)F)cc2C1=O
1775,3.0,3.15,*c1ccc(Oc2c(C)cc(Cc3cc(C)c(Oc4ccc(N5C(=O)c6ccc(-c7ccc8c(c7)C(=O)N(*)C8=O)cc6C5=O)cc4)c(C)c3)cc2C)cc1
1744,4.0,3.19,*N1C(=O)c2ccc(S(=O)(=O)c3ccc4c(c3)C(=O)N(c3ccc(Oc5ccc(C6(c7ccc(Oc8ccc(*)cc8C(F)(F)F)cc7)c7ccccc7-c7ccccc76)cc5)c(C(F)(F)F)c3)C4=O)cc2C1=O
1738,4.0,2.86,*N1C(=O)c2ccc(S(=O)(=O)c3ccc4c(c3)C(=O)N(c3ccc(Oc5ccc(C6(c7ccc(Oc8ccc(*)cc8C(F)(F)F)cc7)c7ccccc7-c7ccccc76)cc5)c(C(F)(F)F)c3)C4=O)cc2C1=O
2185,3.02,6.44,*c1ccc(-c2cc(CCS(C)(=O)=O)cc(-c3ccc(-n4c(=O)c5cc6c(=O)n(*)c(=O)c6cc5c4=O)cc3)c2)cc1
490,4.0,3.21,*N1C(=O)c2ccc(Oc3ccc4c(c3)C(=O)N(c3ccc(Oc5cc(-c6ccccc6)c(Oc6ccc(*)cc6C(F)(F)F)cc5-c5ccccc5)c(C(F)(F)F)c3)C4=O)cc2C1=O
1722,3.0,2.93,*c1ccc(Oc2ccc(C3(c4ccc(Oc5ccc(-n6c(=O)c7cc8c(=O)n(*)c(=O)c8cc7c6=O)cc5C(F)(F)F)cc4)c4ccccc4-c4ccccc43)cc2)c(C(F)(F)F)c1
269,3.01,2.09,*N1C(=O)c2ccc(C(c3ccc4c(c3)C(=O)N(c3ccc(Oc5ccc(C(c6ccc(Oc7ccc(*)cc7)cc6)(C(F)(F)F)C(F)(F)F)cc5)cc3)C4=O)(C(F)(F)F)C(F)(F)F)cc2C1=O
1268,3.0,3.46,*n1c(=O)c2cc3c(=O)n(-c4ccc(Oc5ccc(Oc6ccc(*)cc6)cc5)cc4)c(=O)c3cc2c1=O
1729,3.0,3.34,*c1ccc(Oc2ccc(C3(c4ccc(Oc5ccc(N6C(=O)c7ccc(C(=O)c8ccc9c(c8)C(=O)N(*)C9=O)cc7C6=O)cc5)cc4)c4ccccc4-c4ccccc43)cc2)cc1
706,4.0,3.07,*N1C(=O)c2ccc(Oc3ccc4c(c3)C(=O)N(c3ccc(C(c5ccc(C(C)(C)C)cc5)c5ccc(*)c(C(C)(C)C)c5)cc3C(C)(C)C)C4=O)cc2C1=O
1321,3.0,2.91,*N1C(=O)c2ccc(Cc3ccc4c(c3)C(=O)N(c3ccc(Oc5ccc([C@]67C[C@@H]8C[C@@H](C[C@@](c9ccc(Oc%10ccc(*)cc%10)cc9)(C8)C6)C7)cc5)cc3)C4=O)cc2C1=O
795,3.03,2.58,*N1C(=O)c2ccc(C(c3ccc4c(c3)C(=O)N(c3ccc(-c5cc(-c6ccc(-c7ccccc7)cc6)cc(-c6ccc(*)cc6)n5)cc3)C4=O)(C(F)(F)F)C(F)(F)F)cc2C1=O
142,4.0,3.22,*c1ccc(Cc2ccc(N3C(=O)c4ccc(Oc5ccc(C(C)(C)c6ccc(Oc7ccc8c(c7)C(=O)N(*)C8=O)cc6)cc5)cc4C3=O)cc2)cc1
862,3.19,2.43,*N1C(=O)c2ccc(C(c3ccc4c(c3)C(=O)N(c3ccc(-c5cc(-c6ccc(-c7ccc(-c8ccccc8)cc7)cc6)cc(-c6ccc(*)cc6)n5)cc3)C4=O)(C(F)(F)F)C(F)(F)F)cc2C1=O
186,4.0,2.82,*N1C(=O)c2ccc(C(c3ccc4c(c3)C(=O)N(c3ccc(-c5ccc(*)cc5C(F)(F)F)c(C(F)(F)F)c3)C4=O)(C(F)(F)F)C(F)(F)F)cc2C1=O
1269,3.0,3.22,*n1c(=O)c2cc3c(=O)n(-c4ccc(Oc5ccc(Oc6ccc(*)cc6)c6c5C5CCC6C5)cc4)c(=O)c3cc2c1=O
1745,4.0,3.12,*N1C(=O)c2ccc(Oc3ccc4c(c3)C(=O)N(c3ccc(Oc5ccc(C6(c7ccc(Oc8ccc(*)cc8)cc7)c7ccccc7-c7ccccc76)cc5)cc3)C4=O)cc2C1=O
2315,3.41,5.8,*c1ccc(-c2cc(CS(C)(=O)=O)cc(-c3ccc(-n4c(=O)c5cc6c(=O)n(*)c(=O)c6cc5c4=O)cc3)c2)cc1
1284,4.0,2.97,*N1C(=O)c2ccc(-c3ccc4c(c3)C(=O)N(c3ccc(Oc5ccc(Oc6ccc(*)cc6)c6c5C5CCC6C5)cc3)C4=O)cc2C1=O
745,3.93,2.81,*N1C(=O)c2ccc(C(c3ccc4c(c3)C(=O)N(c3ccc(-c5cc(-c6ccccc6)cc(-c6ccc(*)cc6)n5)cc3)C4=O)(C(F)(F)F)C(F)(F)F)cc2C1=O
1012,3.51,3.49,*c1ccc(Oc2ccc(-n3c(=O)c4cc5c(=O)n(*)c(=O)c5cc4c3=O)cc2)cc1
1330,3.0,2.68,*N1C(=O)c2ccc(Oc3ccc4c(c3)C(=O)N(c3ccc([C@]56C[C@H]7[C@@H]8C[C@@]9(c%10ccc(*)cc%10)C[C@H]7[C@H](C5)[C@@H](C9)[C@@H]8C6)cc3)C4=O)cc2C1=O
2326,3.0,4.03,*c1ccc(C2(C)CC(C)(C)c3ccc(-n4c(=O)c5cc6c(=O)n(*)c(=O)c6cc5c4=O)cc32)cc1
1710,3.0,2.84,*c1ccc(Oc2ccc(C(=O)c3ccc(N4C(=O)c5ccc(C(c6ccc7c(c6)C(=O)N(*)C7=O)(C(F)(F)F)C(F)(F)F)cc5C4=O)cc3)cc2C)c(C(F)(F)F)c1
1172,3.51,2.78,*N1C(=O)c2ccc(C(=O)c3ccc4c(c3)C(=O)N(c3ccc(-c5ccc(/C(=C\c6ccccc6)c6ccc(-c7ccc(*)cc7)cc6)cc5)cc3)C4=O)cc2C1=O
1658,3.0,3.4,*N1C(=O)c2ccc(S(=O)(=O)c3ccc4c(c3)C(=O)N(c3ccc(Oc5ccc(Oc6ccc(*)cc6C(F)(F)F)c(C(C)(C)C)c5)c(C(F)(F)F)c3)C4=O)cc2C1=O
1320,3.0,2.85,*c1ccc(Oc2ccc([C@@]34C[C@H]5C[C@@H](C3)C[C@@](c3ccc(Oc6ccc(-n7c(=O)c8cc9c(=O)n(*)c(=O)c9cc8c7=O)cc6)cc3)(C5)C4)cc2)cc1
1675,4.0,3.34,*c1ccc(Oc2ccc(Oc3ccc(N4C(=O)c5ccc(C(=O)c6ccc7c(c6)C(=O)N(*)C7=O)cc5C4=O)cc3)cc2C(C)(C)C)cc1
155,3.08,3.41,*c1ccc(Cc2ccc(N3C(=O)c4ccc(C(=O)c5ccc6c(c5)C(=O)N(*)C6=O)cc4C3=O)cc2)cc1
1779,3.0,2.84,*N1C(=O)c2ccc(C(=O)c3ccc4c(c3)C(=O)N(c3c(C)cc(C(c5cc(C)c(*)c(C)c5)c5cccc6ccccc56)cc3C)C4=O)cc2C1=O
422,3.6,2.74,*n1c(=O)c2cc3c(=O)n(-c4ccc(N(c5ccc(-c6ccc(-c7ccccc7)cc6)cc5)c5ccc(-n6c(=O)c7cc8c(=O)n(*)c(=O)c8cc7c6=O)cc5)cc4)c(=O)c3cc2c1=O
1334,3.0,2.66,*c1ccc(Oc2ccc([C@]34C[C@H]5[C@@H]6C[C@@]7(c8ccc(Oc9ccc(N%10C(=O)c%11ccc(C(=O)N(*)C=O)cc%11C%10=O)cc9)cc8)C[C@@H]([C@@H]6C3)[C@@H](C4)[C@@H]5C7)cc2)cc1
148,3.0,3.0,*c1ccc(Cc2ccc(N3C(=O)c4ccc(Oc5ccc(C(C)(C)c6ccc(Oc7ccc8c(c7)C(=O)N(*)C8=O)cc6)cc5)cc4C3=O)c(C)c2)cc1C
1670,4.0,3.46,*N1C(=O)c2ccc(-c3ccc4c(c3)C(=O)N(c3ccc(Oc5ccc(Oc6ccc(*)cc6C(F)(F)F)c(C(C)(C)C)c5)c(C(F)(F)F)c3)C4=O)cc2C1=O
484,4.0,3.17,*N1C(=O)c2ccc(Oc3ccc4c(c3)C(=O)N(c3ccc(Oc5cc(-c6ccccc6)c(Oc6ccc(*)cc6)cc5-c5ccccc5)cc3)C4=O)cc2C1=O
1707,3.0,3.01,*c1ccc(Oc2ccc(C(=O)c3ccc(N4C(=O)c5ccc(-c6ccc7c(c6)C(=O)N(*)C7=O)cc5C4=O)cc3)cc2C)c(C(F)(F)F)c1
616,3.76,3.03,*N1C(=O)c2ccc(C(c3ccc4c(c3)C(=O)N(c3ccc(-c5ccc(-c6ccc(*)cc6)cc5)cc3)C4=O)(C(F)(F)F)C(F)(F)F)cc2C1=O
195,3.0,2.63,*N1C(=O)c2ccc(-c3ccc4c(c3)C(=O)N(c3ccc(Oc5ccc([C@]67C[C@H]8CC9C6CC6C[C@H]7C(C8)[C@@]9(c7ccc(Oc8ccc(*)cc8)cc7)C6)cc5)cc3)C4=O)cc2C1=O
202,3.0,2.46,*c1c(C)c(C)c(N2C(=O)C3=CCC(C(c4ccc5c(c4)C(=O)N(*)C5=O)(C(F)(F)F)C(F)(F)F)C=C3C2=O)c(C)c1C
977,3.02,1.53,*N1C(=O)c2ccc(C(c3ccc4c(c3)C(=O)N(c3ccc(N(c5ccc(*)cc5)c5ccc(-c6ccc(/C=C(\c7ccccc7)c7ccc(-c8ccc(C(F)(F)F)cc8)cc7)cc6)cc5)cc3)C4=O)(C(F)(F)F)C(F)(F)F)cc2C1=O
1178,3.83,2.77,*N1C(=O)c2ccc(C(=O)c3ccc4c(c3)C(=O)N(c3ccc(-c5ccc(/C(=C\c6ccccc6)c6ccc(-c7ccc(*)cc7)cc6)cc5)cc3)C4=O)cc2C1=O
1074,3.81,2.63,*N1C(=O)c2ccc(C(c3ccc4c(c3)C(=O)N(c3ccc(-c5ccc(/C(=C\c6ccccc6)c6ccc(-c7ccc(*)cc7)cc6)cc5)cc3)C4=O)(C(F)(F)F)C(F)(F)F)cc2C1=O
1657,3.0,3.5,*N1C(=O)c2ccc(-c3ccc4c(c3)C(=O)N(c3ccc(Oc5ccc(Oc6ccc(*)cc6C(F)(F)F)c(C(C)(C)C)c5)c(C(F)(F)F)c3)C4=O)cc2C1=O
925,3.1,3.49,*c1ccc(Oc2ccc(-n3c(=O)c4cc5c(=O)n(*)c(=O)c5cc4c3=O)cc2)cc1
1728,3.0,3.29,*c1ccc(Oc2ccc(C3(c4ccc(Oc5ccc(-n6c(=O)c7cc8c(=O)n(*)c(=O)c8cc7c6=O)cc5)cc4)c4ccccc4-c4ccccc43)cc2)cc1
1144,3.86,2.69,*N1C(=O)c2ccc(-c3ccc4c(c3)C(=O)N(c3ccc(-c5ccc(/C(=C\c6ccccc6)c6ccc(-c7ccc(*)cc7)cc6)cc5)cc3)C4=O)cc2C1=O
264,3.0,2.79,*N1C(=O)C2=CC=C(C(c3ccc4c(c3)C(=O)N(c3ccc(Oc5ccc(*)cc5)cc3)C4=O)(C(F)(F)F)C(F)(F)F)CC2C1=O
491,4.0,3.21,*N1C(=O)c2ccc(S(=O)(=O)c3ccc4c(c3)C(=O)N(c3ccc(Oc5cc(-c6ccccc6)c(Oc6ccc(*)cc6C(F)(F)F)cc5-c5ccccc5)c(C(F)(F)F)c3)C4=O)cc2C1=O
810,3.95,2.61,*N1C(=O)c2ccc(C(c3ccc4c(c3)C(=O)N(c3ccc(-c5cc(-c6ccc(-c7ccccc7)cc6)cc(-c6ccc(*)cc6)n5)cc3)C4=O)(C(F)(F)F)C(F)(F)F)cc2C1=O
128,3.0,2.55,*N1C(=O)c2ccc(Oc3ccc4c(c3)C(=O)N(c3ccc(Oc5ccc(C(c6ccc(Oc7ccc(*)cc7C(F)(F)F)cc6)(c6cc(C(F)(F)F)cc(C(F)(F)F)c6)C(F)(F)F)cc5)c(C(F)(F)F)c3)C4=O)cc2C1=O
1653,3.0,3.1,*N1C(=O)c2ccc3c4c(ccc(c24)C1=O)C(=O)N(c1ccc(-c2cc(C(C)(C)C)c(Oc4ccc(*)cc4)c(C(C)(C)C)c2)c(Cl)c1)C3=O
1513,3.44,2.57,*N1C(=O)c2ccc(C(c3ccc4c(c3)C(=O)N(c3cccc(*)c3)C4=O)(C(F)(F)F)C(F)(F)F)cc2C1=O
132,3.0,2.88,*N1C(=O)c2ccc(Oc3ccc4c(c3)C(=O)N(Oc3cc(C(C)(C)C)c(Oc5ccc(*)cc5)c(C(C)(C)C)c3)C4=O)cc2C1=O
1116,3.03,2.73,*N1C(=O)c2ccc(-c3ccc4c(c3)C(=O)N(c3ccc(-c5ccc(/C(=C\c6ccccc6)c6ccc(-c7ccc(*)cc7)cc6)cc5)cc3)C4=O)cc2C1=O
483,4.0,3.42,*c1ccc(Oc2cc(-c3ccccc3)c(Oc3ccc(N4C(=O)c5ccc(C(=O)c6ccc7c(c6)C(=O)N(*)C7=O)cc5C4=O)cc3)cc2-c2ccccc2)cc1
424,3.93,2.73,*n1c(=O)c2cc3c(=O)n(-c4ccc(N(c5ccc(-c6ccc(-c7ccccc7)cc6)cc5)c5ccc(-n6c(=O)c7cc8c(=O)n(*)c(=O)c8cc7c6=O)cc5)cc4)c(=O)c3cc2c1=O
1679,4.0,2.92,*c1ccc(Oc2ccc(Oc3ccc(N4C(=O)c5ccc(C(c6ccc7c(c6)C(=O)N(*)C7=O)(C(F)(F)F)C(F)(F)F)cc5C4=O)cc3)cc2C(C)(C)C)cc1
1577,3.15,2.27,*N1C(=O)c2ccc(C(c3ccc4c(c3)C(=O)N(c3cc(*)cc(C(F)(F)F)c3)C4=O)(C(F)(F)F)C(F)(F)F)cc2C1=O
1180,3.94,2.76,*N1C(=O)c2ccc(C(=O)c3ccc4c(c3)C(=O)N(c3ccc(-c5ccc(/C(=C\c6ccccc6)c6ccc(-c7ccc(*)cc7)cc6)cc5)cc3)C4=O)cc2C1=O
177,4.01,2.73,*N1C(=O)c2ccc(C(c3ccc4c(c3)C(=O)N(c3ccc(Cc5ccc(*)c(C)c5)cc3C)C4=O)(C(F)(F)F)C(F)(F)F)cc2C1=O
1858,4.44,4.93,*n1c(=O)c2cc3c(=O)n(CCCN4CCN(CCC*)CC4)c(=O)c3cc2c1=O
625,4.27,3.03,*N1C(=O)c2ccc(C(c3ccc4c(c3)C(=O)N(c3ccc(-c5ccc(-c6ccc(*)cc6)cc5)cc3)C4=O)(C(F)(F)F)C(F)(F)F)cc2C1=O
149,4.03,2.99,*c1ccc(Cc2ccc(N3C(=O)c4ccc(Oc5ccc(C(C)(C)c6ccc(Oc7ccc8c(c7)C(=O)N(*)C8=O)cc6)cc5)cc4C3=O)c(C)c2)cc1C
751,4.31,2.81,*N1C(=O)c2ccc(C(c3ccc4c(c3)C(=O)N(c3ccc(-c5cc(-c6ccccc6)cc(-c6ccc(*)cc6)n5)cc3)C4=O)(C(F)(F)F)C(F)(F)F)cc2C1=O
2305,4.28,5.72,*c1ccc(-c2cc(CS(C)(=O)=O)cc(-c3ccc(-n4c(=O)c5cc6c(=O)n(*)c(=O)c6cc5c4=O)cc3)c2)cc1
426,4.27,2.73,*n1c(=O)c2cc3c(=O)n(-c4ccc(N(c5ccc(-c6ccc(-c7ccccc7)cc6)cc5)c5ccc(-n6c(=O)c7cc8c(=O)n(*)c(=O)c8cc7c6=O)cc5)cc4)c(=O)c3cc2c1=O
880,4.33,2.44,*N1C(=O)c2ccc(C(c3ccc4c(c3)C(=O)N(c3ccc(-c5cc(-c6ccc(-c7ccc(-c8ccccc8)cc7)cc6)cc(-c6ccc(*)cc6)n5)cc3)C4=O)(C(F)(F)F)C(F)(F)F)cc2C1=O
456,4.07,2.21,*n1c(=O)c2cc3c(=O)n(-c4ccc(N(c5ccc(-n6c(=O)c7cc8c(=O)n(*)c(=O)c8cc7c6=O)cc5)c5cccc(-c6ccc(-c7ccccc7)cc6)c5)cc4)c(=O)c3cc2c1=O
1239,4.32,2.69,*n1c(=O)c2cc3c(=O)n(-c4ccc(-c5ccc(/C(=C\c6ccccc6)c6ccc(-c7ccc(*)cc7)cc6)cc5)cc4)c(=O)c3cc2c1=O
2175,4.01,5.81,*c1ccc(-c2cc(CS(C)(=O)=O)cc(-c3ccc(-n4c(=O)c5cc6c(=O)n(*)c(=O)c6cc5c4=O)cc3)c2)cc1
816,4.33,2.61,*N1C(=O)c2ccc(C(c3ccc4c(c3)C(=O)N(c3ccc(-c5cc(-c6ccc(-c7ccccc7)cc6)cc(-c6ccc(*)cc6)n5)cc3)C4=O)(C(F)(F)F)C(F)(F)F)cc2C1=O
425,4.1,2.73,*n1c(=O)c2cc3c(=O)n(-c4ccc(N(c5ccc(-c6ccc(-c7ccccc7)cc6)cc5)c5ccc(-n6c(=O)c7cc8c(=O)n(*)c(=O)c8cc7c6=O)cc5)cc4)c(=O)c3cc2c1=O
1136,4.29,2.67,*N1C(=O)c2ccc(-c3ccc4c(c3)C(=O)N(c3ccc(-c5ccc(/C(=C\c6ccccc6)c6ccc(-c7ccc(*)cc7)cc6)cc5)cc3)C4=O)cc2C1=O
265,4.01,2.76,*N1C(=O)C2=CC=C(C(c3ccc4c(c3)C(=O)N(c3ccc(Oc5ccc(*)cc5)cc3)C4=O)(C(F)(F)F)C(F)(F)F)CC2C1=O
686,4.01,2.33,*N1C(=O)c2ccc(C(c3ccc4c(c3)C(=O)N(c3cccc(-c5cc(-c6ccc(*)cc6)cc(C(c6ccccc6)(c6ccccc6)c6ccccc6)c5)c3)C4=O)(C(F)(F)F)C(F)(F)F)cc2C1=O
1388,4.34,3.47,*c1ccc(Oc2ccc(-n3c(=O)c4cc5c(=O)n(*)c(=O)c5cc4c3=O)cc2)cc1
1186,4.26,2.75,*N1C(=O)c2ccc(C(=O)c3ccc4c(c3)C(=O)N(c3ccc(-c5ccc(/C(=C\c6ccccc6)c6ccc(-c7ccc(*)cc7)cc6)cc5)cc3)C4=O)cc2C1=O
877,4.14,2.44,*N1C(=O)c2ccc(C(c3ccc4c(c3)C(=O)N(c3ccc(-c5cc(-c6ccc(-c7ccc(-c8ccccc8)cc7)cc6)cc(-c6ccc(*)cc6)n5)cc3)C4=O)(C(F)(F)F)C(F)(F)F)cc2C1=O
1080,4.14,2.63,*N1C(=O)c2ccc(C(c3ccc4c(c3)C(=O)N(c3ccc(-c5ccc(/C(=C\c6ccccc6)c6ccc(-c7ccc(*)cc7)cc6)cc5)cc3)C4=O)(C(F)(F)F)C(F)(F)F)cc2C1=O
2268,4.52,3.56,*n1c(=O)c2cc3c(=O)n(-c4ccc(-c5cccc(-c6ccc(*)cc6)c5)cc4)c(=O)c3cc2c1=O
550,4.07,3.38,*c1ccc(Oc2ccc(-n3c(=O)c4cc5c(=O)n(*)c(=O)c5cc4c3=O)cc2)cc1
883,4.52,2.44,*N1C(=O)c2ccc(C(c3ccc4c(c3)C(=O)N(c3ccc(-c5cc(-c6ccc(-c7ccc(-c8ccccc8)cc7)cc6)cc(-c6ccc(*)cc6)n5)cc3)C4=O)(C(F)(F)F)C(F)(F)F)cc2C1=O
1134,4.4,2.66,*N1C(=O)c2ccc(-c3ccc4c(c3)C(=O)N(c3ccc(-c5ccc(/C(=C\c6ccccc6)c6ccc(-c7ccc(*)cc7)cc6)cc5)cc3)C4=O)cc2C1=O
1589,4.22,2.27,*N1C(=O)c2ccc(C(c3ccc4c(c3)C(=O)N(c3cc(*)cc(C(F)(F)F)c3)C4=O)(C(F)(F)F)C(F)(F)F)cc2C1=O
382,4.09,3.46,*n1c(=O)c2cc3c(=O)n(-c4ccc(N(c5ccccc5)c5ccc(-n6c(=O)c7cc8c(=O)n(*)c(=O)c8cc7c6=O)cc5)cc4)c(=O)c3cc2c1=O
1241,4.43,2.69,*n1c(=O)c2cc3c(=O)n(-c4ccc(-c5ccc(/C(=C\c6ccccc6)c6ccc(-c7ccc(*)cc7)cc6)cc5)cc4)c(=O)c3cc2c1=O
1086,4.46,2.61,*N1C(=O)c2ccc(C(c3ccc4c(c3)C(=O)N(c3ccc(-c5ccc(/C(=C\c6ccccc6)c6ccc(-c7ccc(*)cc7)cc6)cc5)cc3)C4=O)(C(F)(F)F)C(F)(F)F)cc2C1=O
813,4.14,2.61,*N1C(=O)c2ccc(C(c3ccc4c(c3)C(=O)N(c3ccc(-c5cc(-c6ccc(-c7ccccc7)cc6)cc(-c6ccc(*)cc6)n5)cc3)C4=O)(C(F)(F)F)C(F)(F)F)cc2C1=O
2274,4.87,3.56,*n1c(=O)c2cc3c(=O)n(-c4ccc(-c5cccc(-c6ccc(*)cc6)c5)cc4)c(=O)c3cc2c1=O
433,5.48,2.72,*n1c(=O)c2cc3c(=O)n(-c4ccc(N(c5ccc(-c6ccc(-c7ccccc7)cc6)cc5)c5ccc(-n6c(=O)c7cc8c(=O)n(*)c(=O)c8cc7c6=O)cc5)cc4)c(=O)c3cc2c1=O
1401,5.5,3.43,*c1ccc(Oc2ccc(-n3c(=O)c4cc5c(=O)n(*)c(=O)c5cc4c3=O)cc2)cc1
1792,5.47,4.84,*n1c(=O)c2cc3c(=O)n(CCCN4CCN(CCC*)CC4)c(=O)c3cc2c1=O
898,5.47,2.44,*N1C(=O)c2ccc(C(c3ccc4c(c3)C(=O)N(c3ccc(-c5cc(-c6ccc(-c7ccc(-c8ccccc8)cc7)cc6)cc(-c6ccc(*)cc6)n5)cc3)C4=O)(C(F)(F)F)C(F)(F)F)cc2C1=O
397,5.21,3.42,*n1c(=O)c2cc3c(=O)n(-c4ccc(N(c5ccccc5)c5ccc(-n6c(=O)c7cc8c(=O)n(*)c(=O)c8cc7c6=O)cc5)cc4)c(=O)c3cc2c1=O
1798,5.57,4.84,*n1c(=O)c2cc3c(=O)n(CCCN4CCN(CCC*)CC4)c(=O)c3cc2c1=O
1094,4.89,2.6,*N1C(=O)c2ccc(C(c3ccc4c(c3)C(=O)N(c3ccc(-c5ccc(/C(=C\c6ccccc6)c6ccc(-c7ccc(*)cc7)cc6)cc5)cc3)C4=O)(C(F)(F)F)C(F)(F)F)cc2C1=O
1096,4.99,2.59,*N1C(=O)c2ccc(C(c3ccc4c(c3)C(=O)N(c3ccc(-c5ccc(/C(=C\c6ccccc6)c6ccc(-c7ccc(*)cc7)cc6)cc5)cc3)C4=O)(C(F)(F)F)C(F)(F)F)cc2C1=O
432,5.29,2.72,*n1c(=O)c2cc3c(=O)n(-c4ccc(N(c5ccc(-c6ccc(-c7ccccc7)cc6)cc5)c5ccc(-n6c(=O)c7cc8c(=O)n(*)c(=O)c8cc7c6=O)cc5)cc4)c(=O)c3cc2c1=O
834,5.47,2.61,*N1C(=O)c2ccc(C(c3ccc4c(c3)C(=O)N(c3ccc(-c5cc(-c6ccc(-c7ccccc7)cc6)cc(-c6ccc(*)cc6)n5)cc3)C4=O)(C(F)(F)F)C(F)(F)F)cc2C1=O
1245,4.64,2.68,*n1c(=O)c2cc3c(=O)n(-c4ccc(-c5ccc(/C(=C\c6ccccc6)c6ccc(-c7ccc(*)cc7)cc6)cc5)cc4)c(=O)c3cc2c1=O
1604,5.57,2.25,*N1C(=O)c2ccc(C(c3ccc4c(c3)C(=O)N(c3cc(*)cc(C(F)(F)F)c3)C4=O)(C(F)(F)F)C(F)(F)F)cc2C1=O
2000,5.52,2.59,*N1C(=O)c2ccc(-c3ccc4c(c3)C(=O)N(CCCN3CCN(CCC*)CC3)C4=O)cc2C1=O
2271,4.7,3.56,*n1c(=O)c2cc3c(=O)n(-c4ccc(-c5cccc(-c6ccc(*)cc6)c5)cc4)c(=O)c3cc2c1=O
1092,4.78,2.6,*N1C(=O)c2ccc(C(c3ccc4c(c3)C(=O)N(c3ccc(-c5ccc(/C(=C\c6ccccc6)c6ccc(-c7ccc(*)cc7)cc6)cc5)cc3)C4=O)(C(F)(F)F)C(F)(F)F)cc2C1=O
631,4.6,3.03,*N1C(=O)c2ccc(C(c3ccc4c(c3)C(=O)N(c3ccc(-c5ccc(-c6ccc(*)cc6)cc5)cc3)C4=O)(C(F)(F)F)C(F)(F)F)cc2C1=O
1128,4.72,2.65,*N1C(=O)c2ccc(-c3ccc4c(c3)C(=O)N(c3ccc(-c5ccc(/C(=C\c6ccccc6)c6ccc(-c7ccc(*)cc7)cc6)cc5)cc3)C4=O)cc2C1=O
2177,5.0,5.62,*c1ccc(-c2cc(CS(C)(=O)=O)cc(-c3ccc(-n4c(=O)c5cc6c(=O)n(*)c(=O)c6cc5c4=O)cc3)c2)cc1
1196,4.79,2.72,*N1C(=O)c2ccc(C(=O)c3ccc4c(c3)C(=O)N(c3ccc(-c5ccc(/C(=C\c6ccccc6)c6ccc(-c7ccc(*)cc7)cc6)cc5)cc3)C4=O)cc2C1=O
394,4.99,3.43,*n1c(=O)c2cc3c(=O)n(-c4ccc(N(c5ccccc5)c5ccc(-n6c(=O)c7cc8c(=O)n(*)c(=O)c8cc7c6=O)cc5)cc4)c(=O)c3cc2c1=O
2151,5.0,6.0,*N1C(=O)c2ccc(-c3ccc4c(c3)C(=O)N(c3ccc5c(c3)OCCOCCOc3cc(*)ccc3OCCOCCO5)C4=O)cc2C1=O
1932,5.47,2.87,*N1C(=O)c2ccc(Oc3ccc4c(c3)C(=O)N(CCCN3CCN(CCC*)CC3)C4=O)cc2C1=O
1991,5.34,2.59,*N1C(=O)c2ccc(-c3ccc4c(c3)C(=O)N(CCCN3CCN(CCC*)CC3)C4=O)cc2C1=O
895,5.28,2.44,*N1C(=O)c2ccc(C(c3ccc4c(c3)C(=O)N(c3ccc(-c5cc(-c6ccc(-c7ccc(-c8ccccc8)cc7)cc6)cc(-c6ccc(*)cc6)n5)cc3)C4=O)(C(F)(F)F)C(F)(F)F)cc2C1=O
766,5.26,2.81,*N1C(=O)c2ccc(C(c3ccc4c(c3)C(=O)N(c3ccc(-c5cc(-c6ccccc6)cc(-c6ccc(*)cc6)n5)cc3)C4=O)(C(F)(F)F)C(F)(F)F)cc2C1=O
388,4.54,3.44,*n1c(=O)c2cc3c(=O)n(-c4ccc(N(c5ccccc5)c5ccc(-n6c(=O)c7cc8c(=O)n(*)c(=O)c8cc7c6=O)cc5)cc4)c(=O)c3cc2c1=O
171,5.03,2.81,*N1C(=O)c2ccc(C(c3ccc4c(c3)C(=O)N(c3ccc(Cc5ccc(*)cc5)cc3)C4=O)(C(F)(F)F)C(F)(F)F)cc2C1=O
576,5.52,3.28,*c1ccc(Oc2ccc(-n3c(=O)c4cc5c(=O)n(*)c(=O)c5cc4c3=O)cc2)cc1
2165,5.05,5.36,*c1ccc(-c2cc(-c3ccc(-n4c(=O)c5cc6c(=O)n(*)c(=O)c6cc5c4=O)cc3)cc(S(C)(=O)=O)c2)cc1
643,5.28,3.02,*N1C(=O)c2ccc(C(c3ccc4c(c3)C(=O)N(c3ccc(-c5ccc(-c6ccc(*)cc6)cc5)cc3)C4=O)(C(F)(F)F)C(F)(F)F)cc2C1=O
1795,5.52,4.84,*n1c(=O)c2cc3c(=O)n(CCCN4CCN(CCC*)CC4)c(=O)c3cc2c1=O
671,5.13,2.41,*N1C(=O)c2ccc(C(c3ccc4c(c3)C(=O)N(c3ccc(-c5cc(-c6ccc(*)cc6)cc(C(c6ccccc6)(c6ccccc6)c6ccccc6)c5)cc3)C4=O)(C(F)(F)F)C(F)(F)F)cc2C1=O
430,4.96,2.73,*n1c(=O)c2cc3c(=O)n(-c4ccc(N(c5ccc(-c6ccc(-c7ccccc7)cc6)cc5)c5ccc(-n6c(=O)c7cc8c(=O)n(*)c(=O)c8cc7c6=O)cc5)cc4)c(=O)c3cc2c1=O
391,4.76,3.43,*n1c(=O)c2cc3c(=O)n(-c4ccc(N(c5ccccc5)c5ccc(-n6c(=O)c7cc8c(=O)n(*)c(=O)c8cc7c6=O)cc5)cc4)c(=O)c3cc2c1=O
2311,5.07,5.55,*c1ccc(-c2cc(CS(C)(=O)=O)cc(-c3ccc(-n4c(=O)c5cc6c(=O)n(*)c(=O)c6cc5c4=O)cc3)c2)cc1
1935,5.52,2.85,*N1C(=O)c2ccc(Oc3ccc4c(c3)C(=O)N(CCCN3CCN(CCC*)CC3)C4=O)cc2C1=O
757,4.69,2.81,*N1C(=O)c2ccc(C(c3ccc4c(c3)C(=O)N(c3ccc(-c5cc(-c6ccccc6)cc(-c6ccc(*)cc6)n5)cc3)C4=O)(C(F)(F)F)C(F)(F)F)cc2C1=O
2006,5.6,2.59,*N1C(=O)c2ccc(-c3ccc4c(c3)C(=O)N(CCCN3CCN(CCC*)CC3)C4=O)cc2C1=O
1528,4.79,2.56,*N1C(=O)c2ccc(C(c3ccc4c(c3)C(=O)N(c3cccc(*)c3)C4=O)(C(F)(F)F)C(F)(F)F)cc2C1=O
1789,5.41,4.85,*n1c(=O)c2cc3c(=O)n(CCCN4CCN(CCC*)CC4)c(=O)c3cc2c1=O
981,5.03,1.49,*N1C(=O)c2ccc(C(c3ccc4c(c3)C(=O)N(c3ccc(N(c5ccc(*)cc5)c5ccc(-c6ccc(/C=C(\c7ccccc7)c7ccc(-c8ccc(C(F)(F)F)cc8)cc7)cc6)cc5)cc3)C4=O)(C(F)(F)F)C(F)(F)F)cc2C1=O
143,5.03,3.18,*c1ccc(Cc2ccc(N3C(=O)c4ccc(Oc5ccc(C(C)(C)c6ccc(Oc7ccc8c(c7)C(=O)N(*)C8=O)cc6)cc5)cc4C3=O)cc2)cc1
1459,4.53,2.66,*N1C(=O)c2ccc(C(c3ccc4c(c3)C(=O)N(c3ccc(*)cc3)C4=O)(C(F)(F)F)C(F)(F)F)cc2C1=O
634,4.77,3.03,*N1C(=O)c2ccc(C(c3ccc4c(c3)C(=O)N(c3ccc(-c5ccc(-c6ccc(*)cc6)cc5)cc3)C4=O)(C(F)(F)F)C(F)(F)F)cc2C1=O
694,5.09,2.18,*N1C(=O)c2ccc(C(c3ccc4c(c3)C(=O)N(c3cccc(-c5cc(-c6ccc(*)cc6)cc(C(c6ccccc6)(c6ccccc6)c6ccccc6)c5)c3)C4=O)(C(F)(F)F)C(F)(F)F)cc2C1=O
1468,5.34,2.65,*N1C(=O)c2ccc(C(c3ccc4c(c3)C(=O)N(c3ccc(*)cc3)C4=O)(C(F)(F)F)C(F)(F)F)cc2C1=O
464,5.39,2.2,*n1c(=O)c2cc3c(=O)n(-c4ccc(N(c5ccc(-n6c(=O)c7cc8c(=O)n(*)c(=O)c8cc7c6=O)cc5)c5cccc(-c6ccc(-c7ccccc7)cc6)c5)cc4)c(=O)c3cc2c1=O
563,4.8,3.33,*c1ccc(Oc2ccc(-n3c(=O)c4cc5c(=O)n(*)c(=O)c5cc4c3=O)cc2)cc1
463,5.21,2.2,*n1c(=O)c2cc3c(=O)n(-c4ccc(N(c5ccc(-n6c(=O)c7cc8c(=O)n(*)c(=O)c8cc7c6=O)cc5)c5cccc(-c6ccc(-c7ccccc7)cc6)c5)cc4)c(=O)c3cc2c1=O
1247,4.75,2.68,*n1c(=O)c2cc3c(=O)n(-c4ccc(-c5ccc(/C(=C\c6ccccc6)c6ccc(-c7ccc(*)cc7)cc6)cc5)cc4)c(=O)c3cc2c1=O
1124,4.93,2.63,*N1C(=O)c2ccc(-c3ccc4c(c3)C(=O)N(c3ccc(-c5ccc(/C(=C\c6ccccc6)c6ccc(-c7ccc(*)cc7)cc6)cc5)cc3)C4=O)cc2C1=O
763,5.07,2.81,*N1C(=O)c2ccc(C(c3ccc4c(c3)C(=O)N(c3ccc(-c5cc(-c6ccccc6)cc(-c6ccc(*)cc6)n5)cc3)C4=O)(C(F)(F)F)C(F)(F)F)cc2C1=O
429,4.79,2.72,*n1c(=O)c2cc3c(=O)n(-c4ccc(N(c5ccc(-c6ccc(-c7ccccc7)cc6)cc5)c5ccc(-n6c(=O)c7cc8c(=O)n(*)c(=O)c8cc7c6=O)cc5)cc4)c(=O)c3cc2c1=O
1786,5.35,4.85,*n1c(=O)c2cc3c(=O)n(CCCN4CCN(CCC*)CC4)c(=O)c3cc2c1=O
693,4.96,2.2,*N1C(=O)c2ccc(C(c3ccc4c(c3)C(=O)N(c3cccc(-c5cc(-c6ccc(*)cc6)cc(C(c6ccccc6)(c6ccccc6)c6ccccc6)c5)c3)C4=O)(C(F)(F)F)C(F)(F)F)cc2C1=O
1684,6.0,3.23,*N1C(=O)c2ccc(S(=O)(=O)c3ccc4c(c3)C(=O)N(c3ccc(Oc5ccc(Oc6ccc(*)cc6C(F)(F)F)c(C(C)(C)C)c5)c(C(F)(F)F)c3)C4=O)cc2C1=O
232,6.0,2.84,*N1C(=O)c2ccc(Oc3ccc4c(c3)C(=O)N(c3ccc(Oc5cc(Oc6ccc(*)cc6C(F)(F)F)cc6ccccc56)c(C(F)(F)F)c3)C4=O)cc2C1=O
2194,5.94,5.87,*c1ccc(-c2cc(CCS(C)(=O)=O)cc(-c3ccc(-n4c(=O)c5cc6c(=O)n(*)c(=O)c6cc5c4=O)cc3)c2)cc1
1719,6.0,2.78,*c1ccc(Oc2ccc(C(=O)c3ccc(N4C(=O)c5ccc(C(=O)c6ccc7c(c6)C(=O)N(*)C7=O)cc5C4=O)cc3)cc2C)c(C(F)(F)F)c1
151,6.0,2.94,*c1ccc(Cc2ccc(N3C(=O)c4ccc(Oc5ccc(C(C)(C)c6ccc(Oc7ccc8c(c7)C(=O)N(*)C8=O)cc6)cc5)cc4C3=O)c(C)c2)cc1C
1914,5.94,3.86,*CCCN1CCN(CCCN2C(=O)c3ccc(C(=O)c4ccc5c(c4)C(=O)N(*)C5=O)cc3C2=O)CC1
214,6.0,2.68,*c1ccc(Oc2ccc(-c3ccc(OC4=C=C=C(n5c(=O)c6cc7c(=O)n(*)c(=O)c7cc6c5=O)C=C4C(F)(F)F)c(C(F)(F)F)c3)cc2C(F)(F)F)c(C(F)(F)F)c1
2220,6.0,3.24,*c1ccc(-c2ccc(N3C(=O)c4ccc(-c5ccc6c(c5)C(=O)C(c5ccc(-c7ccc(-n8c(=O)c9cc%10c(=O)n(*)c(=O)c%10cc9c8=O)cc7C)c(C)c5)C6=O)cc4C3=O)cc2C)c(C)c1
1681,6.0,2.96,*n1c(=O)c2cc3c(=O)n(-c4ccc(Oc5ccc(Oc6ccc(*)cc6C(F)(F)F)c(C(C)(C)C)c5)c(C(F)(F)F)c4)c(=O)c3cc2c1=O
2219,6.0,2.62,*N1C(=O)c2ccc(Oc3ccc(C(C)(C)c4ccc(Oc5ccc6c(c5)C(=O)N(c5ccc(Oc7ccc(C(C)(C)c8ccc(Oc9ccc(-n%10c(=O)c%11cc%12c(=O)n(-c%13ccc(Oc%14ccc(C(CCC)(CCC)c%15ccc(Oc%16ccc(*)cc%16)cc%15)cc%14)cc%13)c(=O)c%12cc%11c%10=O)cc9)cc8)cc7)cc5)C6=O)cc4)cc3)cc2C1=O
1965,5.85,2.71,*N1C(=O)c2ccc(Oc3ccc4c(c3)C(=O)N(CCCN3CCN(CCC*)CC3)C4=O)cc2C1=O
1757,6.0,3.12,*N1C(=O)c2ccc(S(=O)(=O)c3ccc4c(c3)C(=O)N(c3ccc(Oc5ccc(C6(c7ccc(Oc8ccc(*)cc8C(F)(F)F)cc7)c7ccccc7-c7ccccc76)cc5)c(C(F)(F)F)c3)C4=O)cc2C1=O
250,6.0,2.71,*N1C(=O)c2ccc(C(c3ccc4c(c3)C(=O)N(c3ccc(C(c5ccc(*)cc5)(c5cccc(C(F)(F)F)c5)C(F)(F)F)cc3)C4=O)(C(F)(F)F)C(F)(F)F)cc2C1=O
2015,5.71,2.58,*N1C(=O)c2ccc(-c3ccc4c(c3)C(=O)N(CCCN3CCN(CCC*)CC3)C4=O)cc2C1=O
1682,6.0,3.14,*N1C(=O)c2ccc(C(=O)c3ccc4c(c3)C(=O)N(c3ccc(Oc5ccc(Oc6ccc(*)cc6C(F)(F)F)c(C(C)(C)C)c5)c(C(F)(F)F)c3)C4=O)cc2C1=O
499,6.0,2.96,*N1C(=O)c2ccc(C(c3ccc4c(c3)C(=O)N(c3ccc(Oc5cc(-c6ccccc6)c(Oc6ccc(*)cc6)cc5-c5ccccc5)cc3)C4=O)(C(F)(F)F)C(F)(F)F)cc2C1=O
244,6.0,2.68,*c1ccc(Oc2c(C)cc(C(C)(C)c3cc(C)c(Oc4c(F)c(F)c(-c5c(F)c(F)c(Oc6c(C)cc(C(C)(C)c7cc(C)c(Oc8ccc(N9C(=O)c%10ccc(Oc%11ccc%12c(c%11)C(=O)N(*)C%12=O)cc%10C9=O)cc8)c(C)c7)cc6C)c(F)c5F)c(F)c4F)c(C)c3)cc2C)cc1
2051,5.98,2.55,*N1C(=O)c2ccc(-c3ccc4c(c3)C(=O)N(CCCN3CCN(CCC*)CC3)C4=O)cc2C1=O
837,5.66,2.62,*N1C(=O)c2ccc(C(c3ccc4c(c3)C(=O)N(c3ccc(-c5cc(-c6ccc(-c7ccccc7)cc6)cc(-c6ccc(*)cc6)n5)cc3)C4=O)(C(F)(F)F)C(F)(F)F)cc2C1=O
236,6.0,3.44,*N1C(=O)c2ccc(C(=O)c3ccc4c(c3)C(=O)N(c3ccc(Oc5cc(Oc6ccc(*)cc6)cc6ccccc56)cc3)C4=O)cc2C1=O
2054,6.0,2.54,*N1C(=O)c2ccc(-c3ccc4c(c3)C(=O)N(CCCN3CCN(CCC*)CC3)C4=O)cc2C1=O
1689,6.0,3.39,*c1ccc(Oc2ccc(Oc3ccc(N4C(=O)c5ccc(-c6ccc7c(c6)C(=O)N(*)C7=O)cc5C4=O)cc3)cc2C(C)(C)C)cc1
1801,5.61,4.83,*n1c(=O)c2cc3c(=O)n(CCCN4CCN(CCC*)CC4)c(=O)c3cc2c1=O
2332,6.0,2.63,*c1ccc(C2(C)CC(C)(C)c3ccc(N4C(=O)c5ccc(C(c6ccc7c(c6)C(=O)N(*)C7=O)(C(F)(F)F)C(F)(F)F)cc5C4=O)cc32)cc1
215,6.0,2.65,*N1C(=O)c2ccc(-c3ccc4c(c3)C(=O)N(C3=C=C=C(Oc5ccc(-c6ccc(Oc7ccc(*)cc7C(F)(F)F)c(C(F)(F)F)c6)cc5C(F)(F)F)C(C(F)(F)F)=C3)C4=O)cc2C1=O
2217,6.0,2.32,*c1ccc(Oc2ccc(C(C)(C)c3ccc(OC4C=CC(N5C(=O)c6ccc(Oc7ccc(C(C)(C)c8ccc(Oc9ccc%10c(c9)C(=O)N(*)C%10=O)cc8)cc7)cc6C5=O)=CC4)cc3)cc2)cc1
1920,5.98,3.85,*CCCN1CCN(CCCN2C(=O)c3ccc(C(=O)c4ccc5c(c4)C(=O)N(*)C5=O)cc3C2=O)CC1
1474,5.87,2.64,*N1C(=O)c2ccc(C(c3ccc4c(c3)C(=O)N(c3ccc(*)cc3)C4=O)(C(F)(F)F)C(F)(F)F)cc2C1=O
676,5.99,2.37,*N1C(=O)c2ccc(C(c3ccc4c(c3)C(=O)N(c3ccc(-c5cc(-c6ccc(*)cc6)cc(C(c6ccccc6)(c6ccccc6)c6ccccc6)c5)cc3)C4=O)(C(F)(F)F)C(F)(F)F)cc2C1=O
245,6.0,2.89,*N1C(=O)c2ccc(C(c3cc(C(F)(F)F)cc(C(F)(F)F)c3)(c3ccc4c(c3)C(=O)N(Cc3ccc(Oc5ccc(*)cc5)cc3)C4=O)C(F)(F)F)cc2C1=O
1717,6.0,2.86,*c1ccc(Oc2ccc(C(=O)c3ccc(N4C(=O)c5ccc(-c6ccc7c(c6)C(=O)N(*)C7=O)cc5C4=O)cc3)cc2C)c(C(F)(F)F)c1
1974,5.91,2.68,*N1C(=O)c2ccc(Oc3ccc4c(c3)C(=O)N(CCCN3CCN(CCC*)CC3)C4=O)cc2C1=O
2333,6.0,3.48,*c1ccc(C2(C)CC(C)(C)c3ccc(N4C(=O)c5ccc(Oc6ccc(C(C)(C)c7ccc(Oc8ccc9c(c8)C(=O)N(*)C9=O)cc7)cc6)cc5C4=O)cc32)cc1
235,6.0,3.31,*N1C(=O)c2ccc(-c3ccc4c(c3)C(=O)N(c3ccc(Oc5cc(Oc6ccc(*)cc6)cc6ccccc56)cc3)C4=O)cc2C1=O
649,5.62,3.02,*N1C(=O)c2ccc(C(c3ccc4c(c3)C(=O)N(c3ccc(-c5ccc(-c6ccc(*)cc6)cc5)cc3)C4=O)(C(F)(F)F)C(F)(F)F)cc2C1=O
504,6.0,3.16,*N1C(=O)c2ccc(S(=O)(=O)c3ccc4c(c3)C(=O)N(c3ccc(Oc5cc(-c6ccccc6)c(Oc6ccc(*)cc6C(F)(F)F)cc5-c5ccccc5)c(C(F)(F)F)c3)C4=O)cc2C1=O
1822,5.82,4.8,*n1c(=O)c2cc3c(=O)n(CCCN4CCN(CCC*)CC4)c(=O)c3cc2c1=O
2048,5.96,2.55,*N1C(=O)c2ccc(-c3ccc4c(c3)C(=O)N(CCCN3CCN(CCC*)CC3)C4=O)cc2C1=O
1683,6.0,3.35,*N1C(=O)c2ccc(-c3ccc4c(c3)C(=O)N(c3ccc(Oc5ccc(Oc6ccc(*)cc6C(F)(F)F)c(C(C)(C)C)c5)c(C(F)(F)F)c3)C4=O)cc2C1=O
674,5.88,2.37,*N1C(=O)c2ccc(C(c3ccc4c(c3)C(=O)N(c3ccc(-c5cc(-c6ccc(*)cc6)cc(C(c6ccccc6)(c6ccccc6)c6ccccc6)c5)cc3)C4=O)(C(F)(F)F)C(F)(F)F)cc2C1=O
713,6.0,2.78,*N1C(=O)c2ccc(C(c3ccc4c(c3)C(=O)N(c3ccc(C(c5ccc(C(C)(C)C)cc5)c5ccc(*)c(C(C)(C)C)c5)cc3C(C)(C)C)C4=O)(C(F)(F)F)C(F)(F)F)cc2C1=O
435,5.8,2.73,*n1c(=O)c2cc3c(=O)n(-c4ccc(N(c5ccc(-c6ccc(-c7ccccc7)cc6)cc5)c5ccc(-n6c(=O)c7cc8c(=O)n(*)c(=O)c8cc7c6=O)cc5)cc4)c(=O)c3cc2c1=O
233,6.0,3.21,*N1C(=O)c2ccc(S(=O)(=O)c3ccc4c(c3)C(=O)N(c3ccc(Oc5cc(Oc6ccc(*)cc6C(F)(F)F)cc6ccccc56)c(C(F)(F)F)c3)C4=O)cc2C1=O
1262,6.0,3.34,*c1ccc(Oc2ccc(Oc3ccc(N4C(=O)c5ccc(C(=O)OCC6(C)CCC(CCOC(=O)c7ccc8c(c7)C(=O)N(*)C8=O)C6(C)C)cc5C4=O)cc3)cc2)cc1
1977,5.93,2.67,*N1C(=O)c2ccc(Oc3ccc4c(c3)C(=O)N(CCCN3CCN(CCC*)CC3)C4=O)cc2C1=O
1905,5.89,3.88,*CCCN1CCN(CCCN2C(=O)c3ccc(C(=O)c4ccc5c(c4)C(=O)N(*)C5=O)cc3C2=O)CC1
289,6.0,2.66,*c1cc(N2C(=O)c3ccc(C(C)(C)c4ccc5c(c4)C(=O)N(*)C5=O)cc3C2=O)ccc1-c1cc(C(F)(F)F)cc(C(F)(F)F)c1
1720,6.0,2.69,*c1ccc(Oc2ccc(C(=O)c3ccc(N4C(=O)c5ccc(C(c6ccc7c(c6)C(=O)N(*)C7=O)(C(F)(F)F)C(F)(F)F)cc5C4=O)cc3)cc2C)c(C(F)(F)F)c1
1968,5.87,2.7,*N1C(=O)c2ccc(Oc3ccc4c(c3)C(=O)N(CCCN3CCN(CCC*)CC3)C4=O)cc2C1=O
2039,5.91,2.55,*N1C(=O)c2ccc(-c3ccc4c(c3)C(=O)N(CCCN3CCN(CCC*)CC3)C4=O)cc2C1=O
2318,6.0,2.72,*N1C(=O)c2ccc(Oc3ccc4c(c3)C(=O)N(c3ccc(C5(c6ccc(*)cc6)c6cc(O[Si](C)(C)C(C)(C)C)ccc6-c6ccc(O[Si](C)(C)C(C)(C)C)cc65)cc3)C4=O)cc2C1=O
1267,6.0,2.83,*N1C(=O)CC(C2C=C(C)C3C(=O)N(c4ccc(Cc5ccc(*)cc5)cc4)C(=O)C3C2)C1=O
1989,6.0,2.61,*N1C(=O)c2ccc(Oc3ccc4c(c3)C(=O)N(CCCN3CCN(CCC*)CC3)C4=O)cc2C1=O
775,5.82,2.83,*N1C(=O)c2ccc(C(c3ccc4c(c3)C(=O)N(c3ccc(-c5cc(-c6ccccc6)cc(-c6ccc(*)cc6)n5)cc3)C4=O)(C(F)(F)F)C(F)(F)F)cc2C1=O
1878,5.64,3.91,*CCCN1CCN(CCCN2C(=O)c3ccc(C(=O)c4ccc5c(c4)C(=O)N(*)C5=O)cc3C2=O)CC1
1295,6.0,3.12,*n1c(=O)c2cc3c(=O)n(-c4ccc(Oc5ccc(Oc6ccc(*)cc6)c6c5C5CCC6C5)cc4)c(=O)c3cc2c1=O
1819,5.8,4.8,*n1c(=O)c2cc3c(=O)n(CCCN4CCN(CCC*)CC4)c(=O)c3cc2c1=O
1971,5.89,2.69,*N1C(=O)c2ccc(Oc3ccc4c(c3)C(=O)N(CCCN3CCN(CCC*)CC3)C4=O)cc2C1=O
710,6.0,3.03,*N1C(=O)c2ccc(-c3ccc4c(c3)C(=O)N(c3ccc(C(c5ccc(C(C)(C)C)cc5)c5ccc(*)c(C(C)(C)C)c5)cc3C(C)(C)C)C4=O)cc2C1=O
1840,5.95,4.78,*n1c(=O)c2cc3c(=O)n(CCCN4CCN(CCC*)CC4)c(=O)c3cc2c1=O
1718,6.0,2.95,*c1ccc(Oc2ccc(C(=O)c3ccc(N4C(=O)c5ccc(Cc6ccc7c(c6)C(=O)N(*)C7=O)cc5C4=O)cc3)cc2C)c(C(F)(F)F)c1
1688,6.0,3.28,*c1ccc(Oc2ccc(Oc3ccc(N4C(=O)c5ccc(C(=O)c6ccc7c(c6)C(=O)N(*)C7=O)cc5C4=O)cc3)cc2C(C)(C)C)cc1
511,6.0,2.98,*N1C(=O)c2ccc(C(=O)c3ccc4c(c3)C(=O)N(c3ccc(Oc5ccc(-c6ccc(-c7ccc(-c8ccc(Oc9ccc(*)cc9)c(C(F)(F)F)c8)cc7)cc6)cc5C(F)(F)F)cc3)C4=O)cc2C1=O
2199,6.0,2.49,*N1C(=O)c2ccc(Oc3ccc4c(c3)C(=O)N(c3c(C)cc(C(c5ccc(C(C)C)cc5)c5cc(C)c(*)c(C)c5)cc3C)C4=O)cc2C1=O
512,6.0,2.74,*N1C(=O)c2ccc(C(c3ccc4c(c3)C(=O)N(c3ccc(Oc5ccc(-c6ccc(-c7ccc(-c8ccc(Oc9ccc(*)cc9)c(C(F)(F)F)c8)cc7)cc6)cc5C(F)(F)F)cc3)C4=O)C(F)(F)F)cc2C1=O
2180,5.96,5.29,*c1ccc(-c2cc(CS(C)(=O)=O)cc(-c3ccc(-n4c(=O)c5cc6c(=O)n(*)c(=O)c6cc5c4=O)cc3)c2)cc1
652,5.78,3.02,*N1C(=O)c2ccc(C(c3ccc4c(c3)C(=O)N(c3ccc(-c5ccc(-c6ccc(*)cc6)cc5)cc3)C4=O)(C(F)(F)F)C(F)(F)F)cc2C1=O
1299,6.0,3.24,*c1ccc(Oc2ccc(Oc3ccc(N4C(=O)c5ccc(C(=O)c6ccc7c(c6)C(=O)N(*)C7=O)cc5C4=O)cc3)c3c2C2CCC3C2)cc1
2320,6.0,2.65,*c1c(C)cc(C2(c3cc(C)c(N4C(=O)c5ccc(Oc6ccc7c(c6)C(=O)N(*)C7=O)cc5C4=O)c(C)c3)c3cc(O[Si](C)(C)C(C)(C)C)ccc3-c3ccc(O[Si](C)(C)C(C)(C)C)cc32)cc1C
1923,6.0,3.85,*CCCN1CCN(CCCN2C(=O)c3ccc(C(=O)c4ccc5c(c4)C(=O)N(*)C5=O)cc3C2=O)CC1
1471,5.61,2.65,*N1C(=O)c2ccc(C(c3ccc4c(c3)C(=O)N(c3ccc(*)cc3)C4=O)(C(F)(F)F)C(F)(F)F)cc2C1=O
249,6.0,2.95,*n1c(=O)c2cc3c(=O)n(-c4ccc(C(c5ccc(*)cc5)(c5cccc(C(F)(F)F)c5)C(F)(F)F)cc4)c(=O)c3cc2c1=O
1686,6.0,2.82,*N1C(=O)c2ccc(C(c3ccc4c(c3)C(=O)N(c3ccc(Oc5ccc(Oc6ccc(*)cc6C(F)(F)F)c(C(C)(C)C)c5)c(C(F)(F)F)c3)C4=O)(C(F)(F)F)C(F)(F)F)cc2C1=O
2223,6.0,2.92,*c1ccc(-c2ccc(N3C(=O)c4ccc(C(c5ccc6c(c5)C(=O)C(c5ccc(-c7ccc(-n8c(=O)c9cc%10c(=O)n(*)c(=O)c%10cc9c8=O)cc7C(F)(F)F)c(C(F)(F)F)c5)C6=O)(C(F)(F)F)C(F)(F)F)cc4C3=O)cc2C(F)(F)F)c(C(F)(F)F)c1
1828,5.87,4.79,*n1c(=O)c2cc3c(=O)n(CCCN4CCN(CCC*)CC4)c(=O)c3cc2c1=O
144,6.0,3.11,*c1ccc(Cc2ccc(N3C(=O)c4ccc(Oc5ccc(C(C)(C)c6ccc(Oc7ccc8c(c7)C(=O)N(*)C8=O)cc6)cc5)cc4C3=O)cc2)cc1
500,6.0,2.98,*n1c(=O)c2cc3c(=O)n(-c4ccc(Oc5cc(-c6ccccc6)c(Oc6ccc(*)cc6C(F)(F)F)cc5-c5ccccc5)c(C(F)(F)F)c4)c(=O)c3cc2c1=O
2312,5.86,5.25,*c1ccc(-c2cc(CS(C)(=O)=O)cc(-c3ccc(-n4c(=O)c5cc6c(=O)n(*)c(=O)c6cc5c4=O)cc3)c2)cc1
1807,5.68,4.83,*n1c(=O)c2cc3c(=O)n(CCCN4CCN(CCC*)CC4)c(=O)c3cc2c1=O
1294,6.0,3.37,*n1c(=O)c2cc3c(=O)n(-c4ccc(Oc5ccc(Oc6ccc(*)cc6)cc5)cc4)c(=O)c3cc2c1=O
510,6.0,2.91,*n1c(=O)c2cc3c(=O)n(-c4ccc(Oc5ccc(-c6ccc(-c7ccc(-c8ccc(Oc9ccc(*)cc9)c(C(F)(F)F)c8)cc7)cc6)cc5C(F)(F)F)cc4)c(=O)c3cc2c1=O
2018,5.74,2.57,*N1C(=O)c2ccc(-c3ccc4c(c3)C(=O)N(CCCN3CCN(CCC*)CC3)C4=O)cc2C1=O
2036,5.89,2.57,*N1C(=O)c2ccc(-c3ccc4c(c3)C(=O)N(CCCN3CCN(CCC*)CC3)C4=O)cc2C1=O
1784,6.0,2.89,*N1C(=O)c2ccc(C(c3ccc4c(c3)C(=O)N(c3ccc5c(c3)C3(c6cc(*)ccc6-5)C5CC6CC(C5)CC3C6)C4=O)(C(F)(F)F)C(F)(F)F)cc2C1=O
251,6.0,2.91,*c1ccc(C(c2ccc(N3C(=O)c4ccc(C(=O)c5ccc6c(c5)C(=O)N(*)C6=O)cc4C3=O)cc2)(c2cccc(C(F)(F)F)c2)C(F)(F)F)cc1
229,6.0,3.11,*n1c(=O)c2cc3c(=O)n(-c4ccc(Oc5cc(Oc6ccc(*)cc6C(F)(F)F)cc6ccccc56)c(C(F)(F)F)c4)c(=O)c3cc2c1=O
277,6.0,2.83,*N1C(=O)c2ccc(-c3ccc4c(c3)C(=O)N(c3ccc(Oc5ccc(S(=O)(=O)c6ccc(Oc7ccc(*)cc7)c(-c7cc(C(F)(F)F)cc(C(F)(F)F)c7)c6)cc5-c5cc(C(F)(F)F)cc(C(F)(F)F)c5)cc3)C4=O)cc2C1=O
248,6.0,2.71,*N1C(=O)c2ccc(C(c3cc(C(F)(F)F)cc(C(F)(F)F)c3)(c3ccc4c(c3)C(=O)N(c3ccc(Oc5ccc(Oc6ccc(*)cc6C(F)(F)F)cc5)c(C(F)(F)F)c3)C4=O)C(F)(F)F)cc2C1=O
403,5.66,3.43,*n1c(=O)c2cc3c(=O)n(-c4ccc(N(c5ccccc5)c5ccc(-n6c(=O)c7cc8c(=O)n(*)c(=O)c8cc7c6=O)cc5)cc4)c(=O)c3cc2c1=O
1607,5.84,2.25,*N1C(=O)c2ccc(C(c3ccc4c(c3)C(=O)N(c3cc(*)cc(C(F)(F)F)c3)C4=O)(C(F)(F)F)C(F)(F)F)cc2C1=O
1752,6.0,2.72,*N1C(=O)c2ccc(Oc3ccc4c(c3)C(=O)N(c3ccc(Oc5ccc(C6(c7ccc(Oc8ccc(*)cc8C(F)(F)F)cc7)c7ccccc7-c7ccccc76)cc5)c(C(F)(F)F)c3)C4=O)cc2C1=O
1881,5.68,3.91,*CCCN1CCN(CCCN2C(=O)c3ccc(C(=O)c4ccc5c(c4)C(=O)N(*)C5=O)cc3C2=O)CC1
495,6.0,3.48,*N1C(=O)c2ccc(-c3ccc4c(c3)C(=O)N(c3ccc(Oc5cc(-c6ccccc6)c(Oc6ccc(*)cc6)cc5-c5ccccc5)cc3)C4=O)cc2C1=O
1756,6.0,3.09,*N1C(=O)c2ccc(-c3ccc4c(c3)C(=O)N(c3ccc(Oc5ccc(C6(c7ccc(Oc8ccc(*)cc8)cc7)c7ccccc7-c7ccccc76)cc5)cc3)C4=O)cc2C1=O
1310,7.6,2.96,*N1C(=O)c2ccc(-c3ccc4c(c3)C(=O)N(c3ccc(Oc5ccc(Oc6ccc(*)cc6)c6c5C5CCC6C5)cc3)C4=O)cc2C1=O
1766,7.6,2.62,*N1C(=O)c2ccc(C(c3ccc4c(c3)C(=O)N(c3ccc(Oc5ccc(C6(c7ccc(Oc8ccc(*)cc8C(F)(F)F)cc7)c7ccccc7-c7ccccc76)cc5)c(C(F)(F)F)c3)C4=O)(C(F)(F)F)C(F)(F)F)cc2C1=O
1702,7.6,3.4,*c1ccc(Oc2ccc(Oc3ccc(N4C(=O)c5ccc(-c6ccc7c(c6)C(=O)N(*)C7=O)cc5C4=O)cc3)cc2C(C)(C)C)cc1
1772,7.6,2.9,*N1C(=O)c2ccc(C(c3ccc4c(c3)C(=O)N(c3ccc(Oc5ccc(C6(c7ccc(Oc8ccc(*)cc8)cc7)c7ccccc7-c7ccccc76)cc5)cc3)C4=O)(C(F)(F)F)C(F)(F)F)cc2C1=O
1314,7.6,2.85,*N1C(=O)c2ccc(Oc3ccc4c(c3)C(=O)N(c3ccc(Oc5ccc(Oc6ccc(*)cc6)c6c5C5CCC6C5)cc3)C4=O)cc2C1=O
2202,7.0,2.71,*N1C(=O)c2ccc(C(=O)c3ccc4c(c3)C(=O)N(c3c(C)cc(C(c5ccc(C(C)C)cc5)c5cc(C)c(*)c(C)c5)cc3C)C4=O)cc2C1=O
1698,7.6,3.32,*N1C(=O)c2ccc(Oc3ccc4c(c3)C(=O)N(c3ccc(Oc5ccc(Oc6ccc(*)cc6C(F)(F)F)c(C(C)(C)C)c5)c(C(F)(F)F)c3)C4=O)cc2C1=O
1697,7.6,3.23,*N1C(=O)c2ccc(S(=O)(=O)c3ccc4c(c3)C(=O)N(c3ccc(Oc5ccc(Oc6ccc(*)cc6C(F)(F)F)c(C(C)(C)C)c5)c(C(F)(F)F)c3)C4=O)cc2C1=O
1704,7.6,3.35,*c1ccc(Oc2ccc(Oc3ccc(N4C(=O)c5ccc(Oc6ccc7c(c6)C(=O)N(*)C7=O)cc5C4=O)cc3)cc2C(C)(C)C)cc1
1316,7.6,3.61,*N1C(=O)c2ccc(S(=O)(=O)c3ccc4c(c3)C(=O)N(c3ccc(Oc5ccc(Oc6ccc(*)cc6)c6c5C5CCC6C5)cc3)C4=O)cc2C1=O
1309,7.6,3.27,*N1C(=O)c2ccc(-c3ccc4c(c3)C(=O)N(c3ccc(Oc5ccc(Oc6ccc(*)cc6)cc5)cc3)C4=O)cc2C1=O
172,6.01,2.78,*N1C(=O)c2ccc(C(c3ccc4c(c3)C(=O)N(c3ccc(Cc5ccc(*)cc5)cc3)C4=O)(C(F)(F)F)C(F)(F)F)cc2C1=O
1764,7.6,2.78,*N1C(=O)c2ccc(S(=O)(=O)c3ccc4c(c3)C(=O)N(c3ccc(Oc5ccc(C6(c7ccc(Oc8ccc(*)cc8C(F)(F)F)cc7)c7ccccc7-c7ccccc76)cc5)c(C(F)(F)F)c3)C4=O)cc2C1=O
698,6.01,2.11,*N1C(=O)c2ccc(C(c3ccc4c(c3)C(=O)N(c3cccc(-c5cc(-c6ccc(*)cc6)cc(C(c6ccccc6)(c6ccccc6)c6ccccc6)c5)c3)C4=O)(C(F)(F)F)C(F)(F)F)cc2C1=O
158,6.01,3.3,*c1ccc(Cc2ccc(N3C(=O)c4ccc(C(=O)c5ccc6c(c5)C(=O)N(*)C6=O)cc4C3=O)cc2)cc1
272,6.01,2.05,*N1C(=O)c2ccc(C(c3ccc4c(c3)C(=O)N(c3ccc(Oc5ccc(C(c6ccc(Oc7ccc(*)cc7)cc6)(C(F)(F)F)C(F)(F)F)cc5)cc3)C4=O)(C(F)(F)F)C(F)(F)F)cc2C1=O
1768,7.6,3.15,*c1ccc(Oc2ccc(C3(c4ccc(Oc5ccc(N6C(=O)c7ccc(C(=O)c8ccc9c(c8)C(=O)N(*)C9=O)cc7C6=O)cc5)cc4)c4ccccc4-c4ccccc43)cc2)cc1
2200,7.0,2.53,*n1c(=O)c2cc3c(=O)n(-c4c(C)cc(C(c5ccc(C(C)C)cc5)c5cc(C)c(*)c(C)c5)cc4C)c(=O)c3cc2c1=O
2201,7.0,2.86,*N1C(=O)c2ccc(-c3ccc4c(c3)C(=O)N(c3c(C)cc(C(c5ccc(C(C)C)cc5)c5cc(C)c(*)c(C)c5)cc3C)C4=O)cc2C1=O
1312,7.6,3.28,*c1ccc(Oc2ccc(Oc3ccc(N4C(=O)c5ccc(C(=O)c6ccc7c(c6)C(=O)N(*)C7=O)cc5C4=O)cc3)c3c2C2CCC3C2)cc1
1640,9.95,2.91,*N1C(=O)C2CC3C(=O)N(c4ccc(Oc5ccc(C(C)(C)c6ccc(Oc7ccc(*)cc7)cc6)cc5)cc4)C(=O)C3CC2C1=O
35,10.0,2.73,*N1C(=O)c2ccc(C(c3ccc4c(c3)C(=O)N(c3cccc(Oc5cccc(*)c5)c3)C4=O)(C(F)(F)F)C(F)(F)F)cc2C1=O
330,10.0,3.44,*c1ccc(OC(=O)c2ccc(N3C(=O)c4ccc(-c5ccc6c(c5)C(=O)N(*)C6=O)cc4C3=O)cc2)cc1
1620,9.82,3.44,*c1cccc(Oc2ccc(-n3c(=O)c4cc5c(=O)n(*)c(=O)c5cc4c3=O)cc2)c1
302,10.0,3.25,*N1C(=O)c2ccc(-c3ccc4c(c3)C(=O)N(c3ccc(-c5ccc(*)cc5C(F)(F)F)c(C(F)(F)F)c3)C4=O)cc2C1=O
27,10.0,3.02,*N1C(=O)c2ccc(Oc3ccc(Oc4ccc5c(c4)C(=O)N(c4ccc(Oc6ccc(*)cc6)cc4)C5=O)cc3)cc2C1=O
2210,8.7,2.57,*N1C(=O)c2ccc(C(=O)c3ccc4c(c3)C(=O)N(c3c(C)cc(C(c5ccc(C(C)C)cc5)c5cc(C)c(*)c(C)c5)cc3C)C4=O)cc2C1=O
311,10.0,3.45,*c1ccc(Oc2ccc(-n3c(=O)c4cc5c(=O)n(*)c(=O)c5cc4c3=O)cc2)cc1
312,10.0,3.12,*n1c(=O)c2cc3c(=O)n(-c4ccc(Oc5ccc(C(C)(C)c6ccc(Oc7ccc(*)cc7)cc6)cc5)cc4)c(=O)c3cc2c1=O
34,10.0,2.99,*N1C(=O)c2ccc(Oc3ccc4c(c3)C(=O)N(c3cccc(Oc5cccc(*)c5)c3)C4=O)cc2C1=O
297,10.0,2.38,*c1cc(N2C(=O)c3ccc(C(C)(C)c4ccc5c(c4)C(=O)N(*)C5=O)cc3C2=O)ccc1-c1cc(C(F)(F)F)cc(C(F)(F)F)c1
326,10.0,2.5,*N1C(=O)c2ccc(C(c3ccc4c(c3)C(=O)N(c3ccc(Oc5ccc(C(c6ccc(Oc7ccc(*)cc7)cc6)(C(F)(F)F)C(F)(F)F)cc5)cc3)C4=O)(C(F)(F)F)C(F)(F)F)cc2C1=O
1617,9.21,3.49,*c1cccc(Oc2ccc(-n3c(=O)c4cc5c(=O)n(*)c(=O)c5cc4c3=O)cc2)c1
2211,8.7,2.37,*N1C(=O)c2ccc(Oc3ccc4c(c3)C(=O)N(c3c(C)cc(C(c5ccc(C(C)C)cc5)c5cc(C)c(*)c(C)c5)cc3C)C4=O)cc2C1=O
1623,10.06,3.41,*c1cccc(Oc2ccc(-n3c(=O)c4cc5c(=O)n(*)c(=O)c5cc4c3=O)cc2)c1
310,10.0,3.17,*N1C(=O)c2ccc(-c3ccc4c(c3)C(=O)N(c3ccc(Oc5ccc(C(C)(C)c6ccc(Oc7ccc(*)cc7)cc6)cc5)cc3)C4=O)cc2C1=O
64,8.34,3.23,*c1ccc(Oc2ccc(N3C(=O)c4ccc(C(=O)c5ccc6c(c5)C(=O)N(*)C6=O)cc4C3=O)cc2)cc1
316,10.0,3.16,*N1C(=O)c2ccc(Oc3ccc(C(C)(C)c4ccc(Oc5ccc6c(c5)C(=O)N(c5ccc(Oc7ccc(C(C)(C)c8ccc(Oc9ccc(*)cc9)cc8)cc7)cc5)C6=O)cc4)cc3)cc2C1=O
2204,8.0,2.49,*n1c(=O)c2cc3c(=O)n(-c4c(C)cc(C(c5ccc(C(C)C)cc5)c5cc(C)c(*)c(C)c5)cc4C)c(=O)c3cc2c1=O
320,10.0,2.81,*N1C(=O)c2ccc(Oc3ccc4c(c3)C(=O)N(c3ccc(Oc5ccc(C(c6ccc(Oc7ccc(*)cc7)cc6)(C(F)(F)F)C(F)(F)F)cc5)cc3)C4=O)cc2C1=O
24,10.0,3.09,*c1cccc(Oc2cccc(N3C(=O)c4ccc(C(=O)c5ccc6c(c5)C(=O)N(*)C6=O)cc4C3=O)c2)c1
1642,9.24,2.86,*N1C(=O)C2CC3C(=O)N(c4ccc(Oc5ccc(C(c6ccc(Oc7ccc(*)cc7)cc6)(C(F)(F)F)C(F)(F)F)cc5)cc4)C(=O)C3CC2C1=O
1633,9.84,2.98,*N1C(=O)C2CC3C(=O)N(c4ccc(Oc5ccc(*)cc5)cc4)C(=O)C3CC2C1=O
1636,9.25,2.95,*N1C(=O)C2CC3C(=O)N(c4ccc(Oc5ccc(C(C)(C)c6ccc(Oc7ccc(*)cc7)cc6)cc5)cc4)C(=O)C3CC2C1=O
301,10.0,2.68,*N1C(=O)c2ccc(C(c3ccc4c(c3)C(=O)N(c3ccc(-c5ccc(*)cc5C(F)(F)F)c(C(F)(F)F)c3)C4=O)(C(F)(F)F)C(F)(F)F)cc2C1=O
118,8.98,3.18,*c1ccc(Oc2ccc(N3C(=O)c4ccc(C(=O)c5ccc6c(c5)C(=O)N(*)C6=O)cc4C3=O)cc2)cc1
20,10.0,2.5,*N1C(=O)c2ccc(C(c3ccc4c(c3)C(=O)N(c3ccc(Oc5ccc(C(c6ccc(Oc7ccc(*)cc7)cc6)(C(F)(F)F)C(F)(F)F)cc5)cc3)C4=O)(C(F)(F)F)C(F)(F)F)cc2C1=O
5,9.0,2.5,*N1C(=O)c2ccc(C(c3ccc4c(c3)C(=O)N(c3ccc(Oc5ccc(C(c6ccc(Oc7ccc(*)cc7)cc6)(C(F)(F)F)C(F)(F)F)cc5)cc3)C4=O)(C(F)(F)F)C(F)(F)F)cc2C1=O
61,8.25,3.25,*c1ccc(Oc2ccc(N3C(=O)c4ccc(C(=O)c5ccc6c(c5)C(=O)N(*)C6=O)cc4C3=O)cc2)cc1
1647,10.02,2.81,*N1C(=O)C2CC3C(=O)N(c4ccc(Oc5ccc(C(c6ccc(Oc7ccc(*)cc7)cc6)(C(F)(F)F)C(F)(F)F)cc5)cc4)C(=O)C3CC2C1=O
76,8.58,3.21,*c1ccc(Oc2ccc(N3C(=O)c4ccc(C(=O)c5ccc6c(c5)C(=O)N(*)C6=O)cc4C3=O)cc2)cc1
1621,9.91,3.48,*c1cccc(Oc2ccc(-n3c(=O)c4cc5c(=O)n(*)c(=O)c5cc4c3=O)cc2)c1
91,8.77,3.19,*c1ccc(Oc2ccc(N3C(=O)c4ccc(C(=O)c5ccc6c(c5)C(=O)N(*)C6=O)cc4C3=O)cc2)cc1
31,10.0,2.79,*N1C(=O)c2ccc(C(c3ccc4c(c3)C(=O)N(c3ccc(Oc5ccc(*)cc5)cc3)C4=O)(C(F)(F)F)C(F)(F)F)cc2C1=O
22,10.0,2.84,*c1cccc(Oc2cccc(-n3c(=O)c4cc5c(=O)n(*)c(=O)c5cc4c3=O)c2)c1
341,10.0,3.4,*N1C(=O)c2ccc(S(=O)(=O)c3ccc4c(c3)C(=O)N(c3ccc(Oc5ccc(S(=O)(=O)c6ccc(Oc7ccc(*)cc7)cc6)cc5)cc3)C4=O)cc2C1=O
1634,9.94,2.96,*N1C(=O)C2CC3C(=O)N(c4ccc(Oc5ccc(*)cc5)cc4)C(=O)C3CC2C1=O
109,8.92,3.18,*c1ccc(Oc2ccc(N3C(=O)c4ccc(C(=O)c5ccc6c(c5)C(=O)N(*)C6=O)cc4C3=O)cc2)cc1
1641,10.03,2.88,*N1C(=O)C2CC3C(=O)N(c4ccc(Oc5ccc(C(C)(C)c6ccc(Oc7ccc(*)cc7)cc6)cc5)cc4)C(=O)C3CC2C1=O
2206,8.0,2.63,*N1C(=O)c2ccc(C(=O)c3ccc4c(c3)C(=O)N(c3c(C)cc(C(c5ccc(C(C)C)cc5)c5cc(C)c(*)c(C)c5)cc3C)C4=O)cc2C1=O
1619,9.68,3.52,*c1cccc(Oc2ccc(-n3c(=O)c4cc5c(=O)n(*)c(=O)c5cc4c3=O)cc2)c1
306,10.6,3.25,*N1C(=O)c2ccc(-c3ccc4c(c3)C(=O)N(c3ccc(-c5ccc(*)cc5C(F)(F)F)c(C(F)(F)F)c3)C4=O)cc2C1=O
1,9.0,2.69,*N1C(=O)c2ccc(Oc3ccc(Sc4ccc(Oc5ccc6c(c5)C(=O)N(c5ccc(Oc7ccc(C(c8ccc(Oc9ccc(*)cc9)cc8)(C(F)(F)F)C(F)(F)F)cc7)cc5)C6=O)cc4)cc3)cc2C1=O
332,10.0,3.64,*c1ccc(OC(=O)c2ccc(N3C(=O)c4ccc(C(=O)Oc5ccc(OC(=O)c6ccc7c(c6)C(=O)N(*)C7=O)cc5)cc4C3=O)cc2)cc1
67,8.41,3.23,*c1ccc(Oc2ccc(N3C(=O)c4ccc(C(=O)c5ccc6c(c5)C(=O)N(*)C6=O)cc4C3=O)cc2)cc1
103,8.87,3.18,*c1ccc(Oc2ccc(N3C(=O)c4ccc(C(=O)c5ccc6c(c5)C(=O)N(*)C6=O)cc4C3=O)cc2)cc1
334,10.0,3.42,*c1ccc(Oc2ccc(N3C(=O)c4ccc(C(=O)c5ccc6c(c5)C(=O)N(*)C6=O)cc4C3=O)cc2)cc1
55,7.99,3.28,*c1ccc(Oc2ccc(N3C(=O)c4ccc(C(=O)c5ccc6c(c5)C(=O)N(*)C6=O)cc4C3=O)cc2)cc1
58,8.14,3.26,*c1ccc(Oc2ccc(N3C(=O)c4ccc(C(=O)c5ccc6c(c5)C(=O)N(*)C6=O)cc4C3=O)cc2)cc1
52,7.75,3.3,*c1ccc(Oc2ccc(N3C(=O)c4ccc(C(=O)c5ccc6c(c5)C(=O)N(*)C6=O)cc4C3=O)cc2)cc1
1638,9.73,2.9,*N1C(=O)C2CC3C(=O)N(c4ccc(Oc5ccc(C(C)(C)c6ccc(Oc7ccc(*)cc7)cc6)cc5)cc4)C(=O)C3CC2C1=O
314,10.0,3.2,*N1C(=O)c2ccc(Oc3ccc4c(c3)C(=O)N(c3ccc(Oc5ccc(C(C)(C)c6ccc(Oc7ccc(*)cc7)cc6)cc5)cc3)C4=O)cc2C1=O
115,8.96,3.18,*c1ccc(Oc2ccc(N3C(=O)c4ccc(C(=O)c5ccc6c(c5)C(=O)N(*)C6=O)cc4C3=O)cc2)cc1
30,10.0,2.95,*N1C(=O)c2ccc(Oc3ccc(Sc4ccc(Oc5ccc6c(c5)C(=O)N(c5cccc(Oc7cccc(*)c7)c5)C6=O)cc4)cc3)cc2C1=O
1618,9.51,3.44,*c1cccc(Oc2ccc(-n3c(=O)c4cc5c(=O)n(*)c(=O)c5cc4c3=O)cc2)c1
100,8.85,3.18,*c1ccc(Oc2ccc(N3C(=O)c4ccc(C(=O)c5ccc6c(c5)C(=O)N(*)C6=O)cc4C3=O)cc2)cc1
39,10.0,2.39,*N1C(=O)c2ccc(C(c3ccc4c(c3)C(=O)N(c3cccc(C(c5cccc(*)c5)(C(F)(F)F)C(F)(F)F)c3)C4=O)(C(F)(F)F)C(F)(F)F)cc2C1=O
