NO,SMILES,y_true,temp,elem,mol,SMILES_Kmeans,Bemis_Murcko
763,*c1ccc(N2C(=O)c3ccc(C(c4ccc5c(c4)C(=O)N(*)C5=O)(C(F)(F)F)C(F)(F)F)cc3C2=O)cc1C(F)(F)F,365.0,1.0666026,0.9406897,0.90476686,0.9575614,0.8999583
251,*c1cccc(Cc2cccc(N3C(=O)c4ccc(C(=O)c5ccc6c(c5)C(=O)N(*)C6=O)cc4C3=O)c2)c1,272.0,-0.32690424,-0.5091554,-0.49905407,-0.42593178,-0.46903753
237,*c1ccc(C(=O)c2cccc(-n3c(=O)c4cc5c(=O)n(*)c(=O)c5cc4c3=O)c2)cc1,341.0,0.4910635,0.32928473,0.5324441,0.58901936,0.65155166
82,*N1C(=O)c2cccc3c(-c4ccc5c6c(cccc46)C(=O)N(c4cccc(*)c4)C5=O)ccc(c23)C1=O,450.0,1.355052,2.1074016,2.1632972,2.3774738,2.03034
807,*c1ccc(C(=O)Oc2ccc(OC(=O)c3ccc(N4C(=O)c5ccc(C(=O)Oc6ccc(OC(=O)c7ccc8c(c7)C(=O)N(*)C8=O)cc6)cc5C4=O)cc3)cc2)cc1,489.0,3.020134,2.860711,2.8521647,2.8587275,3.105968
560,*N1C(=O)c2cccc(-c3cccc4c3C(=O)N(c3ccc(C5(c6ccc(*)c(F)c6)c6ccccc6-c6ccccc65)cc3F)C4=O)c2C1=O,386.4192634,1.2954569,0.7142814,1.170383,1.4433879,0.62146175
32,*N1C(O)c2ccc(C(c3ccc4c(c3)C(=O)N(c3ccc(-c5ccc(*)cc5C(F)(F)F)c(C(F)(F)F)c3)C4=O)(C(F)(F)F)C(F)(F)F)cc2C1O,327.0,0.36447826,0.32747507,0.28579742,0.28310758,0.46099263
24,*N1C(=O)c2ccc(C(c3ccc4c(c3)C(=O)N(c3cccc(*)c3)C4=O)(C(F)(F)F)C(F)(F)F)cc2C1=O,303.0,-0.06517319,-0.06834203,0.15609474,-0.06268209,0.120690644
153,*N1C(=O)c2cccc(-c3ccc4c(c3)C(=O)N(c3ccc(Oc5ccc(*)cc5)cc3)C4=O)c2C1=O,319.0,0.15563704,0.09776981,-0.04288077,0.035864476,0.11934875
315,*N1C(=O)c2ccc(-c3ccc4c(c3)C(=O)N(c3ccc(S(=O)(=O)c5ccc(*)cc5)cc3)C4=O)cc2C1=O,330.0,0.30294794,0.2598324,0.38157853,0.23315085,0.43752265
199,*N1C(=O)c2cccc(Sc3cccc4c3C(=O)N(c3ccc(Oc5ccc(*)cc5)cc3)C4=O)c2C1=O,293.0,-0.15743904,-0.27240837,-0.07616335,-0.05055953,-0.17185448
43,*N1C(O)c2cc3c(cc2C1O)C(=O)N(c1ccc(Oc2ccc(P(=O)(c4ccccc4)c4ccc(Oc5ccc(*)cc5)cc4)cc2)cc1)C3=O,254.0,-0.9173429,-0.8083878,-0.7247852,-0.6549948,-0.7295905
196,*N1C(=O)c2cccc(Oc3cccc4c3C(=O)N(c3ccc(Oc5ccc(Oc6ccc(*)cc6)cc5)cc3)C4=O)c2C1=O,263.0,-0.6541376,-0.6937238,-0.65030915,-0.57350886,-0.557514
583,*c1ccc(Cc2ccc(N3C(=O)c4ccc(Sc5ccc6c(c5)C(=O)N(*)C6=O)cc4C3=O)c(C(C)(C)C)c2)cc1C(C)(C)C,286.0,-0.31318668,-0.31841278,-0.11143285,-0.25039303,-0.3075757
371,*n1c(=O)c2cc3c(=O)n(-c4ccc(-c5ccc(*)cc5C)c(C)c4)c(=O)c3cc2c1=O,374.0,1.2031351,0.96645254,0.9829965,1.2840763,1.0948721
408,*N1C(=O)c2ccc(C(O)c3ccc4c(c3)C(=O)N(c3ccc(Oc5ccc(*)cc5)cc3)C4=O)cc2C1=O,250.0,-0.9421735,-1.0587721,-0.94705987,-0.9264459,-0.2849677
508,*c1ccc(Oc2ccc(-c3ccc(Oc4ccc(N5C(=O)c6ccc(C(=O)c7ccc8c(c7)C(=O)N(*)C8=O)cc6C5=O)cc4)cn3)nc2)cc1,296.0,-0.2666506,-0.14684382,-0.1507247,-0.07388431,-0.17058685
227,*n1c(=O)c2cc3c(=O)n(-c4ccc(Oc5ccc(C(C)(C)c6ccc(Oc7ccc(*)cc7)cc6)cc5)cc4)c(=O)c3cc2c1=O,287.0,-0.63567656,-0.3041512,-0.45646414,-0.3402518,-0.29451165
638,*C1CC(=O)N(c2c(C)cc(Cc3cc(C)c(N4C(=O)CC(c5c(OC)cc(OCCCOc6cc(OC)c(*)c(OC)c6)cc5OC)C4=O)c(CC)c3)cc2CC)C1=O,192.0,-2.1772485,-1.8914646,-1.695178,-1.6885359,-1.7006361
799,*c1ccc(-c2ccc(N3C(=O)c4ccc(C(c5ccc6c(c5)C(=O)N(*)C6=O)(C(F)(F)F)C(F)(F)F)cc4C3=O)c(C)c2)cc1C,397.0,1.4714372,1.3502374,1.4454427,1.4276574,1.3675586
367,*c1ccc(-c2ccc(-n3c(=O)c4cc5c(=O)n(*)c(=O)c5c(C(F)(F)F)c4c3=O)cc2C(F)(F)F)c(C(F)(F)F)c1,373.0,1.0498396,0.8570689,0.8502968,0.98320377,1.1463867
745,*c1ccc(-c2ccc(N3Cc4ccc(-c5ccc6c(c5)C(=O)N(*)C6=O)cc4C3)cc2)cc1,395.0,1.8747718,1.5518476,1.6737845,1.4243603,1.6671396
473,*N1C(=O)C2CC3C(=O)N(c4cccc(Oc5ccc(*)cc5)c4)C(=O)C3CC2C1=O,287.8,-0.32373312,-0.25843915,-0.24345598,-0.06913991,-0.1709317
637,*c1c(OC)cc(OCCCOc2cc(OC)c(C3CC(=O)N(c4ccc(Cc5ccc(N6C(=O)CC(*)C6=O)cc5)cc4)C3=O)c(OC)c2)cc1OC,185.0,-2.1201615,-1.9657784,-1.3517687,-1.776649,-1.8221457
240,*c1cccc(C(c2cccc(-n3c(=O)c4cc5c(=O)n(*)c(=O)c5cc4c3=O)c2)(C(F)(F)F)C(F)(F)F)c1,296.0,-0.10582826,-0.2004815,-0.18734108,-0.05576454,-0.09133597
785,*N1C(=O)C2C(C1=O)C1C(=O)N(C3CCC4C=C(c5nc6cc7c(cc6o5)C5(CC7(C)C)CC(C)(C)c6cc7nc(-c8ccc(N9C(=O)c%10ccc(C(c%11ccc%12c(c%11)C(=O)N(*)C%12=O)(C(F)(F)F)C(F)(F)F)cc%10C9=O)cc8)oc7cc65)C=CC43)C(=O)C21,452.0,2.6619391,2.8330717,2.2817113,2.4587808,2.5051572
6,*N1C(=O)C2C=CC=C(c3ccc4c(c3)C(=O)N(c3ccc(*)cc3)C4=O)C2C1=O,410.0,1.7202055,1.7111381,1.6143556,1.646791,1.7532161
254,*c1ccccc1Cc1ccccc1N1C(=O)c2ccc(C(=O)c3ccc4c(c3)C(=O)N(*)C4=O)cc2C1=O,285.0,-0.43833557,-0.399912,-0.32518783,-0.26932776,-0.21466298
61,*N1C(=O)c2ccc(-c3ccc4c(c3)C(=O)N(C35CC6CC(CC(*)(C6)C3)C5)C4=O)cc2C1=O,303.0,-0.061906636,-0.13000228,-0.20943372,-0.017676696,-0.049410474
640,*C1CC(=O)N(c2c(C)cc(Cc3cc(C)c(N4C(=O)CC(c5c(OC)cc(Oc6cc(OC)c(*)c(OC)c6)cc5OC)C4=O)c(CC)c3)cc2CC)C1=O,227.0,-1.4191647,-1.292396,-1.4756305,-1.2176433,-1.1625229
544,*N1C(=O)c2ccc(-c3ccc4c(c3)C(=O)N(c3ccc(-c5nc6cc(*)ccc6o5)cc3)C4=O)cc2C1=O,317.0756064,0.17572732,0.26170397,0.27905238,0.21680602,0.32765257
739,*N1C(=O)c2ccc(C(c3ccc4c(c3)C(=O)N(c3ccc(Oc5cccc(C(c6cccc(Oc7ccc(*)cc7)c6)(C(F)(F)F)C(F)(F)F)c5)cc3)C4=O)(c3c(F)c(F)c(F)c(F)c3F)C(F)(F)F)cc2C1=O,270.0,-0.55383444,-0.61186475,-0.5931244,-0.397834,-0.55871886
601,*c1ccc(Oc2cc(C(C)(C)C)c(Oc3ccc(-n4c(=O)c5cc6c(=O)n(*)c(=O)c6cc5c4=O)cc3)cc2C(C)(C)C)cc1,298.0,-0.16656213,-0.16495356,-0.17178553,-0.09735015,0.01388149
21,*N1C(=O)c2ccc(C(c3ccc4c(c3)C(=O)N(c3c(F)c(F)c(-c5ccc(*)cc5)c(F)c3F)C4=O)(C(F)(F)F)C(F)(F)F)cc2C1=O,385.0,1.3381925,1.1689949,1.1915407,1.2127377,1.0425423
301,*N1C(=O)c2ccc(C(c3ccc4c(c3)C(=O)N(c3cccc(Oc5cccc(S(=O)(=O)c6cccc(Oc7cccc(*)c7)c6)c5)c3)C4=O)(C(F)(F)F)C(F)(F)F)cc2C1=O,244.0,-1.3215256,-1.0666741,-1.0977483,-1.0022286,-0.98065645
772,*c1ccc(C(=O)NC2=CC3C(=O)c4cc(NC(=O)c5ccc(N6C(=O)c7ccc(Oc8ccc9c(c8)C(=O)N(*)C9=O)cc7C6=O)cc5)ccc4OC3C=C2)cc1,331.0,0.45388994,0.47838345,0.5705426,0.54133385,0.38471454
597,*N1C(=O)c2ccc(Oc3ccc4c(c3)C(=O)N(c3ccc(Oc5c(C(F)(F)F)cc(*)cc5C(F)(F)F)cc3)C4=O)cc2C1=O,302.0,-0.053239845,-0.15869364,-0.12809035,-0.044404,0.08042222
4,*n1c(=O)c2cc3c(=O)n(-c4ccc(Oc5ccc(Oc6ccc(*)cc6)cc5)cc4)c(=O)c3cc2c1=O,272.0,-0.5107317,-0.22159734,-0.27553734,-0.40906858,-0.32211497
316,*N1C(=O)c2ccc(-c3ccc4c(c3)C(=O)N(c3cccc(S(=O)(=O)c5cccc(*)c5)c3)C4=O)cc2C1=O,260.0,-0.76114607,-0.7024371,-0.7608046,-0.72182477,-0.6822204
85,*N1C(=O)c2cccc3c(-c4ccc5c6c(cccc46)C(=O)N(c4ccc(C6(c7ccc(*)cc7)c7ccccc7-c7ccccc76)cc4)C5=O)ccc(c23)C1=O,450.0,2.5012681,1.9679643,2.1157541,2.550809,2.2716794
248,*c1cccc(Oc2cccc(N3C(=O)c4ccc(C(=O)c5ccc6c(c5)C(=O)N(*)C6=O)cc4C3=O)c2)c1,221.0,-1.0808309,-1.3433403,-1.243556,-1.1757507,-1.2766927
558,*N1C(=O)c2cccc(-c3cccc4c3C(=O)N(c3ccc(Oc5ccc(-c6ccc(Oc7ccc(*)cc7C(F)(F)F)cc6)cc5)c(C(F)(F)F)c3)C4=O)c2C1=O,282.403778,-0.34011734,-0.48719168,-0.37302065,-0.3855893,-0.3400995
553,*N1C(=O)C2CC3C(=O)N(c4ccc5c(c4)nc(-c4ccc(*)cc4C)n5-c4ccccc4)C(=O)C3CC2C1=O,376.0177148,1.1049235,1.1313564,1.0389686,1.107025,1.0828098
41,*N1C(O)c2ccc(C(c3ccc4c(c3)C(=O)N(c3ccc(Oc5ccc(P(=O)(c6ccccc6)c6ccc(Oc7ccc(*)cc7)cc6)cc5)cc3)C4=O)(C(F)(F)F)C(F)(F)F)cc2C1O,220.0,-1.4556513,-1.412233,-1.4628904,-1.3723301,-0.4856996
317,*N1C(=O)c2ccc(-c3ccc4c(c3)C(=O)N(c3ccc(C(c5ccc(*)cc5)(C(F)(F)F)C(F)(F)F)cc3)C4=O)cc2C1=O,267.0,-0.65987957,-0.65427774,-0.53016436,-0.5077276,-0.60311383
802,*c1ccc(OC(=O)c2ccc(N3C(=O)c4ccc(C(c5ccc6c(c5)C(=O)N(*)C6=O)(C(F)(F)F)C(F)(F)F)cc4C3=O)cc2)cc1,324.0,0.18877675,0.22693042,1.4570851,0.24279317,0.43929327
36,*N1C(O)c2ccc(-c3ccc4c(c3)C(=O)N(c3ccc(P(=O)(c5ccccc5)c5ccc(*)cc5)cc3)C4=O)cc2C1O,371.0,1.209819,0.88462454,0.6505551,1.0557327,1.1071701
8,*c1ccc(N2C(=O)c3ccc(C(=O)c4ccc5c(c4)C(=O)N(*)C5=O)cc3C2=O)cc1,333.0,0.32706544,0.37167156,0.5289361,0.2555518,0.40911198
761,*N1C(=O)c2ccc(C(c3ccc4c(c3)C(=O)N(c3ccc(*)cc3F)C4=O)(C(F)(F)F)C(F)(F)F)cc2C1=O,370.0,1.1115599,0.9670338,0.910024,1.0755632,0.9977531
246,*c1ccc(Oc2ccccc2N2C(=O)c3ccc(C(=O)c4ccc5c(c4)C(=O)N(*)C5=O)cc3C2=O)cc1,287.0,-0.38931093,-0.28636658,-0.37023026,-0.24316005,-0.18840183
474,*N1C(=O)C2CC3C(=O)N(c4ccc(Oc5ccc(*)cc5)cc4)C(=O)C3CC2C1=O,334.3,0.4360723,0.3893387,0.23155841,0.42074007,0.37204617
776,*c1cccc(C(=O)NC2=CC3C(=O)c4cc(NC(=O)c5cccc(N6C(=O)c7ccc(Oc8ccc9c(c8)C(=O)N(*)C9=O)cc7C6=O)c5)ccc4OC3C=C2)c1,310.0,0.09207873,0.0728071,0.13958663,0.098066166,0.058541004
256,*N1C(=O)c2ccc(C(=O)c3ccc4c(c3)C(=O)N(c3cccc(NC(=O)c5ccc(*)cc5)c3)C4=O)cc2C1=O,306.0,-0.055899926,-0.080966264,0.03382206,0.22747214,-0.052270208
252,*c1ccc(Cc2ccccc2N2C(=O)c3ccc(C(=O)c4ccc5c(c4)C(=O)N(*)C5=O)cc3C2=O)cc1,290.0,-0.21331815,-0.2537757,-0.3053816,-0.1717319,-0.18151207
320,*N1C(=O)c2ccc(-c3ccc4c(c3)C(=O)N(c3ccc(Oc5cccc(Oc6ccc(*)cc6)c5)cc3)C4=O)cc2C1=O,210.0,-1.5712798,-1.5572313,-1.3040514,-1.3308942,-1.3897278
728,*N1C(=O)c2ccc(C(=O)OC[C@H]3CC[C@@](C)(COC(=O)c4ccc5c(c4)C(=O)N(c4ccc(O[C@H]6CC[C@@](C)(COc7ccc(*)cc7C(F)(F)F)C6(C)C)c(C(F)(F)F)c4)C5=O)C3(C)C)cc2C1=O,197.0,-2.267466,-2.2989392,-1.9655597,-2.158462,-0.41954017
581,*N1C(=O)c2ccc(S(=O)(=O)c3ccc4c(c3)C(=O)N(c3ccc(Oc5ccc(*)cc5)cc3)C4=O)cc2C1=O,335.0,0.4306233,0.26481122,0.49491686,-0.02753596,0.34032348
626,*N1C(=O)C2C(C1=O)C1C(=O)N(c3ccc(Oc4ccc(-c5nc(-c6ccc(C)cc6)[nH]c5-c5ccc(Oc6ccc(*)cc6C(F)(F)F)cc5)cc4)c(C(F)(F)F)c3)C(=O)C21,280.6701865,-0.37489066,-0.33528405,-0.356488,-0.39320505,-0.2889445
624,*n1c(=O)c2cc3c(=O)n(-c4ccc(Oc5ccc(-c6nc(-c7ccccc7)[nH]c6-c6ccc(Oc7ccc(*)cc7C(F)(F)F)cc6)cc5)c(C(F)(F)F)c4)c(=O)c3cc2c1=O,297.1393051,-0.124597035,-0.1838385,-0.18049064,-0.107366025,-0.105213135
616,*N1C(=O)c2ccc(-c3ccc4c(c3)C(=O)N(c3ccc(Oc5c(-c6ccc(C(F)(F)F)cc6)cc(S(=O)(=O)c6cc(-c7ccc(C(F)(F)F)cc7)c(Oc7ccc(*)cc7)c(-c7ccc(C(F)(F)F)cc7)c6)cc5-c5ccc(C(F)(F)F)cc5)cc3)C4=O)cc2C1=O,281.0,-0.4409977,-0.46962035,-0.39776918,-0.37543368,-0.36681733
377,*N1C(=O)c2ccc(Cc3ccc4c(c3)C(=O)N(c3cc(*)cc(C(F)(F)F)c3)C4=O)cc2C1=O,274.0,-0.4675102,-0.49467266,-0.19079113,-0.43382987,-0.4212321
496,*c1cccc(Oc2ccc(-n3c(=O)c4cc5c(=O)n(*)c(=O)c5cc4c3=O)cc2)c1,360.0,0.612661,0.82029784,0.89777195,0.7815349,0.82904094
753,*c1ccc2oc([C@H]3CC[C@@H](c4nc5ccc(N6C(=O)C7C8C(=O)N(*)C(=O)C8C7C6=O)cc5o4)CC3)nc2c1,400.0,1.4705114,1.2620562,1.3595669,1.303738,1.6066849
292,*N1C(=O)c2ccc(C(c3ccc4c(c3)C(=O)N(c3ccc(C(=O)c5ccc(*)cc5)cc3)C4=O)(C(F)(F)F)C(F)(F)F)cc2C1=O,311.0,0.052260242,0.026102472,0.14521189,0.055139784,0.002095271
740,*c1ccc(N2C(=O)c3ccc(C(c4ccc5c(c4)C(=O)N(*)C5=O)(c4c(F)c(F)c(F)c(F)c4F)C(F)(F)F)cc3C2=O)cc1,323.0,0.2181937,0.26915842,0.18057464,0.19870953,0.30461165
499,*c1cccc(N2C(=O)c3ccc(Oc4ccc(C(C)(C)c5ccc(Oc6ccc7c(c6)C(=O)N(*)C7=O)cc5)cc4)cc3C2=O)c1,217.0,-1.4207984,-1.0393585,-1.3632877,-1.2291031,-1.2826487
757,*c1ccc(-c2nc3cc(N4C(=O)c5ccc(C(c6ccc7c(c6)C(=O)N(*)C7=O)(C(F)(F)F)C(F)(F)F)cc5C4=O)ccc3[nH]2)c(C)c1,371.0,0.93975145,0.98113245,0.956021,0.9520018,0.9225413
459,*c1ccc2c(c1)C1(OC2=O)OC(=O)c2ccc(N3C(=O)c4ccc(C(O)c5ccc6c(c5)C(=O)N(*)C6=O)cc4C3=O)cc21,325.0,0.21344198,-0.5722582,0.18666223,0.31855643,0.3013023
247,*c1ccc(Oc2cccc(N3C(=O)c4ccc(C(=O)c5ccc6c(c5)C(=O)N(*)C6=O)cc4C3=O)c2)cc1,252.0,-1.0827855,-1.102316,-1.1302679,-0.9031683,-1.0199729
434,*N1C(=O)c2ccc(C(c3ccc4c(c3)C(=O)N(c3ccc(OCCCCCCOc5ccc(*)cc5)cc3)C4=O)(C(F)(F)F)C(F)(F)F)cc2C1=O,167.0,-2.304208,-2.2791452,-2.1567078,-0.82739484,-2.114841
297,*N1C(=O)c2ccc(C(c3ccc4c(c3)C(=O)N(c3cccc(C(c5cccc(*)c5)(C(F)(F)F)C(F)(F)F)c3)C4=O)(C(F)(F)F)C(F)(F)F)cc2C1=O,318.5,0.19349493,0.14169899,0.060780704,0.20552021,0.21152337
607,*N1C(=O)c2ccc(Oc3ccc4c(c3)C(=O)N(c3ccc(Oc5ccc(Oc6ccc(Oc7ccc(*)cn7)cc6)cc5)nc3)C4=O)cc2C1=O,223.0,-1.1310766,-1.3211584,-1.2581084,-1.2160722,-1.1038367
313,*N1C(=O)c2cccc(-c3cccc4c3C(=O)N(c3ccc(Oc5ccc(*)cc5)cc3)C4=O)c2C1=O,330.0,0.4317193,0.26182702,0.18216994,0.26600564,0.25550327
418,*c1cc(Oc2c(C)cc(-c3cc(C)c(Oc4cc(N5C(=O)c6ccc(Oc7ccc8c(c7)C(=O)N(*)C8=O)cc6C5=O)cc(C(F)(F)F)c4)c(C)c3)cc2C)cc(C(F)(F)F)c1,217.0,-1.4725282,-1.3536743,-1.3949602,-1.23531,-1.097689
507,*N1C(=O)c2ccc(-c3ccc4c(c3)C(=O)N(c3ccc(Oc5cnc(-c6ncc(Oc7ccc(*)cc7)cn6)nc5)cc3)C4=O)cc2C1=O,291.0,-0.30048746,-0.24641405,-0.22133963,-0.14216858,-0.21405132
194,*N1C(=O)c2cccc(Oc3ccc4c(c3)C(=O)N(c3ccc(Oc5ccc(*)cc5)cc3)C4=O)c2C1=O,278.0,-0.42732134,-0.49468902,-0.4742603,-0.3827197,-0.39604074
587,*c1c(C(C)C)cc(C(c2cc(C(C)C)c(N3C(=O)c4ccc(Oc5ccc6c(c5)C(=O)N(*)C6=O)cc4C3=O)c(C(C)C)c2)c2cccc3ccccc23)cc1C(C)C,296.0,-0.10684351,-0.06783329,-0.06443911,-0.06823994,-0.05720872
355,*N1C(=O)c2ccc(C(c3ccc4c(c3)C(=O)N(c3ccc(-c5ccc(*)c(C(F)(F)F)c5)cc3C(F)(F)F)C4=O)(C(F)(F)F)C(F)(F)F)cc2C1=O,367.0,1.0619944,0.92946213,1.003875,1.0389712,0.9532561
453,*N1C(=O)c2ccc(C(c3ccc4c(c3)C(=O)N(c3ccc(Oc5ccc6c(c5)C(C)(C)CC5(Cc7ccc(Oc8ccc(*)cc8)cc7C(C)(C)C5)C6)cc3)C4=O)(C(F)(F)F)C(F)(F)F)cc2C1=O,240.0,-1.0558589,-1.0648173,-1.0110707,-1.0333344,-0.94960153
407,*c1ccc(Oc2ccc(N3C(=O)c4ccc([Si](C)(C)c5ccc6c(c5)C(=O)N(*)C6=O)cc4C3=O)cc2)cc1,274.0,-0.55369794,-0.6271196,-0.5347509,-0.45362368,-0.47880834
161,*N1C(=O)c2cccc(-c3ccc4c(c3)C(=O)N(c3ccc(Oc5ccc(Oc6ccc(*)cc6)cc5)cc3)C4=O)c2C1=O,283.0,-0.32349706,-0.42499495,-0.43520972,-0.30388224,-0.3396985
576,*N1C(=O)c2ccc(Oc3ccc(C4(c5ccc(Oc6ccc7c(c6)C(=O)N(c6ccc(Oc8ccc(*)cc8)cc6)C7=O)cc5)c5ccccc5-c5ccccc54)cc3)cc2C1=O,281.0,-0.5989851,-0.6420275,-0.6024818,-0.54772604,-0.45421523
530,*N1C(=O)c2ccc(OC3COC4C(Oc5ccc6c(c5)C(=O)N(c5ccc(C(c7ccc(*)cc7)(C(F)(F)F)C(F)(F)F)cc5)C6=O)COC34)cc2C1=O,277.0,-0.99846673,-0.8487718,-0.4259595,-0.39489245,-0.4932968
436,*N1C(=O)c2ccc(C(c3ccc4c(c3)C(=O)N(c3ccc(OCCOOc5ccc(*)cc5)cc3)C4=O)(C(F)(F)F)C(F)(F)F)cc2C1=O,254.0,-0.9742954,-1.1029345,-1.0679507,-1.500575,-0.7143093
257,*N1C(=O)c2ccc(C(=O)c3ccc4c(c3)C(=O)N(c3ccc(NC(=O)c5cccc(*)c5)cc3)C4=O)cc2C1=O,309.0,0.044598136,0.032729406,0.044992734,0.0701107,0.051243976
550,*N1C(=O)c2ccc(C(c3ccc4c(c3)C(=O)N(c3ccc5c(c3)nc(-c3ccc(*)cc3C)n5-c3ccccc3)C4=O)(C(F)(F)F)C(F)(F)F)cc2C1=O,340.4790906,0.6160619,0.5775343,0.48722792,0.48532248,0.5281195
534,*N1C(=O)c2ccc(Oc3ccc(C(C)(C)c4ccc(Oc5ccc6c(c5)C(=O)N(c5ccc(-c7ccc(*)cc7C(F)(F)F)c(C(F)(F)F)c5)C6=O)cc4)cc3)cc2C1=O,219.0,-1.3809733,-1.248608,-1.2621722,-1.2397557,-1.207733
602,*c1ccc(Oc2cc(C(=O)OCCCCCCCCCCCC)c(Oc3ccc(-n4c(=O)c5cc6c(=O)n(*)c(=O)c6cc5c4=O)cc3)cc2C(=O)OCCCCCCCCCCCC)cc1,132.0,-2.977982,-2.770777,-2.9782338,-2.6630917,-2.8671262
752,*c1ccc2oc([C@H]3CC[C@H](c4nc5ccc(N6C(=O)C7C8C(=O)N(*)C(=O)C8C7C6=O)cc5o4)CC3)nc2c1,404.0,1.672905,1.6289793,1.5855162,1.4838911,1.7103262
806,*c1ccc(OC(=O)c2ccc(N3C(=O)c4ccc(C(=O)Oc5ccc(OC(=O)c6ccc7c(c6)C(=O)N(*)C7=O)cc5)cc4C3=O)cc2)cc1,485.0,2.9571137,2.7504601,2.7686744,2.690903,2.9679022
649,*N1C(=O)c2ccc(C(c3cc(C(F)(F)F)cc(C(F)(F)F)c3)(c3ccc4c(c3)C(=O)N(c3ccc(Oc5ccc(Oc6ccc(*)cc6C(F)(F)F)cc5)c(C(F)(F)F)c3)C4=O)C(F)(F)F)cc2C1=O,349.0,0.71872526,0.65573156,0.42307773,0.80785346,0.6669015
539,*N1C(=O)c2ccc(C(c3ccc4c(c3)C(=O)N(c3ccc5oc(-c6ccc(*)cc6)nc5c3)C4=O)(C(F)(F)F)C(F)(F)F)cc2C1=O,363.0,0.92769444,0.9658118,0.8897268,0.96880186,0.7600846
627,*n1c(=O)c2cc3c(=O)n(-c4ccc(Oc5ccc(-c6nc(-c7ccc(C)cc7)[nH]c6-c6ccc(Oc7ccc(*)cc7C(F)(F)F)cc6)cc5)c(C(F)(F)F)c4)c(=O)c3cc2c1=O,288.4713479,-0.24353866,-0.30009702,-0.24896413,-0.20479353,-0.2372681
504,*N1C(=O)c2ccc(C(=O)c3ccc4c(c3)C(=O)N(c3cccc(S(=O)(=O)c5cccc(*)c5)c3)C4=O)cc2C1=O,277.0,-0.6055644,-0.490589,-0.45370978,-0.4602412,-0.4765978
48,*N1C(O)c2cc3c(cc2C1O)C(C(F)(F)F)(C(F)(F)F)c1cc2c(cc1O3)C(=O)N(c1ccc(-c3ccc(*)cc3OC(F)(F)F)c(OC(F)(F)F)c1)C2=O,375.0,1.0996503,1.0081273,0.9879959,1.0644445,1.139423
286,*N1C(=O)c2ccc(C(c3ccc4c(c3)C(=O)N(c3ccc(Oc5ccc(*)cc5)cc3)C4=O)(C(F)(F)F)C(F)(F)F)cc2C1=O,288.0,-0.39586094,-0.33188087,-0.3841555,-0.24822508,-0.3278033
604,*N1C(=O)c2ccc(Oc3ccc4c(c3)C(=O)N(c3ccc(*)cc3Cl)C4=O)cc2C1=O,285.0,-0.36716202,-0.41970754,-0.36205384,-0.25655338,-0.3005755
735,*c1ccc(C(=O)Nc2ccc(-c3ccc(NC(=O)c4ccc(N5C(=O)c6ccc(C(c7ccc8c(c7)C(=O)N(*)C8=O)(C(F)(F)F)C(F)(F)F)cc6C5=O)cc4)cc3)cc2)cc1,387.0,1.2998188,1.1373395,0.7203076,1.1802864,1.1944307
519,*c1ccc2nc(-c3ccc(N4C(=O)c5ccc(C(=O)c6ccc7c(c6)C(=O)N(*)C7=O)cc5C4=O)cc3)c(C)nc2c1,377.0,1.1201311,0.7764496,1.007843,1.0694231,1.1823951
520,*c1ccc2nc(-c3ccc(N4C(=O)c5ccc(C(=O)c6ccc7c(c6)C(=O)N(*)C7=O)cc5C4=O)cc3)cnc2c1,418.0,1.8676753,1.9470621,1.7483735,1.6627932,1.6342679
84,*N1C(=O)c2cccc3c(-c4ccc5c6c(cccc46)C(=O)N(c4ccc(Cc6ccc(*)cc6)cc4)C5=O)ccc(c23)C1=O,430.0,2.142652,1.763171,1.9604106,1.9268255,1.82999
249,*c1ccc(Cc2ccc(N3C(=O)c4ccc(C(=O)c5ccc6c(c5)C(=O)N(*)C6=O)cc4C3=O)cc2)cc1,306.0,-0.035256464,-0.03620066,0.069733866,-0.010879756,-0.002445605
451,*N1C(=O)c2ccc(C(=O)c3ccc4c(c3)C(=O)N(c3ccc(Oc5ccc6c(c5)C(C)(C)CC5(Cc7ccc(Oc8ccc(*)cc8)cc7C(C)(C)C5)C6)cc3)C4=O)cc2C1=O,236.0,-1.1196128,-0.7311163,-0.99147373,-0.9736763,-0.9329607
466,*c1ccc(Oc2c(C)cc(C(C)(C)c3cc(C)c(Oc4ccc(NC(=O)c5ccc6c(c5)C(=O)N(c5ccc(Oc7ccc(C8(c9ccc(Oc%10ccc(N%11C(=O)c%12ccc(C(=O)N*)cc%12C%11=O)cc%10)cc9)CCCCCCCCCCC8)cc7)cc5)C6=O)cc4)c(C)c3)cc2C)cc1,253.0,-0.93029666,-0.8988021,-0.7697891,-0.77402055,-0.69111353
7,*N1C(=O)C2C=CC=C(c3cccc4c3C(=O)N(c3ccc(Oc5ccc(*)cc5)cc3)C4=O)C2C1=O,330.0,0.35153416,0.32703376,0.39547914,0.30109727,0.3615051
600,*c1ccc(Oc2ccc(Oc3ccc(-n4c(=O)c5cc6c(=O)n(*)c(=O)c6cc5c4=O)cc3C(F)(F)F)cc2)c(C(F)(F)F)c1,296.0,0.09418594,-0.09139368,-0.1308904,-0.09943695,-0.08793914
585,*c1ccc(C(c2ccc(N3C(=O)c4ccc(Oc5ccc6c(c5)C(=O)N(*)C6=O)cc4C3=O)cc2)c2cccc3ccccc23)cc1,301.0,-0.087658785,0.370073,0.023066502,0.38337642,0.08050659
339,*c1cccc(Oc2cccc(N3C(=O)c4ccc([Si](C)(C)c5ccc6c(c5)C(=O)N(*)C6=O)cc4C3=O)c2)c1,228.0,-1.4342877,-1.4168092,-1.2698159,-1.235429,-1.1646591
304,*N1C(=O)c2ccc(C(c3ccc4c(c3)C(=O)N(c3cccc(Cc5cccc(*)c5)c3)C4=O)(C(F)(F)F)C(F)(F)F)cc2C1=O,231.0,-1.146641,-1.1610099,-1.0715384,-1.0356953,-1.1314672
373,*c1ccc(-c2ccc(-c3ccc(-n4c(=O)c5cc6c(=O)n(*)c(=O)c6c(C(F)(F)F)c5c4=O)cc3)cc2)cc1,364.0,0.8855939,0.6685963,0.87850946,0.8501332,0.93240243
382,*N1C(=O)c2ccc(S(=O)(=O)c3ccc4c(c3)C(=O)N(c3cc(*)cc(C(F)(F)F)c3)C4=O)cc2C1=O,310.0,0.01759103,0.017206643,0.04708346,-0.002677188,-0.002452884
12,*c1ccc(Oc2ccc(-n3c(=O)c4cc5c(=O)n(*)c(=O)c5cc4c3=O)cc2)cc1,380.0,0.33305937,0.72491485,0.5642802,0.70747876,0.7187713
513,*c1ccc2nc(-c3ccc(N4C(=O)c5ccc(-c6ccc7c(c6)C(=O)N(*)C7=O)cc5C4=O)cc3)c(C)nc2c1,355.0,0.7630463,0.83322525,0.769339,0.8423878,0.86959195
239,*c1ccc(C(c2ccc(-n3c(=O)c4cc5c(=O)n(*)c(=O)c5cc4c3=O)cc2)(C(F)(F)F)C(F)(F)F)cc1,345.0,0.68665946,0.5940071,0.51685977,0.5912267,0.65878296
190,*N1C(=O)c2ccc(-c3ccc4c(c3)C(=O)N(c3ccc(Oc5ccc(Oc6ccc(*)cc6)cc5)cc3)C4=O)cc2C1=O,257.0,-0.8737128,-0.88369745,-0.9665105,-0.75623655,-0.77506346
50,*c1ccc(-c2ccc(N3C(=O)c4cc5c(cc4C3=O)C(C(F)(F)F)(C(F)(F)F)c3cc4c(cc3O5)C(O)N(*)C4O)cc2OC(F)(F)C(F)OC(F)(F)C(F)(F)C(F)(F)F)c(OC(F)(F)C(F)OC(F)(F)C(F)(F)C(F)(F)F)c1,350.0,0.83839595,0.6765204,0.4769318,0.72249436,0.7652359
554,*N1C(=O)c2cccc(-c3cccc4c3C(=O)N(c3ccc(-c5ccc(*)cc5C(F)(F)F)c(C(F)(F)F)c3)C4=O)c2C1=O,358.6818006,0.81492877,0.67753,0.8345794,0.8628793,0.6879448
357,*N1C(=O)c2ccc(C(c3ccc4c(c3)C(=O)N(c3ccc(-c5ccc(*)cc5Cl)c(Cl)c3)C4=O)(C(F)(F)F)C(F)(F)F)cc2C1=O,325.0,0.20709394,0.2260051,0.30622095,0.15738134,0.230006
778,*c1cccc(C(=O)Oc2ccc3c(c2)C(C)(C)CC32CC(C)(C)c3cc(OC(=O)c4cccc(N5C(=O)c6ccc(C(C7C=C8C(=O)N(*)C(=O)C8=CC7)(C(F)(F)F)C(F)(F)F)cc6C5=O)c4)ccc32)c1,289.0,-0.22236536,-0.24816316,-0.18128417,-0.20251748,-0.23413588
697,*c1ccc(Oc2ccc(N3C(=O)c4ccc(C(=O)c5cccc6c5C(=O)N(*)C6=O)cc4C3=O)cc2)cc1,313.0,0.10375367,-0.19120933,0.03557323,0.07010855,0.08469008
413,*N1C(=O)c2ccc(Oc3ccc4c(c3)C(=O)N(c3cccc(C(O)c5cccc(*)c5)c3)C4=O)cc2C1=O,262.0,-0.8552189,-0.82489026,-0.7790726,-0.8597412,-0.509011
750,*N1C(=O)C2CC3C(=O)N(c4ccc5nc([C@H]6CC[C@H](c7nc8cc(*)ccc8o7)CC6)oc5c4)C(=O)C3CC2C1=O,332.0,0.24483754,0.2848208,0.38054198,0.31374204,0.3176876
455,*c1ccc2c(c1)C1(c3ccccc3-2)c2ccccc2-c2ccc(N3C(=O)c4ccc(Oc5ccc(C(C)(C)c6ccc(Oc7ccc8c(c7)C(=O)N(*)C8=O)cc6)cc5)cc4C3=O)cc21,287.0,-0.30418262,0.07585351,-0.32447144,-0.31792593,-0.12292637
721,*N1C(=O)c2ccc(Oc3ccc(Oc4ccc5c(c4)C(=O)N(C46CC7C8CC9(*)CC7C(C4)C(C9)C8C6)C5=O)cc3)cc2C1=O,310.0,0.017900817,0.010564393,-0.06369715,0.034266446,0.024783075
409,*c1ccc(Oc2ccc(N3C(=O)c4ccc(C(c5ccc6c(c5)C(=O)N(*)C6=O)[Si](C)(C)C)cc4C3=O)cc2)cc1,210.0,-1.5511975,-1.1710254,-1.4842763,-1.3555188,-1.302125
202,*N1C(=O)c2cccc(Oc3ccc(Oc4cccc5c4C(=O)N(c4ccc(Oc6ccc(*)cc6)cc4)C5=O)cc3)c2C1=O,269.0,-0.63521034,-0.73853904,-0.63830787,-0.5513269,-0.5669216
589,*c1c(C)cc(C(c2cc(C)c(N3C(=O)c4ccc(-c5ccc6c(c5)C(=O)N(*)C6=O)cc4C3=O)c(C)c2)c2cccc3ccccc23)cc1C,387.0,0.88336873,1.2700925,0.88680005,1.2713184,1.2907041
351,*N1C(=O)c2ccc(C(c3ccc4c(c3)C(=O)N(c3cc(C(F)(F)F)c(*)cc3C(F)(F)F)C4=O)(C(F)(F)F)C(F)(F)F)cc2C1=O,365.0,1.1502469,1.3144225,1.0134134,1.0037502,0.8916131
461,*c1ccc2c(c1)C1(OC2=O)OC(=O)c2ccc(N3C(=O)c4ccc(Oc5ccc(Oc6ccc7c(c6)C(=O)N(*)C7=O)cc5)cc4C3=O)cc21,264.0,-0.8352883,-0.7121411,-0.36201465,-0.5583697,-0.57246715
300,*N1C(=O)c2ccc(C(c3ccc4c(c3)C(=O)N(c3ccc(Oc5ccc(S(=O)(=O)c6ccc(Oc7ccc(*)cc7)cc6)cc5)cc3)C4=O)(C(F)(F)F)C(F)(F)F)cc2C1=O,293.0,-0.30998912,-0.29895312,-0.3765977,-0.19749393,-0.29237527
3,*n1c(=O)c2ccc3c(=O)n(-c4ccc(Oc5ccc(Oc6ccc(*)cc6)cc5)cc4)c(=O)c3c2c1=O,292.0,-0.20682313,-0.24573062,-0.30918172,-0.18637897,-0.17814076
224,*n1c(=O)c2ccc3c(=O)n(Oc4ccc(Oc5cccc(Oc6ccc(*)cc6)c5)cc4)c(=O)c3c2c1=O,272.0,-0.5327165,-0.52224135,-0.49651915,-0.42148003,-0.547156
794,*N1C(=O)C2C(C1=O)C1C(=O)N(c3ccc(C(=O)Nc4ccc(-c5ccc(NC(=O)c6ccc(N7C(=O)c8ccc(C(c9ccc%10c(c9)C(=O)N(*)C%10=O)(C(F)(F)F)C(F)(F)F)cc8C7=O)cc6)cc5C(F)(F)F)c(C(F)(F)F)c4)cc3)C(=O)C21,396.0,1.470722,1.5330108,1.380965,1.5066316,1.5066262
156,*N1C(=O)c2cccc(-c3ccc4c(c3)C(=O)N(c3cccc(Oc5cccc(*)c5)c3)C4=O)c2C1=O,245.0,-1.2171075,-1.1719068,-1.461514,-0.896469,-0.88186496
737,*N1C(=O)c2ccc(C(C)(C)c3ccc4c(c3)C(=O)N(c3ccc(-c5ccc(N6C(=O)c7ccc(C(c8ccc9c(c8)C(=O)N(c8ccc(C(=O)Nc%10ccc(-c%11ccc(NC(=O)c%12ccc(*)cc%12)cc%11)cc%10)cc8)C9=O)(C(F)(F)F)C(F)(F)F)cc7C6=O)cc5C)c(C)c3)C4=O)cc2C1=O,385.0,1.2813878,1.1720117,1.1012805,0.90899706,1.1998076
263,*c1ccc(C(=O)c2ccccc2N2C(=O)c3ccc(C(=O)c4ccc5c(c4)C(=O)N(*)C5=O)cc3C2=O)cc1,289.0,-0.2551016,-0.26867557,-0.25362146,-0.15610915,-0.22452237
608,*N1C(=O)c2ccc(C(O)c3ccc4c(c3)C(=O)N(c3ccc(Oc5ccc(Oc6ccc(Oc7ccc(*)cn7)cc6)cc5)nc3)C4=O)cc2C1=O,237.0,-1.1149766,-1.169011,-1.0805712,-1.0081877,-0.89343804
229,*c1ccc(Oc2ccc(C(c3ccc(Oc4ccc(-n5c(=O)c6cc7c(=O)n(*)c(=O)c7cc6c5=O)cc4)cc3)(C(F)(F)F)C(F)(F)F)cc2)cc1,327.0,0.23070921,0.45902097,0.005700486,0.24739152,0.273718
294,*c1ccc(C(=O)c2cccc(N3C(=O)c4ccc(C(c5ccc6c(c5)C(=O)N(*)C6=O)(C(F)(F)F)C(F)(F)F)cc4C3=O)c2)cc1,288.0,-0.4107858,-0.435753,-0.43978304,-0.33723807,-0.3071065
618,*N1C(=O)c2ccc(Oc3ccc4c(c3)C(=O)N(c3ccc(Oc5c(-c6ccc(C(F)(F)F)cc6)cc(S(=O)(=O)c6cc(-c7ccc(C(F)(F)F)cc7)c(Oc7ccc(*)cc7)c(-c7ccc(C(F)(F)F)cc7)c6)cc5-c5ccc(C(F)(F)F)cc5)cc3)C4=O)cc2C1=O,259.0,-0.68329966,-0.66015,-0.6918753,-0.6329253,-0.6277128
598,*N1C(=O)c2ccc(C(c3ccc4c(c3)C(=O)N(c3ccc(Oc5c(C(F)(F)F)cc(*)cc5C(F)(F)F)cc3)C4=O)(C(F)(F)F)C(F)(F)F)cc2C1=O,317.0,0.10383929,-0.012370889,0.13301472,0.30990162,0.19200762
505,*c1ccc(Oc2cc(C#N)c(C#N)cc2Oc2ccc(N3C(=O)c4ccc(C(=O)c5ccc6c(c5)C(=O)N(*)C6=O)cc4C3=O)cc2)cc1,325.0,0.23004459,0.17210168,0.44265306,0.6960641,0.36560157
233,*N1C(=O)c2ccc(Sc3ccc(S(=O)(=O)c4ccc(Sc5ccc6c(c5)C(=O)N(c5ccc(Oc7ccc(*)cc7)cc5)C6=O)cc4)cc3)cc2C1=O,261.0,-0.77299994,-0.9107644,-0.80849487,-0.87290573,-0.6838232
548,*N1C(=O)c2ccc(Oc3ccc4c(c3)C(=O)N(c3ccc(Oc5ccc(C6(c7ccc(Oc8ccc(*)cc8)cc7)c7ccccc7-c7ccccc76)cc5)cc3)C4=O)cc2C1=O,263.0,-0.5989851,-0.6420275,-0.6024818,-0.54772604,-0.4542152
155,*c1cccc(Oc2cccc(N3C(=O)c4cccc(-c5cccc6c5C(=O)N(*)C6=O)c4C3=O)c2)c1,246.0,-1.1142278,-1.1309563,-1.1946974,-0.9307666,-0.9997503
31,*N1C(=O)c2c(F)c(F)c(Oc3c(F)c(F)c(Oc4c(F)c(F)c5c(c4F)C(=O)N(c4ccc(-c6ccc(*)cc6C(F)(F)F)c(C(F)(F)F)c4)C5=O)c(F)c3F)c(F)c2C1=O,312.0,0.1135352,0.011235823,0.05436349,0.04853929,0.11085947
49,*c1ccc(-c2ccc(N3C(=O)c4cc5c(cc4C3=O)C(C(F)(F)F)(C(F)(F)F)c3cc4c(cc3O5)C(O)N(*)C4O)cc2OC(F)(F)C(F)F)c(OC(F)(F)C(F)F)c1,363.0,0.8928997,0.16432115,0.7571425,0.6063274,1.0328442
295,*N1C(=O)c2ccc(C(c3ccc4c(c3)C(=O)N(c3cccc(C(=O)c5cccc(*)c5)c3)C4=O)(C(F)(F)F)C(F)(F)F)cc2C1=O,260.0,-0.63075733,-0.70360804,-0.712298,-0.647269,-0.6159427
262,*c1ccccc1C(=O)c1cccc(N2C(=O)c3ccc(C(=O)c4ccc5c(c4)C(=O)N(*)C5=O)cc3C2=O)c1,295.0,-0.18274768,-0.24328962,-0.24959922,-0.114499524,-0.17546609
381,*c1cc(N2C(=O)c3ccc([Si](C)(C)c4ccc5c(c4)C(=O)N(*)C5=O)cc3C2=O)cc(C(F)(F)F)c1,263.0,-0.6985358,-0.67934126,-0.69293624,-0.65739155,-0.5998461
417,*c1cc(Oc2c(C)cc(-c3cc(C)c(Oc4cc(N5C(=O)c6ccc(C(c7ccc8c(c7)C(=O)N(*)C8=O)(C(F)(F)F)C(F)(F)F)cc6C5=O)cc(C(F)(F)F)c4)c(C)c3)cc2C)cc(C(F)(F)F)c1,245.0,-0.9354437,-1.0621271,-1.0479925,-0.9274412,-0.90848875
379,*N1C(=O)c2ccc(C(=O)c3cccc(C(=O)c4ccc5c(c4)C(=O)N(c4cc(*)cc(C(F)(F)F)c4)C5=O)c3)cc2C1=O,253.0,-0.9152119,-0.8662229,-0.7524049,-0.7251426,-0.32518557
154,*N1C(=O)c2ccc(-c3ccc4c(c3)C(=O)N(c3ccc(Oc5ccc(*)cc5)cc3)C4=O)cc2C1=O,285.0,-0.29506394,-0.33320153,-0.41264474,-0.28076905,-0.22694893
506,*N1C(=O)c2ccc(Oc3ccc4c(c3)C(=O)N(c3cccc(S(=O)(=O)c5cccc(*)c5)c3)C4=O)cc2C1=O,290.0,-0.4269714,-0.47231585,-0.33653182,-0.2915747,-0.35731217
545,*N1C(=O)c2ccc(Oc3ccc4c(c3)C(=O)N(c3ccc(Oc5ccc(*)cc5)cc3)C4=O)cc2C1=O,257.32,-0.23215763,-0.6243481,-0.78775007,-0.5650009,-0.5120557
533,*N1C(=O)c2ccc(OC3COC4C(Oc5ccc6c(c5)C(=O)N(c5ccc(OC7COC8C(Oc9ccc(*)cc9C(F)(F)F)COC78)c(C(F)(F)F)c5)C6=O)COC34)cc2C1=O,233.0,-1.3373171,-1.2786642,-1.0981503,-1.1363997,-1.0277548
590,*c1c(C(C)C)cc(C(c2cc(C(C)C)c(N3C(=O)c4ccc(-c5ccc6c(c5)C(=O)N(*)C6=O)cc4C3=O)c(C(C)C)c2)c2cccc3ccccc23)cc1C(C)C,339.0,0.52175134,0.47811377,0.3364321,0.40453136,0.31968966
779,*c1ccc(C(=O)Oc2ccc(OC(=O)c3ccc(N4C(=O)c5ccc(C(C6C=C7C(=O)N(*)C(=O)C7=CC6)(C(F)(F)F)C(F)(F)F)cc5C4=O)cc3)cc2)cc1,331.0,0.36150995,0.28180176,0.12194326,0.34705684,0.46628124
648,*N1C(=O)c2ccc(C(=O)c3ccc4c(c3)C(=O)N(c3ccc(Oc5ccc(C(c6ccccc6)(c6ccc(Oc7ccc(*)cc7)cc6)C(F)(F)F)cc5)cc3)C4=O)cc2C1=O,352.0,0.81018126,0.7676069,0.5256685,0.8417248,1.0339758
614,*N1C(=O)c2ccc(Oc3ccc(C(C)(C)c4ccc(Oc5ccc6c(c5)C(=O)N(c5cc(*)c(C(C)C)cc5C(C)C)C6=O)cc4)cc3)cc2C1=O,261.0,-0.673424,-0.7523074,-0.6623588,-0.57831126,-0.6033689
266,*c1ccc(C(c2ccc(N3C(=O)c4ccc(C(=O)c5ccc6c(c5)C(=O)N(*)C6=O)cc4C3=O)cc2)(C(F)(F)F)C(F)(F)F)cc1,239.0,-1.1012115,-0.98883456,-0.8685024,-0.96228385,-0.96648735
299,*N1C(=O)c2ccc(C(c3ccc4c(c3)C(=O)N(c3cccc(Oc5ccc(C(c6ccc(Oc7cccc(*)c7)cc6)(C(F)(F)F)C(F)(F)F)cc5)c3)C4=O)(C(F)(F)F)C(F)(F)F)cc2C1=O,246.0,-1.1034195,-1.0264372,-1.1903327,-0.95864636,-1.0177373
625,*N1C(=O)c2ccc(C(c3ccc4c(c3)C(=O)N(c3ccc(Oc5ccc(-c6nc(-c7ccccc7)[nH]c6-c6ccc(Oc7ccc(*)cc7C(F)(F)F)cc6)cc5)c(C(F)(F)F)c3)C4=O)(C(F)(F)F)C(F)(F)F)cc2C1=O,277.2030037,-0.47631648,-0.53694284,-0.40743026,-0.15746947,-0.36258212
542,*c1ccc2[nH]c(-c3ccc(N4C(=O)c5ccc(C(=O)c6ccc7c(c6)C(=O)N(*)C7=O)cc5C4=O)cc3)nc2c1,371.6837363,0.9367493,1.0224773,1.0838051,0.8606042,1.0408449
456,*N1C(=O)c2ccc(Oc3ccc4c(c3)C(=O)N(c3ccc5c(c3)C3(c6ccccc6-c6ccc(*)cc63)c3ccccc3-5)C4=O)cc2C1=O,362.0,0.9346703,0.88535494,0.7420951,0.9124289,0.85930073
724,*N1C(=O)c2ccc(-c3ccc4c(c3)C(=O)N(C35CC6C7CC8(*)CC6C(C3)C(C8)C7C5)C4=O)cc2C1=O,335.0,0.41029847,0.28724915,0.22899859,0.39054927,0.35988438
452,*N1C(=O)c2ccc(S(=O)(=O)c3ccc4c(c3)C(=O)N(c3ccc(Oc5ccc6c(c5)C(C)(C)CC5(Cc7ccc(Oc8ccc(*)cc8)cc7C(C)(C)C5)C6)cc3)C4=O)cc2C1=O,256.0,-0.86424446,-0.8497625,-0.80287325,-0.7042677,-0.71782917
273,*N1C(=O)c2ccc(Oc3ccc4c(c3)C(=O)N(c3cccc(Cc5ccc(*)cc5)c3)C4=O)cc2C1=O,274.0,-0.60000396,-0.5414246,-0.48369375,-0.4187076,-0.5316812
727,*N1C(=O)c2ccc(C(=O)c3ccc4c(c3)C(=O)N(c3ccc(O[C@H]5CC[C@@](C)(COc6ccc(*)cc6C(F)(F)F)C5(C)C)c(C(F)(F)F)c3)C4=O)cc2C1=O,229.0,-1.4741814,-1.3786458,-1.2777722,-1.2923685,0.13400365
524,*N1C(=O)c2ccc(-c3cccc4c3C(=O)N(c3cccc(Oc5cc(Oc6cccc(*)c6)cc(P(=O)(c6ccccc6)c6ccccc6)c5)c3)C4=O)cc2C1=O,208.0,-1.7404464,-1.3826665,-1.590112,-1.6778276,-1.4995495
569,*N1C(=O)c2ccc(C(c3ccc4c(c3)C(=O)N(c3ccc(C5(c6ccc(*)cc6)c6cc(-c7cc(C(F)(F)F)cc(C(F)(F)F)c7)ccc6-c6ccc(-c7cc(C(F)(F)F)cc(C(F)(F)F)c7)cc65)cc3)C4=O)(C(F)(F)F)C(F)(F)F)cc2C1=O,361.2,0.92251873,0.9281706,0.823638,0.86117786,0.8977476
691,*N1C(=O)c2ccc(C(c3ccc4c(c3)C(=O)N(c3ccc(C#Cc5ccc(*)cc5)cc3)C4=O)(C(F)(F)F)C(F)(F)F)cc2C1=O,420.0,1.8600929,-0.1496064,1.6125054,2.0163002,0.41076496
527,*N1C(=O)c2ccc(OC3COC4C(Oc5ccc6c(c5)C(=O)N(c5ccc(*)cc5)C6=O)COC34)cc2C1=O,300.0,-0.1908523,-0.37295127,-0.21744668,-0.12825954,-0.5397795
595,*N1C(=O)c2ccc(-c3ccc4c(c3)C(=O)N(c3ccc(Oc5c(C(F)(F)F)cc(*)cc5C(F)(F)F)cc3)C4=O)cc2C1=O,348.0,0.61945146,-0.10433118,0.12591887,0.6653378,0.61231893
685,*c1c(C)cc(C2(c3cc(C)c(N4C(=O)c5ccc(Oc6ccc7c(c6)C(=O)N(*)C7=O)cc5C4=O)c(C)c3)c3cc(O[Si](C)(C)C(C)(C)C)ccc3-c3ccc(O[Si](C)(C)C(C)(C)C)cc32)cc1C,322.4,0.17598571,0.201859,0.06854681,0.1772285,0.22942778
606,*c1ccc(Oc2ccc(N3C(=O)c4cccc(-c5ccc6c(c5)C(=O)N(*)C6=O)c4C3=O)cc2)cc1,300.6064879,0.000919708,-0.07198171,-0.049224578,-0.001548168,-0.037468728
747,*c1ccc(-c2ccc(-c3ccc(-c4ccc(N5Cc6ccc(-c7ccc8c(c7)C(=O)N(*)C8=O)cc6C5)cc4)cc3)cc2)cc1,442.0,2.1897779,1.7829809,1.7823639,1.3091145,1.9275976
250,*c1ccc(Cc2cccc(N3C(=O)c4ccc(C(=O)c5ccc6c(c5)C(=O)N(*)C6=O)cc4C3=O)c2)cc1,292.0,-0.27329427,-0.3112253,-0.39416546,-0.23629607,-0.2990102
376,*N1C(=O)c2ccc(C(c3ccc4c(c3)C(=O)N(c3cc(*)cc(C(F)(F)F)c3)C4=O)(C(F)(F)F)C(F)(F)F)cc2C1=O,297.0,-0.12985753,-0.2797489,-0.16397664,-0.076961055,-0.11202903
681,*c1ccc(-c2cc(C(C)(C)C)c(Oc3ccc(N4C(=O)c5ccc(Oc6ccc7c(c6)C(=O)N(*)C7=O)cc5C4=O)cc3)c(C(C)(C)C)c2)c(Cl)c1,370.0,0.9546423,0.90388715,0.98575085,1.0445557,1.1160737
579,*N1C(=O)c2ccc(Oc3ccc(Oc4ccc(Oc5ccc6c(c5)C(=O)N(c5ccc(-c7ccc(*)cc7C(F)(F)F)c(C(F)(F)F)c5)C6=O)cc4)cc3)cc2C1=O,235.0,-1.3486559,-1.2831179,-1.2670629,-1.2347782,-1.2206587
570,*N1C(=O)c2ccc(C(c3ccc4c(c3)C(=O)N(c3ccc(-c5cc(-c6ccccc6)cc(-c6ccc(*)cc6)n5)cc3)C4=O)(C(F)(F)F)C(F)(F)F)cc2C1=O,369.0833491,1.057988,0.9428072,0.8511035,1.0028968,0.8466055
791,*N1C(=O)c2ccc(C(c3ccc4c(c3)C(=O)N(c3ccc(C(=O)Nc5ccc(-c6ccc(NC(=O)c7ccc(*)cc7C(F)(F)F)cc6C(F)(F)F)c(C(F)(F)F)c5)c(C(F)(F)F)c3)C4=O)(C(F)(F)F)C(F)(F)F)cc2C1=O,316.0,0.14209472,0.12106691,0.15523142,0.10360886,0.11423889
599,*c1ccc(Oc2ccc(Oc3ccc(-n4c(=O)c5cc6c(=O)n(*)c(=O)c6cc5c4=O)cc3)cc2)cc1,272.0,-0.5107317,-0.22159736,-0.27553734,-0.40906858,-0.32211497
468,*NC(=O)c1ccc2c(c1)C(=O)N(c1ccc(Oc3ccc(C4(c5ccc(Oc6ccc(N7C(=O)c8ccc(C(=O)Nc9ccc(Oc%10cc(C(C)(C)C)c(Oc%11ccc(*)cc%11)cc%10C(C)(C)C)cc9)cc8C7=O)cc6)cc5)CCCCCCCCCCC4)cc3)cc1)C2=O,262.0,-0.8299239,-0.8640976,-0.9271892,-0.72021866,-0.66585547
551,*N1C(=O)c2ccc(C(c3ccc4c(c3)C(=O)N(c3ccc5c(c3)nc(-c3ccc(*)cc3C(F)(F)F)n5-c3ccccc3)C4=O)(C(F)(F)F)C(F)(F)F)cc2C1=O,326.6103593,0.29329145,0.6382771,0.18150918,0.27078423,0.33501005
354,*N1C(=O)c2ccc(C(c3ccc4c(c3)C(=O)N(c3ccc(-c5ccc(*)cc5C(F)(F)F)c(C(F)(F)F)c3)C4=O)(C(F)(F)F)C(F)(F)F)cc2C1=O,362.0,0.880198,0.75227875,0.83814746,0.8091662,0.8888974
280,*N1C(=O)c2ccc(Oc3ccc4c(c3)C(=O)N(c3cccc(C(c5cccc(*)c5)(C(F)(F)F)C(F)(F)F)c3)C4=O)cc2C1=O,305.0,-0.039128445,-0.07079162,-0.115309395,-0.5016391,-0.009121366
412,*c1cccc(C(O[Si](C)(C)O[Si](C)(C)O[Si](C)(C)C)c2cccc(N3C(=O)c4ccc(C(=O)c5ccc6c(c5)C(=O)N(*)C6=O)cc4C3=O)c2)c1,235.0,-1.3187027,-1.1851999,-1.113353,-1.080914,-0.94326323
516,*c1ccc2nc(-c3ccc(N4C(=O)c5ccc(Oc6ccc7c(c6)C(=O)N(*)C7=O)cc5C4=O)cc3)c(C)nc2c1,376.0,1.0705752,0.715362,1.0445294,1.163557,1.1024089
467,*NC(=O)c1ccc2c(c1)C(=O)N(c1ccc(Oc3ccc(C4(c5ccc(Oc6ccc(N7C(=O)c8ccc(C(=O)Nc9ccc(Oc%10ccc(Oc%11ccc(*)cc%11)cc%10C(C)(C)C)cc9)cc8C7=O)cc6)cc5)CCCCCCCCCCC4)cc3)cc1)C2=O,241.0,-0.9668675,-0.96834856,-1.0469432,-0.86652493,-0.7255166
253,*c1cccc(Cc2ccccc2N2C(=O)c3ccc(C(=O)c4ccc5c(c4)C(=O)N(*)C5=O)cc3C2=O)c1,258.0,-0.6621995,-0.77012634,-0.8175768,-0.7238455,-0.68866175
259,*N1C(=O)c2ccc(C(=O)c3ccc4c(c3)C(=O)N(c3ccc(C(=O)c5ccc(*)cc5)cc3)C4=O)cc2C1=O,288.0,-0.3574144,0.12785092,-0.17258829,-0.2730998,0.09361179
588,*c1ccc(C(c2ccc(N3C(=O)c4ccc(-c5ccc6c(c5)C(=O)N(*)C6=O)cc4C3=O)cc2)c2cccc3ccccc23)cc1,341.0,0.48572665,0.4306462,0.3904987,0.53973246,0.55556315
457,*c1ccc2c(c1)C1(c3ccccc3-2)c2ccccc2-c2ccc(N3C(=O)c4ccc(C(=O)c5ccc6c(c5)C(=O)N(*)C6=O)cc4C3=O)cc21,371.0,0.99786127,0.95876193,1.0050961,0.88881457,1.0005155
682,*c1ccc(C2(c3ccc(N4C(=O)c5ccc(C(C)(C)c6ccc7c(c6)C(=O)N(*)C7=O)cc5C4=O)cc3)c3cc(O[Si](C)(C)C(C)(C)C)ccc3-c3ccc(O[Si](C)(C)C(C)(C)C)cc32)cc1,302.1,-0.056256816,-0.00077857,-0.037130952,0.033356678,0.022004465
577,*c1ccc(Oc2ccc(N3C(=O)c4ccc(Oc5ccc(C6(c7ccc(Oc8ccc9c(c8)C(=O)N(*)C9=O)cc7)OC(=O)c7ccccc76)cc5)cc4C3=O)cc2)cc1,278.0,-0.6641316,-0.43893522,-0.44497532,-0.36813694,-0.48496932
269,*N1C(=O)c2ccc(Oc3ccc4c(c3)C(=O)N(c3cccc(Oc5ccc(*)cc5)c3)C4=O)cc2C1=O,237.0,-1.4779364,-1.4082733,-1.4768662,-1.1706653,-1.4825648
549,*N1C(=O)c2ccc(Oc3ccc4c(c3)C(=O)N(c3ccc(Oc5ccc(C6(c7ccc(Oc8ccc(*)cc8)cc7)c7cc(F)ccc7-c7ccc(F)cc76)cc5)cc3)C4=O)cc2C1=O,264.07,-0.7036347,-0.7740628,-0.735907,-0.6386844,-0.5347701
717,*N1C(=O)c2ccc(C(c3cc(C(F)(F)F)cc(C(F)(F)F)c3)(c3ccc4c(c3)C(=O)N(c3ccc(Oc5ccc(Oc6ccc(*)cc6)cc5)cc3)C4=O)C(F)(F)F)cc2C1=O,259.5,-0.81343627,-0.6943488,-0.80531776,-0.7026948,-0.6843014
244,*c1ccc(-c2ccccc2N2C(=O)c3ccc(C(=O)c4ccc5c(c4)C(=O)N(*)C5=O)cc3C2=O)cc1,305.0,-0.19046031,-0.12236895,-0.12511624,-0.023385905,-0.00971942
629,*c1ccc(Oc2ccc(-c3[nH]c(-c4ccc(C(F)(F)F)cc4)nc3-c3ccc(Oc4ccc(N5C(=O)C6C7C(=O)N(*)C(=O)C7C6C5=O)cc4C(F)(F)F)cc3)cc2)c(C(F)(F)F)c1,299.7396922,-0.051935963,-0.11211875,-0.2372064,-0.1401999,-0.0747447
566,*c1ccc(-c2ccc(N3C(=O)c4ccc(C(c5ccc6c(c5)C(=O)N(*)C6=O)(C(F)(F)F)C(F)(F)F)cc4C3=O)cc2C)c(C)c1,363.5,1.1664009,1.0668372,1.1477017,1.0677277,1.0926543
277,*c1ccc(C(=O)c2cccc(N3C(=O)c4ccc(Oc5ccc6c(c5)C(=O)N(*)C6=O)cc4C3=O)c2)cc1,265.0,-0.7673522,-0.5848043,-0.7018742,-0.58837384,-0.7036959
667,*N1C(=O)c2ccc(C(c3ccc4c(c3)C(=O)N(c3ccc(N(c5ccc(*)cc5)c5ccc(-c6ccc(/C=C(\c7ccccc7)c7ccc(-c8ccc(C(F)(F)F)cc8)cc7)cc6)cc5)cc3)C4=O)(C(F)(F)F)C(F)(F)F)cc2C1=O,277.0,-0.449518,-0.5321807,-0.41266826,-0.40071684,-0.2461148
60,*C12CC3CC(C1)CC(N1C(=O)c4ccc(C(=O)c5ccc6c(c5)C(O)N(*)C6O)cc4C1=O)(C3)C2,255.0,-0.8353255,-0.9315385,-0.7308413,-0.76489556,-0.65947783
770,*c1ccc(C(=O)NC2=CC3C(=O)c4cc(NC(=O)c5ccc(N6C(=O)c7ccc(-c8ccc9c(c8)C(=O)N(*)C9=O)cc7C6=O)cc5)ccc4OC3C=C2)cc1,356.0,0.86864763,0.8408472,0.9056696,0.78404987,0.7962094
150,*N1C(=O)C2CCC(C3CCC4C(=O)N(c5ccc(Oc6ccc(C(c7ccc(Oc8ccc(*)cc8)cc7)(C(F)(F)F)C(F)(F)F)cc6)cc5)C(=O)C4C3)CC2C1=O,236.1,-1.1873864,-0.81561583,-1.0853202,-0.9836103,-1.0350357
547,*N1C(=O)c2ccc(Oc3ccc4c(c3)C(=O)N(c3ccc(C5(c6ccc(*)cc6)c6cc(F)ccc6-c6ccc(F)cc65)cc3)C4=O)cc2C1=O,265.59,-0.63131326,-0.66523296,-0.5087264,-0.5063364,-0.09178512
197,*N1C(=O)c2cccc(Oc3ccc4c(c3)C(=O)N(c3ccc(Oc5ccc(Oc6ccc(*)cc6)cc5)cc3)C4=O)c2C1=O,253.0,-0.81392515,-0.95100874,-0.856664,-0.75496805,-0.7493719
485,*N1C(=O)c2ccc(Oc3ccc4c(c3)C(=O)N(c3ccc(C(c5ccc(*)c(O)c5)(C(F)(F)F)C(F)(F)F)cc3O)C4=O)cc2C1=O,324.8767678,0.42890853,0.24837774,0.24977466,0.33878422,0.31895408
386,*N1C(=O)c2ccc(-c3ccc4c(c3)C(=O)N(c3ccc(Oc5ccc(C(c6ccc(Oc7ccc(*)cc7)cc6)(C(F)(F)F)C(F)(F)F)cc5)cc3)C4=O)cc2C1=O,237.0,-1.1939509,-1.2222372,-1.0841391,-1.0669227,-1.0449082
344,*N1C(=O)c2ccc(-c3ccc4c(c3)C(=O)N(c3ccc(Oc5ccccc5Oc5ccc(*)cc5)cc3)C4=O)cc2C1=O,272.0,-0.57383144,-0.7088459,-0.569837,-0.561496,-0.48367333
15,*c1cccc(Oc2cccc(-n3c(=O)c4cc5c(=O)n(*)c(=O)c5cc4c3=O)c2)c1,287.0,-0.2735574,-0.3427106,-0.34747308,-0.18831454,0.041691113
47,*N1C(O)c2cc3c(cc2C1O)C(C(F)(F)F)(C(F)(F)F)c1cc2c(cc1O3)C(=O)N(c1ccc(-c3ccc(*)cc3C(F)(F)F)c(C(F)(F)F)c1)C2=O,420.0,0.6500784,1.6601528,1.5523679,1.6397023,2.0902708
40,*c1ccc(P(C)(=O)c2ccc(N3C(=O)c4ccc(Oc5ccc6c(c5)C(=C)N(*)C6=O)cc4C3=O)cc2)cc1,311.0,0.06995168,0.07806918,-0.006706725,0.06670117,0.05186055
365,*c1c(C)c(C)c(N2C(=O)c3cc4c(cc3C2=O)C(c2ccccc2)(C(F)(F)F)c2cc3c(cc2O4)C(=O)N(*)C3=O)c(C)c1C,394.0,1.6641079,1.4413416,1.18719,-0.21892096,1.4458263
293,*c1ccc(C(=O)c2ccccc2N2C(=O)c3ccc(C(c4ccc5c(c4)C(=O)N(*)C5=O)(C(F)(F)F)C(F)(F)F)cc3C2=O)cc1,289.0,-0.34232143,-0.31503806,-0.35196617,-0.19017476,-0.28155065
670,*N1C(=O)C2CCC(C3CCC4C(=O)N(c5ccc(Oc6ccc(C(C7=C=C=C(Oc8ccc(*)cc8)C=C7)(C(F)(F)F)C(F)(F)F)cc6)cc5)C(=O)C4C3)CC2C1=O,220.0,-1.4572802,-1.4674683,-1.2464149,-0.3350758,-1.1742332
582,*N1C(=O)c2ccc(Oc3ccc4c(c3)C(=O)N(c3ccc(*)cc3)C4=O)cc2C1=O,342.0,0.67094743,0.39548028,0.21975574,0.61385643,0.5303004
454,*N1C(=O)c2ccc(C(c3ccc4c(c3)C(=O)N(c3ccc5c(c3)C3(c6ccccc6-c6ccc(*)cc63)c3ccccc3-5)C4=O)(C(F)(F)F)C(F)(F)F)cc2C1=O,360.0,0.8983708,0.76968974,0.86604714,1.1716872,0.66996807
228,*n1c(=O)c2ccc3c(=O)n(-c4ccc(Oc5ccc(C(c6ccc(Oc7ccc(*)cc7)cc6)(C(F)(F)F)C(F)(F)F)cc5)cc4)c(=O)c3c2c1=O,272.0,-0.39903107,-0.13871926,-0.39938566,-0.43962497,-0.43354663
74,*c1ccc(Oc2ccc(C34CC5CC6C3CC3CC4C(C5)C6(c4ccc(Oc5ccc(N6C(=O)c7ccc(C(=O)c8ccc9c(c8)C(=O)N(*)C9=O)cc7C6=O)cc5)cc4)C3)cc2)cc1,360.0,0.91701186,1.0788532,0.75168484,0.9194317,0.974655
475,*N1C(=O)C2CC3C(=O)N(c4ccc(Oc5ccc(C(C)(C)c6ccc(Oc7ccc(*)cc7)cc6)cc5)cc4)C(=O)C3CC2C1=O,256.6,-0.81719625,-0.76606554,-0.64035124,-0.58700275,-0.6350859
613,*N1C(=O)c2ccc(Oc3ccc(C(C)(C)c4ccc(Oc5ccc6c(c5)C(=O)N(c5cc(*)c(C)cc5C)C6=O)cc4)cc3)cc2C1=O,265.0,-0.6485064,-0.74629253,-0.78609234,-0.46704495,-0.569735
623,*N1C(=O)C2C(C1=O)C1C(=O)N(c3ccc(Oc4ccc(-c5nc(-c6ccccc6)[nH]c5-c5ccc(Oc6ccc(*)cc6C(F)(F)F)cc5)cc4)c(C(F)(F)F)c3)C(=O)C21,301.4732836,-0.100273766,-0.15771288,-0.27059466,-0.19897081,-0.08235951
375,*c1cc(N2C(=O)c3ccc(C(=O)c4ccc5c(c4)C(=O)N(*)C5=O)cc3C2=O)cc(C(F)(F)F)c1,294.0,-0.21200578,-0.27125582,-0.14817014,-0.25322795,-0.20860286
56,*N1C(=O)c2ccc(P(=O)(c3ccccc3)c3ccc4c(c3)C(=O)N(c3ccc(*)cc3)C4=O)cc2C1=O,366.0,0.6042595,0.8623754,0.67545104,0.8462316,0.90758234
634,*N1C(=O)c2ccc(C(c3ccc4c(c3)C(=O)N(c3ccc(Sc5ccc(*)cc5)cc3)C4=O)(C(F)(F)F)C(F)(F)F)cc2C1=O,243.0,-1.0195506,-1.1897763,-0.9740843,-0.9514061,-0.9821462
421,*c1cc(Oc2c(C)cc(-c3cc(C)c(Oc4cc(N5C(=O)c6ccc(Oc7ccc(Oc8ccc9c(c8)C(=O)N(*)C9=O)cc7)cc6C5=O)cc(C(F)(F)F)c4)c(C)c3)cc2C)cc(C(F)(F)F)c1,222.0,-1.5662158,-1.4355452,-1.5165343,-1.384659,-1.2364093
546,*N1C(=O)c2ccc(Oc3ccc4c(c3)C(=O)N(c3ccc(C5(c6ccc(*)cc6)c6ccccc6-c6ccccc65)cc3)C4=O)cc2C1=O,265.13,-0.5909552,-0.5225235,-0.46609244,-0.529734,-0.4027675
512,*N1C(=O)c2ccc(-c3ccc4c(c3)C(=O)N(c3ccc(-c5nc6ccc(*)cc6nc5-c5ccccc5)cc3)C4=O)cc2C1=O,375.0,1.0770872,1.0441589,0.9696856,1.0376443,0.9958942
741,*c1ccc(-c2ccc(N3C(=O)c4ccc(C(c5ccc6c(c5)C(=O)N(*)C6=O)(c5c(F)c(F)c(F)c(F)c5F)C(F)(F)F)cc4C3=O)cc2C(F)(F)F)c(C(F)(F)F)c1,250.0,-0.956927,-1.0242367,-0.8030975,0.3777872,-0.8098784
5,*N1C(=O)c2ccc(-c3ccc4c(c3)C(=O)N(c3ccc(*)cc3)C4=O)cc2C1=O,360.0,0.98316306,0.69205314,0.88551664,0.59746283,0.7285427
514,*c1ccc2nc(-c3ccc(N4C(=O)c5ccc(-c6ccc7c(c6)C(=O)N(*)C7=O)cc5C4=O)cc3)cnc2c1,413.0,1.727508,1.765276,1.6814232,1.6186836,1.5872177
756,*N1C(=O)c2ccc(Oc3ccc4c(c3)C(=O)N(c3ccc5oc(-c6nc7cc(*)ccc7o6)nc5c3)C4=O)cc2C1=O,382.0,1.0905794,1.22515,1.3018196,1.4040575,1.2939866
236,*N1C(=O)c2cccc(Sc3ccc(S(=O)(=O)c4ccc(Sc5cccc6c5C(=O)N(c5ccc(Oc7ccc(Oc8ccc(*)cc8)cc7)cc5)C6=O)cc4)cc3)c2C1=O,269.0,-0.6555845,-0.64218557,-0.4774295,-0.4249551,-0.45356312
460,*c1ccc2c(c1)C1(OC2=O)OC(=O)c2ccc(N3C(=O)c4ccc(C(c5ccc6c(c5)C(=O)N(*)C6=O)(C(F)(F)F)C(F)(F)F)cc4C3=O)cc21,310.0,-0.1564653,-0.17257246,-0.037954666,-0.02049696,0.07583201
736,*N1C(=O)c2ccc(C(c3ccc4c(c3)C(=O)N(c3ccc(NC(=O)c5ccc(-c6ccc(C(=O)Nc7ccc(*)cc7)cc6)cc5)cc3)C4=O)(C(F)(F)F)C(F)(F)F)cc2C1=O,370.0,1.2998188,1.1373395,0.7203075,1.1802864,1.1944307
438,*N1C(=O)c2ccc(C(c3ccc4c(c3)C(=O)N(c3ccc(OCCOCCOCCOOc5ccc(*)cc5)cc3)C4=O)(C(F)(F)F)C(F)(F)F)cc2C1=O,172.5,-2.401669,-2.3304796,-2.3160846,-2.2425914,-2.0851476
366,*c1ccc(-c2ccc(-n3c(=O)c4c(C(F)(F)F)c5c(=O)n(*)c(=O)c5c(C(F)(F)F)c4c3=O)cc2C(F)(F)F)c(C(F)(F)F)c1,304.0,-0.013390101,-0.08623926,-0.06712908,-0.011465144,0.007084552
234,*N1C(=O)c2cccc(Sc3ccc(S(=O)(=O)c4ccc(Sc5cccc6c5C(=O)N(c5ccc(Oc7ccc(*)cc7)cc5)C6=O)cc4)cc3)c2C1=O,288.0,-0.49093726,-0.42094448,-0.25877854,-0.28181446,-0.30419272
556,*N1C(=O)c2cccc(-c3cccc4c3C(=O)N(c3ccc(Oc5ccc(Oc6ccc(*)cc6C(F)(F)F)cc5)c(C(F)(F)F)c3)C4=O)c2C1=O,276.336208,-0.40127477,-0.516938,-0.28493634,-0.3805175,-0.34195966
448,*n1c(=O)c2cc3c(=O)n(-c4ccc(Oc5ccc6c(c5)C(C)(C)CC5(Cc7ccc(Oc8ccc(*)cc8)cc7C(C)(C)C5)C6)cc4)c(=O)c3cc2c1=O,248.0,-1.0101962,-0.92782634,-0.9281927,-0.9447105,-0.8771215
86,*N1C(=O)c2ccc3c4c(ccc(c24)C1=O)C(=O)N(N1C(=O)c2ccc(Oc4ccc(C(C)(C)c5ccc(Oc6ccc7c(c6)C(=O)N(*)C7=O)cc5)cc4)cc2C1=O)C3=O,340.0,0.49445042,0.5588572,0.43014947,0.6833409,0.5678118
63,*N1C(=O)c2ccc(C(c3ccc4c(c3)C(=O)N(C35CC6CC(CC(*)(C6)C3)C5)C4=O)(C(F)(F)F)C(F)(F)F)cc2C1=O,287.0,-0.28172758,0.06105907,-0.2978314,-0.2302375,-0.24959143
44,*c1ccc(Oc2ccc(P(=O)(c3ccccc3)c3ccc(Oc4ccc(N5C(=O)c6ccc(C(=O)c7ccc8c(c7)C(O)N(*)C8O)cc6C5=O)cc4)cc3)cc2)cc1,232.0,-1.3694508,-1.0759786,-1.3295493,-1.140521,-1.0429393
526,*N1C(=O)c2ccc(C(c3ccc4c(c3)C(=O)N(c3cccc(Oc5cc(Oc6cccc(*)c6)cc(P(=O)(c6ccccc6)c6ccccc6)c5)c3)C4=O)(C(F)(F)F)C(F)(F)F)cc2C1=O,210.0,-1.6868403,-1.6164098,-1.5510197,-1.5833699,-1.4418484
592,*c1c(C)cc(C(c2cc(C)c(N3C(=O)c4ccc(C(c5ccc6c(c5)C(=O)N(*)C6=O)(C(F)(F)F)C(F)(F)F)cc4C3=O)c(C)c2)c2cccc3ccccc23)cc1C,343.0,0.56335115,0.5366452,0.5180494,0.54252267,0.51135707
415,*N1C(=O)c2ccc(C(c3ccc4c(c3)C(=O)N(c3cccc(C(O)c5cccc(*)c5)c3)C4=O)(C(F)F)C(F)(F)F)cc2C1=O,252.0,-0.9093922,-0.96027535,-0.8122211,-0.785373,-0.74949855
754,*N1C(=O)c2ccc(-c3ccc4c(c3)C(=O)N(c3ccc5oc(-c6nc7cc(*)ccc7o6)nc5c3)C4=O)cc2C1=O,395.0,1.3670506,1.3606104,1.2877052,1.4965489,1.4760562
37,*n1c(=O)c2cc3c(=O)n(-c4ccc(P(=O)(c5ccccc5)c5ccc(*)cc5)cc4)c(=O)c3cc2c1=O,345.0,0.6352924,0.352319,0.3791106,0.45884117,0.8013573
760,*N1C(=O)C2CC3C(=O)N(c4ccc5[nH]c(-c6ccc(*)cc6C(F)(F)F)nc5c4)C(=O)C3CC2C1=O,409.0,1.7843177,1.7312356,1.5809951,1.6199573,0.6450011
465,*c1ccc(Oc2ccc(C(c3ccc(Oc4ccc(NC(=O)c5ccc6c(c5)C(=O)N(c5ccc(Oc7ccc(C8(c9ccc(Oc%10ccc(N%11C(=O)c%12ccc(C(=O)N*)cc%12C%11=O)cc%10)cc9)CCCCCCCCCCC8)cc7)cc5)C6=O)cc4)cc3)(C(F)(F)F)C(F)(F)F)cc2)cc1,244.0,-1.031676,-0.97206575,-0.83421427,-0.8457277,-0.8097819
518,*c1ccc2nc(-c3ccc(N4C(=O)c5ccc(C(=O)c6ccc7c(c6)C(=O)N(*)C7=O)cc5C4=O)cc3)c(-c3ccccc3)nc2c1,357.0,0.7674388,0.7999331,0.82757384,0.73863727,0.86710674
552,*N1C(=O)C2CC3C(=O)N(c4ccc5c(c4)nc(-c4ccc(*)cc4C(F)(F)F)n5-c4ccccc4)C(=O)C3CC2C1=O,369.0833491,1.0062387,1.108172,1.0354033,0.9971292,0.92350084
350,*c1ccc(N2C(=O)c3ccc(C(c4ccc5c(c4)C(=O)N(*)C5=O)(C(F)(F)F)C(F)(F)F)cc3C2=O)c(C)c1,379.0,1.2848518,1.0775075,1.2444565,1.1807872,1.2594242
734,*n1c(=O)c2cc3c(=O)n(-c4ccc(NC(=O)c5ccc(-c6ccc(C(=O)Nc7ccc(*)cc7)cc6)cc5)cc4)c(=O)c3cc2c1=O,419.0,1.7732449,1.5519353,1.6432517,1.0573493,1.7646724
283,*N1C(=O)c2ccc(Oc3ccc4c(c3)C(=O)N(c3ccc(Oc5cccc(Oc6ccc(*)cc6)c5)cc3)C4=O)cc2C1=O,201.0,-1.7469203,-1.752447,-1.4194436,-1.4915833,-1.5245081
88,*N1C(=O)c2ccc(-c3ccc4c(c3)C(=O)N(c3cccc(-n5c(=O)c6cc7c(=O)n(*)c(=O)c7cc6c5=O)c3)C4=O)cc2C1=O,338.0,0.30744132,0.39151657,0.3047447,0.54780644,0.36838666
279,*N1C(=O)c2ccc(Oc3ccc4c(c3)C(=O)N(c3ccc(C(c5ccc(*)cc5)(C(F)(F)F)C(F)(F)F)cc3)C4=O)cc2C1=O,224.5,-1.2911103,-1.1471432,-1.0909674,-1.0882115,-1.0627508
270,*N1C(=O)c2ccc(Oc3ccc4c(c3)C(=O)N(c3cccc(Oc5cccc(*)c5)c3)C4=O)cc2C1=O,202.0,-1.4773682,-1.4078115,-1.4758744,-1.169989,-1.4820968
786,*N1C(=O)c2ccc(C(c3ccc4c(c3)C(=O)N(c3cccc(-c5nc6cc7c(cc6o5)C5(CC(C)(C)c6cc8nc(-c9cccc(C%10C(=O)C%11C(C%10=O)C%10C(=O)N(*)C(=O)C%11%10)c9)oc8cc65)CC7(C)C)c3)C4=O)(C(F)(F)F)C(F)(F)F)cc2C1=O,451.0,1.9651235,2.6645355,2.06695,2.7145438,2.4143355
9,*c1cccc(N2C(=O)c3ccc(C(=O)c4ccc5c(c4)C(=O)N(*)C5=O)cc3C2=O)c1,300.0,-0.16221006,-0.20459703,-0.1286464,-0.30672854,-0.15153721
591,*c1ccc(C(c2ccc(N3C(=O)c4ccc(C(c5ccc6c(c5)C(=O)N(*)C6=O)(C(F)(F)F)C(F)(F)F)cc4C3=O)cc2)c2cccc3ccccc23)cc1,322.0,0.23963787,0.23417717,0.21691155,0.23260148,0.2750471
773,*c1cccc(C(=O)NC2=CC3C(=O)c4cc(NC(=O)c5cccc(-n6c(=O)c7cc8c(=O)n(*)c(=O)c8cc7c6=O)c5)ccc4OC3C=C2)c1,386.0,1.3192137,1.3593432,1.2293646,1.337229,0.2104074
90,*N1C(=O)c2ccc(-c3ccc4c(c3)C(=O)N(c3cccc(N5C(=O)c6ccc(-c7ccc8c(c7)C(=O)N(*)C8=O)cc6C5=O)c3)C4=O)cc2C1=O,308.0,0.06471937,0.015044154,0.037923783,0.10710156,0.120015875
564,*N1C(=O)c2ccc(C(c3ccc4c(c3)C(=O)N(c3cc(F)c(-c5c(F)cc(*)cc5F)c(F)c3)C4=O)(C(F)(F)F)C(F)(F)F)cc2C1=O,368.4,1.1972239,0.9784809,0.8756667,1.0002185,0.92454123
17,*n1c(=O)c2cc3c(=O)n(-c4cccc(C(=O)c5cccc(*)c5)c4)c(=O)c3cc2c1=O,318.0,0.2529295,0.012176783,0.11284151,0.1760667,0.10850413
318,*N1C(=O)c2ccc(-c3ccc4c(c3)C(=O)N(c3cccc(C(c5cccc(*)c5)(C(F)(F)F)C(F)(F)F)c3)C4=O)cc2C1=O,343.0,0.66169167,0.5601023,0.47121623,0.65113735,0.47362453
55,*N1C(O)c2ccc(-c3ccc4c(c3)C(=O)N(c3ccc(-c5ccc(*)cc5OC(F)(F)F)c(OC(F)(F)F)c3)C4=O)cc2C1O,335.0,0.5053675,0.44240385,0.470634,0.527221,0.4981609
769,*c1ccc(C(=O)NC2=CC3C(=O)c4cc(NC(=O)c5ccc(-n6c(=O)c7cc8c(=O)n(*)c(=O)c8cc7c6=O)cc5)ccc4OC3C=C2)cc1,400.0,1.5391488,1.5029501,1.5030205,1.4629244,0.74224615
683,*c1c(C)cc(C2(c3cc(C)c(N4C(=O)c5ccc(C(C)(C)c6ccc7c(c6)C(=O)N(*)C7=O)cc5C4=O)c(C)c3)c3cc(O[Si](C)(C)C(C)(C)C)ccc3-c3ccc(O[Si](C)(C)C(C)(C)C)cc32)cc1C,311.6,0.09662075,0.15267843,0.06483751,0.10993658,0.11814472
449,*N1C(=O)c2ccc(-c3ccc4c(c3)C(=O)N(c3ccc(Oc5ccc6c(c5)C(C)(C)CC5(Cc7ccc(Oc8ccc(*)cc8)cc7C(C)(C)C5)C6)cc3)C4=O)cc2C1=O,256.0,-0.8953508,-0.79384106,-0.86788625,-0.7794651,-0.7396984
543,*N1C(=O)c2ccc(-c3ccc4c(c3)C(=O)N(c3ccc(-c5nc6ccc(*)cc6[nH]5)cc3)C4=O)cc2C1=O,388.1528548,1.446037,1.1456231,1.3255155,1.127114,1.1878434
742,*N1C(=O)c2ccc(C(c3ccc4c(c3)C(=O)N(c3ccc(C(c5ccc(*)cc5)(C(F)(F)F)C(F)(F)F)cc3)C4=O)(c3c(F)c(F)c(F)c(F)c3F)C(F)(F)F)cc2C1=O,305.0,-0.00088242,0.010105313,-0.041377563,0.018032843,0.122276306
738,*N1C(=O)c2ccc(C(C)(C)c3ccc4c(c3)C(=O)N(c3ccc(-c5ccc(N6C(=O)c7ccc(C(c8ccc9c(c8)C(=O)N(c8ccc(NC(=O)c%10ccc(-c%11ccc(C(=O)Nc%12ccc(*)cc%12)cc%11)cc%10)cc8)C9=O)(C(F)(F)F)C(F)(F)F)cc7C6=O)cc5C)c(C)c3)C4=O)cc2C1=O,368.0,1.2813878,1.1720117,1.1012805,0.90899706,1.1998076
603,*c1ccc(Oc2cc(-c3ccccc3)c(Oc3ccc(-n4c(=O)c5cc6c(=O)n(*)c(=O)c6cc5c4=O)cc3)cc2-c2ccccc2)cc1,302.0,-0.09139398,0.00497759,0.023664685,-0.09829271,-0.003604095
471,*c1ccc(Oc2ccc(C3(c4ccc(Oc5ccc(NC(=O)c6ccc7c(c6)C(=O)N(c6ccc(Oc8ccc(C9(c%10ccc(Oc%11ccc(N%12C(=O)c%13ccc(C(=O)N*)cc%13C%12=O)cc%11)cc%10)CCCCCCCCCCC9)cc8)cc6)C7=O)cc5)cc4)C4CC5CC(C4)CC3C5)cc2)cc1,261.0,-0.7329533,-0.74613374,-0.70231706,-0.60442936,-0.5772769
430,*N1C(=O)c2ccc(P(=O)(c3ccccc3)c3ccc4c(c3)C(=O)N(c3ccc(*)c(C(F)(F)F)c3)C4=O)cc2C1=O,317.0,0.17758988,0.13374314,0.028324232,0.19276519,0.49073315
437,*N1C(=O)c2ccc(C(c3ccc4c(c3)C(=O)N(c3ccc(OCCOCCOOc5ccc(*)cc5)cc3)C4=O)(C(F)(F)F)C(F)(F)F)cc2C1=O,177.5,-2.0939465,-2.084494,-2.012312,-1.9612176,-1.8238531
559,*N1C(=O)c2cccc(-c3cccc4c3C(=O)N(c3ccc(-c5ccc(*)cc5C)c(C)c3)C4=O)c2C1=O,375.1509191,1.2055647,0.96566665,1.1605403,1.1169715,0.97461635
764,*c1cc(C)c(N2C(=O)c3ccc(C(c4ccc5c(c4)C(=O)N(*)C5=O)(C(F)(F)F)C(F)(F)F)cc3C2=O)cc1C,378.0,1.2115875,1.0453762,1.1928623,1.1791582,0.54520184
509,*c1ccc2nc(-c3ccc(-n4c(=O)c5cc6c(=O)n(*)c(=O)c6cc5c4=O)cc3)cnc2c1,424.0,1.8082476,1.6827124,1.79565,1.4483429,1.7958978
798,*N1C(=O)c2ccc(C(c3ccc4c(c3)C(=O)N(c3ccc(-c5ccc(*)cc5C)c(C)c3)C4=O)(C(F)(F)F)C(F)(F)F)cc2C1=O,390.0,1.1664009,1.0668372,1.1477017,1.0677277,1.0926543
767,*N1C(=O)c2ccc(C(c3ccc4c(c3)C(=O)N(c3c(F)c(F)c(-c5c(F)c(F)c(*)c(F)c5F)c(F)c3F)C4=O)(C(F)(F)F)C(F)(F)F)cc2C1=O,363.0,0.96128637,0.8229288,0.94312304,0.86094534,0.76212615
568,*N1C(=O)c2ccc(C(c3ccc4c(c3)C(=O)N(c3ccc(C5(c6ccc(*)cc6)c6ccccc6-c6ccccc65)cc3)C4=O)(C(F)(F)F)C(F)(F)F)cc2C1=O,394.7,1.4708129,1.317382,1.2213871,1.3725692,1.4027812
617,*N1C(=O)c2ccc(C(=O)c3ccc4c(c3)C(=O)N(c3ccc(Oc5c(-c6ccc(C(F)(F)F)cc6)cc(S(=O)(=O)c6cc(-c7ccc(C(F)(F)F)cc7)c(Oc7ccc(*)cc7)c(-c7ccc(C(F)(F)F)cc7)c6)cc5-c5ccc(C(F)(F)F)cc5)cc3)C4=O)cc2C1=O,265.0,-0.6042869,-0.59672207,-0.6235469,-0.43475738,-0.51814
528,*N1C(=O)c2ccc(OC3COC4C(Oc5ccc6c(c5)C(=O)N(c5ccc(Oc7ccc(*)cc7)cc5)C6=O)COC34)cc2C1=O,250.0,-0.8684405,-0.8488888,-0.58156925,-0.6240556,-0.76965445
416,*c1cccc(C(O[Si](C)(C)O[Si](C)(C)O[Si](C)(C)C)c2cccc(N3C(=O)c4ccc(C(c5ccc6c(c5)C(=O)N(*)C6=O)(C(F)(F)F)C(F)(F)F)cc4C3=O)c2)c1,219.0,-1.5242246,-1.4510939,-1.2714729,-1.1917312,-1.0787278
349,*N1C(=O)c2ccc(C(c3ccc4c(c3)C(=O)N(c3ccc(*)c(C(F)(F)F)c3)C4=O)(C(F)(F)F)C(F)(F)F)cc2C1=O,366.0,1.0666026,0.9406897,0.90476686,0.9575614,0.8999583
59,*N1C(=O)c2ccc(P(=O)(c3ccccc3)c3ccc4c(c3)C(=O)N(c3c(F)c(*)c(F)c(F)c3F)C4=O)cc2C1=O,317.0,0.2036937,0.06934224,0.08973258,0.10267408,0.115212515
450,*N1C(=O)c2ccc(Oc3ccc4c(c3)C(=O)N(c3ccc(Oc5ccc6c(c5)C(C)(C)CC5(Cc7ccc(Oc8ccc(*)cc8)cc7C(C)(C)C5)C6)cc3)C4=O)cc2C1=O,240.0,-1.1406071,-1.0288689,-1.1720095,-1.0041668,-0.9469298
392,*N1C(=O)c2ccc(S(=O)(=O)c3ccc4c(c3)C(=O)N(c3ccc(Oc5ccc(C(C)(C)c6ccc(Oc7ccc(*)cc7)cc6)cc5)cc3)C4=O)cc2C1=O,229.0,-1.3307791,-1.3326232,-1.0931172,-1.1796007,-0.72847825
574,*N1C(=O)c2ccc(Oc3c(C)cc(C4(c5cc(C)c(Oc6ccc7c(c6)C(=O)N(C6CCC(*)CC6)C7=O)c(C)c5)c5ccccc5-c5ccccc54)cc3C)cc2C1=O,330.9443378,0.46991935,0.42509997,0.3187964,0.42705736,0.41752484
517,*N1C(=O)c2ccc(Oc3ccc4c(c3)C(=O)N(c3ccc(-c5nc6ccc(*)cc6nc5-c5ccccc5)cc3)C4=O)cc2C1=O,354.0,0.84687036,0.80359685,0.81150883,0.8603214,0.71026325
242,*c1cccc(Oc2ccc(C(c3ccc(Oc4cccc(-n5c(=O)c6cc7c(=O)n(*)c(=O)c7cc6c5=O)c4)cc3)(C(F)(F)F)C(F)(F)F)cc2)c1,235.0,-1.280415,-1.0613662,-1.1241686,-1.0411706,-1.0709466
76,*N1C(O)c2ccc(C(c3ccc4c(c3)C(=O)N(c3ccc(Oc5ccc(C67CC8CC9C6CC6CC7C(C8)C9(c7ccc(Oc8ccc(*)cc8)cc7)C6)cc5)cc3)C4=O)(C(F)(F)F)C(F)(F)F)cc2C1O,375.0,1.1515903,1.2264017,0.9421066,1.0158339,1.2174643
723,*C12CC3C4CC5(N6C(=O)c7ccc(C(=O)c8ccc9c(c8)C(=O)N(*)C9=O)cc7C6=O)CC3C(C1)C(C5)C4C2,325.0,0.33705166,0.2332255,0.1299974,0.22364639,0.24587482
2,*n1c(=O)c2cc3c(=O)n(-c4ccc(Cc5ccc(*)c(C)c5)cc4C)c(=O)c3cc2c1=O,274.0,-1.0250297,-1.1229953,-1.6299572,0.4455202,-0.6424153
749,*N1C(=O)c2ccc(C(c3ccc4c(c3)C(=O)N(c3ccc5nc([C@H]6CC[C@@H](c7nc8cc(*)ccc8o7)CC6)oc5c3)C4=O)(C(F)(F)F)C(F)(F)F)cc2C1=O,298.0,-0.5088193,-0.3180632,-0.28025568,-0.1707104,-0.07250537
792,*N1C(=O)c2ccc(C(c3ccc4c(c3)C(=O)N(c3ccc(C(=O)Nc5ccc(NC(=O)c6ccc(*)cc6C(F)(F)F)cc5)c(C(F)(F)F)c3)C4=O)(C(F)(F)F)C(F)(F)F)cc2C1=O,326.0,0.14569454,0.26132926,0.16712867,0.22775501,0.21586232
65,*N1C(=O)c2ccc(-c3ccc4c(c3)C(=O)N(C35CC6CC7C3CC3CC5C(C6)C7(*)C3)C4=O)cc2C1=O,429.0,2.0921912,2.0862212,1.7241764,1.8937429,2.0977452
178,*N1C(=O)c2ccc(Sc3ccc4c(c3)C(=O)N(c3ccc(Cc5ccc(*)cc5)cc3)C4=O)cc2C1=O,277.0,-0.42064163,-0.50555855,-0.52970886,-0.44737107,-0.42048672
420,*c1cc(Oc2c(C)cc(-c3cc(C)c(Oc4cc(-n5c(=O)c6cc7c(=O)n(*)c(=O)c7cc6c5=O)cc(C(F)(F)F)c4)c(C)c3)cc2C)cc(C(F)(F)F)c1,269.0,-0.5097225,-0.24846905,-0.33108404,-0.22067495,-0.35145923
46,*N1C(O)c2ccc(Oc3ccc4c(c3)C(=O)N(c3ccc(Oc5ccc(P(=O)(c6ccccc6)c6ccc(Oc7ccc(*)cc7)cc6)cc5)cc3)C4=O)cc2C1O,240.0,-1.1908749,-1.0356678,-1.0807736,-0.9877813,-0.8783122
521,*c1ccc2c(c1)OCCOCCOc1cc(N3C(=O)c4ccc(C(=O)c5ccc6c(c5)C(=O)N(*)C6=O)cc4C3=O)ccc1OCCOCCO2,341.0,0.60135067,0.64956987,0.45699683,0.6058742,0.4683363
639,*c1c(OC)cc(OCCCOc2cc(OC)c(C3CC(=O)N(c4ccc(Oc5ccc(C(C)(C)c6ccc(Oc7ccc(N8C(=O)CC(*)C8=O)cc7)cc6)cc5)cc4)C3=O)c(OC)c2)cc1OC,183.0,-2.1680036,-1.8441473,-1.8110406,-1.9300331,-1.9657918
222,*n1c(=O)c2ccc3c(=O)n(Oc4cccc(Oc5ccc(*)cc5)c4)c(=O)c3c2c1=O,330.0,0.26521888,0.24822342,0.2747058,0.22531177,0.2906706
605,*N1C(=O)c2ccc(C(c3ccc4c(c3)C(=O)N(c3ccc(*)cc3Cl)C4=O)(C(F)(F)F)C(F)(F)F)cc2C1=O,320.0,0.15066142,0.14626727,0.17401883,0.11388555,0.4318825
781,*c1ccc(-c2nc3cc4c(cc3o2)C2(CC4(C)C)CC(C)(C)c3cc4nc(-c5ccc(N6C(=O)c7ccc(C(c8ccc9c(c8)C(=O)N(*)C9=O)(C(F)(F)F)C(F)(F)F)cc7C6=O)cc5)oc4cc32)cc1,491.0,3.1945026,3.1207814,2.560254,3.1387696,2.8995507
75,*N1C(=O)c2ccc(Oc3ccc4c(c3)C(=O)N(c3ccc(Oc5ccc(C67CC8CC9C6CC6CC7C(C8)C9(c7ccc(Oc8ccc(*)cc8)cc7)C6)cc5)cc3)C4=O)cc2C1=O,340.0,0.4567476,0.62596416,0.449677,0.52272004,0.3133513
611,*c1ccc(Oc2ccc(Oc3ccc(Oc4ccc(-n5c(=O)c6cc7c(=O)n(*)c(=O)c7cc6c5=O)cn4)cc3)cc2)nc1,309.0,0.01057057,-0.019523416,0.08835205,0.09379871,0.07936068
523,*N1C(=O)c2ccc(-c3ccc4c(c3)C(=O)N(c3cccc(Oc5cc(Oc6cccc(*)c6)cc(P(=O)(c6ccccc6)c6ccccc6)c5)c3)C4=O)cc2C1=O,209.0,-1.7333772,-1.6441242,-1.5549014,-1.6500779,-1.426525
476,*N1C(=O)C2CC3C(=O)N(c4ccc(Oc5ccc(C(c6ccc(Oc7ccc(*)cc7)cc6)(C(F)(F)F)C(F)(F)F)cc5)cc4)C(=O)C3CC2C1=O,277.6,-0.5213428,-0.46238887,-0.3800318,-0.31342804,-0.6445976
16,*n1c(=O)c2cc3c(=O)n(-c4ccc(C(=O)c5ccc(*)cc5)cc4)c(=O)c3cc2c1=O,412.0,1.6775882,1.3616718,1.5529885,1.5327241,1.6962819
580,*N1C(=O)c2ccc(Oc3ccc(Oc4ccc(Oc5ccc6c(c5)C(=O)N(c5ccc(Oc7ccc(*)cc7)cc5)C6=O)cc4)cc3)cc2C1=O,217.0,-1.4563489,-1.4263108,-1.4740596,-1.3117218,-1.3384842
201,*N1C(=O)c2ccc(Sc3ccc4c(c3)C(=O)N(c3ccc(Oc5ccc(*)cc5)cc3)C4=O)cc2C1=O,266.0,-0.6599513,-0.71390444,-0.7726433,-0.80794764,-0.83635455
720,*N1C(=O)c2ccc(Oc3ccc(Oc4ccc(Oc5ccc6c(c5)C(=O)N(C57CC8C9CC%10(*)CC8C(C5)C(C%10)C9C7)C6=O)cc4)cc3)cc2C1=O,295.0,-0.10280161,-0.097367376,-0.15745407,-0.039541207,-0.087424174
532,*N1C(=O)c2ccc(OC3COC4C(Oc5ccc6c(c5)C(=O)N(c5ccc(OC7COC8C(Oc9ccc(*)cc9C)COC78)c(C)c5)C6=O)COC34)cc2C1=O,218.0,-1.4834658,-1.555924,-1.3360746,-1.2747347,-1.2442917
356,*N1C(=O)c2ccc(C(c3ccc4c(c3)C(=O)N(c3ccc(-c5ccc(*)cc5I)c(I)c3)C4=O)(C(F)(F)F)C(F)(F)F)cc2C1=O,336.0,0.35412928,0.14191031,0.035908367,0.24029018,0.43211865
593,*c1c(C(C)C)cc(C(c2cc(C(C)C)c(N3C(=O)c4ccc(C(c5ccc6c(c5)C(=O)N(*)C6=O)(C(F)(F)F)C(F)(F)F)cc4C3=O)c(C(C)C)c2)c2cccc3ccccc23)cc1C(C)C,294.0,-0.22142367,-0.15212062,-0.09574594,-0.08063674,-0.12609813
801,*N1C(=O)c2ccc(C(c3ccc4c(c3)C(=O)N(c3ccc(*)cc3)C4=O)(C(F)(F)F)C(F)(F)F)cc2C1=O,370.0,0.88870287,0.7661965,0.80960774,0.78585684,0.7074688
278,*N1C(=O)c2ccc(Oc3ccc4c(c3)C(=O)N(c3cccc(C(=O)c5cccc(*)c5)c3)C4=O)cc2C1=O,239.0,-1.1058396,-0.94552237,-1.0117671,-0.8808715,-1.0313848
571,*N1C(=O)c2ccc(C(c3ccc4c(c3)C(=O)N(c3ccc(-c5cc(-c6cccc(-c7ccccc7)c6)cc(-c6ccc(*)cc6)n5)cc3)C4=O)(C(F)(F)F)C(F)(F)F)cc2C1=O,327.477155,0.5145623,0.30774772,0.45897728,0.4591414,0.38189763
790,*c1ccc(C(=O)Nc2ccc(-c3ccc(NC(=O)c4ccc(N5C(=O)c6ccc(C(c7ccc8c(c7)C(=O)N(*)C8=O)(C(F)(F)F)C(F)(F)F)cc6C5=O)c(C)c4)cc3C(F)(F)F)c(C(F)(F)F)c2)cc1C,382.0,1.303148,1.2039012,1.0325484,1.1967609,1.229807
584,*c1ccc(Cc2ccc(N3C(=O)c4ccc(S(=O)(=O)c5ccc6c(c5)C(=O)N(*)C6=O)cc4C3=O)c(C(C)(C)C)c2)cc1C(C)(C)C,314.0,-0.16252945,0.056790795,0.11486991,0.13878036,0.07239879
495,*N1C(=O)c2cccc(-c3ccc4c(c3)C(=O)N(c3cccc(Oc5ccc(C(=O)c6ccc(Oc7cccc(*)c7)cc6)cc5)c3)C4=O)c2C1=O,193.0,-1.8568834,-1.7227273,-1.6926544,-1.5446045,-1.6330318
77,*N1C(=O)c2ccc(Oc3ccc(Oc4ccc(Oc5ccc6c(c5)C(=O)N(c5ccc(Oc7ccc(C89CC%10CC%11C8CC8CC9C(C%10)C%11(c9ccc(Oc%10ccc(*)cc%10)cc9)C8)cc7)cc5)C6=O)cc4)cc3)cc2C1=O,283.0,-0.39260292,-0.2773343,-0.26191995,-0.21636091,-0.3146792
636,*N1C(=O)c2ccc(C(c3ccc4c(c3)C(=O)N(c3ccc([Se]c5ccc(*)c(C(F)(F)F)c5)cc3C(F)(F)F)C4=O)(C(F)(F)F)C(F)(F)F)cc2C1=O,245.0,-2.2503438,-1.9891917,-2.3147914,-1.7716415,-1.9292612
67,*N1C(=O)c2ccc(C(c3ccc4c(c3)C(=O)N(C35CC6CC7C3CC3CC5C(C6)C7(*)C3)C4=O)(C(F)(F)F)C(F)(F)F)cc2C1=O,375.0,1.2664534,1.2107393,0.8662621,1.0828931,1.244723
370,*n1c(=O)c2cc3c(=O)n(-c4ccc(-c5ccc(*)cc5C)c(C)c4)c(=O)c3c(C(F)(F)F)c2c1=O,373.0,1.1626892,1.0012909,0.89249915,1.0340288,1.1755054
391,*N1C(=O)c2ccc(-c3ccc4c(c3)C(=O)N(c3ccc(Oc5ccc(C(C)(C)c6ccc(Oc7ccc(*)cc7)cc6)cc5)cc3)C4=O)cc2C1=O,248.0,-0.6473145,-0.9653209,-1.0249233,-0.8741851,-0.9013033
805,*c1ccc(N2C(=O)c3ccc(C(=O)Oc4ccc(OC(=O)c5ccc6c(c5)C(=O)N(*)C6=O)cc4)cc3C2=O)cc1,483.0,2.8112025,2.5850146,2.498246,2.5218885,2.8318841
387,*N1C(=O)c2ccc(S(=O)(=O)c3ccc4c(c3)C(=O)N(c3ccc(Oc5ccc(C(c6ccc(Oc7ccc(*)cc7)cc6)(C(F)(F)F)C(F)(F)F)cc5)cc3)C4=O)cc2C1=O,240.0,-1.0945098,-1.0281554,-0.9427888,-0.50847936,-0.9175839
359,*N1C(=O)c2ccc(C(c3ccc4c(c3)C(=O)N(c3ccc(-c5ccc(*)cc5C)c(Br)c3)C4=O)(C(F)(F)F)C(F)(F)F)cc2C1=O,329.0,0.37615663,0.33016568,0.3390218,0.31800383,0.36949047
83,*N1C(=O)c2cccc3c(-c4ccc5c6c(cccc46)C(=O)N(c4ccc(Oc6ccc(*)cc6)cc4)C5=O)ccc(c23)C1=O,470.0,2.5955124,2.2817125,2.4010305,2.4515908,2.4383457
64,*C12CC3CC4C1CC1CC2C(C3)C4(N2C(=O)c3ccc(C(=O)c4ccc5c(c4)C(=O)N(*)C5=O)cc3C2=O)C1,416.0,1.9705812,1.8368443,1.4564106,1.6963372,1.9310316
610,*N1C(=O)c2ccc(C(c3ccc4c(c3)C(=O)N(c3ccc(Oc5ccc(Oc6ccc(Oc7ccc(*)cn7)cc6)cc5)nc3)C4=O)(C(F)(F)F)C(F)(F)F)cc2C1=O,258.0,-0.85654396,-0.87375456,-0.8106113,-0.79527354,-0.67338854
470,*NC(=O)c1ccc2c(c1)C(=O)N(c1ccc(Oc3ccc(C4(c5ccc(Oc6ccc(N7C(=O)c8ccc(C(=O)Nc9ccc(Oc%10ccc(C(c%11ccc(Oc%12ccc(*)cc%12)cc%11)C%11CCC(C(C)(C)C)CC%11)cc%10)cc9)cc8C7=O)cc6)cc5)CCCCCCCCCCC4)cc3)cc1)C2=O,246.0,-0.9631053,-0.8689761,-0.7665263,-0.72828865,-0.71027285
510,*c1ccc2nc(-c3ccc(-n4c(=O)c5cc6c(=O)n(*)c(=O)c6cc5c4=O)cc3)c(C)nc2c1,376.0,1.1721606,0.89484715,0.99643034,1.0013511,1.1796684
29,*N1C(=O)c2c(F)c(F)c(Oc3c(F)c(F)c(Oc4c(F)c(F)c5c(c4F)C(=O)N(c4c(F)c(*)c(F)c(F)c4F)C5=O)c(F)c3F)c(F)c2C1=O,309.0,-0.6521493,-0.3198431,-0.3105201,0.06093215,0.07868278
578,*c1ccc(-c2ccc(N3C(=O)c4ccc(Oc5ccc(C6(c7ccc(Oc8ccc9c(c8)C(=O)N(*)C9=O)cc7)OC(=O)c7ccccc76)cc5)cc4C3=O)cc2C(F)(F)F)c(C(F)(F)F)c1,282.0,-0.3974895,-0.36234614,-0.37425917,-0.26872465,-0.34093797
348,*c1cc(N2C(=O)c3ccc(C(c4ccc5c(c4)C(=O)N(*)C5=O)(C(F)(F)F)C(F)(F)F)cc3C2=O)ccc1C,358.0,0.16686691,0.8373417,0.94416684,0.73602355,0.7462878
536,*N1C(=O)c2ccc(C(c3ccc4c(c3)C(=O)N(c3ccc(*)cc3)C4=O)(C(F)(F)F)C(F)(F)F)cc2C1=O,347.0,0.88870287,0.7661965,0.80960774,0.78585684,0.7074688
404,*c1ccc(-c2ccc(-n3c(=O)c4cc5c(=O)n(*)c(=O)c5cc4c3=O)cc2OC(F)(F)F)c(OC(F)(F)F)c1,363.0,1.0003005,0.8311164,0.8408904,0.869557,0.96250945
718,*N1C(=O)c2ccc(C(c3cc(C(F)(F)F)cc(C(F)(F)F)c3)(c3ccc4c(c3)C(=O)N(c3ccc(Oc5cccc(*)c5)cc3)C4=O)C(F)(F)F)cc2C1=O,257.7,-0.84311986,-0.892091,-0.80171984,-0.62924767,-0.75088996
557,*N1C(=O)c2cccc(-c3cccc4c3C(=O)N(c3ccc(Oc5ccc(C(c6ccc(Oc7ccc(*)cc7)cc6)(C(F)(F)F)C(F)(F)F)cc5)cc3)C4=O)c2C1=O,276.336208,-0.3996953,-0.82668024,-0.56279683,-0.33329606,-0.48320526
751,*N1C(=O)C2CC3C(=O)N(c4ccc5nc([C@H]6CC[C@@H](c7nc8cc(*)ccc8o7)CC6)oc5c4)C(=O)C3CC2C1=O,324.0,0.13645312,0.007101032,0.18348002,0.23129965,0.25239715
609,*N1C(=O)c2ccc(-c3ccc4c(c3)C(=O)N(c3ccc(Oc5ccc(Oc6ccc(Oc7ccc(*)cn7)cc6)cc5)nc3)C4=O)cc2C1=O,236.0,-1.2325231,-1.1310877,-1.1632276,-1.0019633,-0.9410995
515,*c1ccc2nc(-c3ccc(N4C(=O)c5ccc(Oc6ccc7c(c6)C(=O)N(*)C7=O)cc5C4=O)cc3)cnc2c1,444.0,2.1972127,2.1965108,2.0485778,2.080065,2.018713
573,*C1CCC(N2C(=O)c3ccc(Oc4ccc(C5(c6ccc(Oc7ccc8c(c7)C(=O)N(*)C8=O)c(C)c6)c6ccccc6-c6ccccc65)cc4C)cc3C2=O)CC1,297.1393051,-0.017685551,0.29372126,-0.08353468,0.10073903,-0.016059961
303,*N1C(=O)c2ccc(C(c3ccc4c(c3)C(=O)N(c3ccccc3Cc3ccc(*)cc3)C4=O)(C(F)(F)F)C(F)(F)F)cc2C1=O,224.0,-1.2851751,-1.4545145,-1.1171458,-1.1404979,-1.2153863
274,*N1C(=O)c2ccc(Oc3ccc4c(c3)C(=O)N(c3cccc(Cc5cccc(*)c5)c3)C4=O)cc2C1=O,258.0,-0.82737005,-0.78716356,-0.8982366,-0.77864146,-0.88166505
307,*N1C(=O)c2ccc(-c3ccc4c(c3)C(=O)N(c3cccc(*)c3)C4=O)cc2C1=O,336.0,0.4757035,0.25153762,0.40239215,0.47190213,0.4095916
630,*c1ccc(Oc2ccc(-c3[nH]c(-c4ccc(C(F)(F)F)cc4)nc3-c3ccc(Oc4ccc(-n5c(=O)c6cc7c(=O)n(*)c(=O)c7cc6c5=O)cc4C(F)(F)F)cc3)cc2)c(C(F)(F)F)c1,300.6064879,-0.07980657,-0.12031871,-0.19929206,-0.061725378,-0.11002977
235,*N1C(=O)c2ccc(Sc3ccc(S(=O)(=O)c4ccc(Sc5ccc6c(c5)C(=O)N(c5ccc(Oc7ccc(Oc8ccc(*)cc8)cc7)cc5)C6=O)cc4)cc3)cc2C1=O,240.0,-0.96246076,-1.0900301,-1.0020993,-1.1101358,-0.8455269
679,*N1C(=O)c2ccc(C(c3ccc4c(c3)C(=O)N(c3ccc(Oc5ccc(-c6ccc(Oc7ccc(*)cc7C(F)(F)F)cc6)cc5)c(C(F)(F)F)c3)C4=O)(C(F)(F)F)C(F)(F)F)cc2C1=O,260.0,-0.8063222,-0.6982147,-0.6636632,-0.57680917,-0.7012902
200,*N1C(=O)c2cccc(Sc3ccc4c(c3)C(=O)N(c3ccc(Oc5ccc(*)cc5)cc3)C4=O)c2C1=O,282.0,-0.3227883,-0.41949683,-0.28951907,-0.30248684,-0.283237
596,*c1cc(C(F)(F)F)c(Oc2ccc(N3C(=O)c4ccc(C(=O)c5ccc6c(c5)C(=O)N(*)C6=O)cc4C3=O)cc2)c(C(F)(F)F)c1,310.0,0.031721234,-0.015765477,0.12537095,0.1584628,0.15906686
439,*N1C(=O)c2ccc(C(c3ccc4c(c3)C(=O)N(c3ccc(OCCOCCOCCOCCOOc5ccc(*)cc5)cc3)C4=O)(C(F)(F)F)C(F)(F)F)cc2C1=O,137.5,-2.6848001,-2.5401385,-2.5771956,-2.5223546,-2.2972245
261,*N1C(=O)c2ccc(C(=O)c3ccc4c(c3)C(=O)N(c3cccc(C(=O)c5cccc(*)c5)c3)C4=O)cc2C1=O,277.0,-0.558928,-0.48409456,-0.5702444,-0.4138307,-0.51093125
808,*N1C(=O)c2ccc(C(=O)Oc3ccc(OC(=O)c4ccc5c(c4)C(=O)N(c4ccc(C(=O)Oc6ccc(OC(=O)c7ccc(OC(=O)c8ccc(*)cc8)cc7)cc6)cc4)C5=O)cc3)cc2C1=O,481.0,3.053731,2.8863873,2.8679519,2.971418,3.1161125
28,*n1c(=O)c2cc3c(=O)n(-c4ccc(-c5ccc(*)cc5OC(F)(F)F)c(OC(F)(F)F)c4)c(=O)c3cc2c1=O,363.0,1.0003005,0.8311164,0.8408904,0.869557,0.96250945
390,*c1ccc(Oc2ccc(C(C)(C)c3ccc(Oc4ccc(N5C(=O)c6ccc(C(=C)c7ccc8c(c7)C(=O)N(*)C8=O)cc6C5=O)cc4)cc3)cc2)cc1,206.0,-0.6766138,-1.6203607,-1.5318866,-1.4993432,-1.3783329
158,*N1C(=O)c2cccc(-c3cccc4c3C(=O)N(c3cccc(Oc5cccc(Oc6cccc(*)c6)c5)c3)C4=O)c2C1=O,206.0,-1.650768,-1.6247097,-1.6562302,-1.204699,-1.52311
243,*c1ccc(-c2ccc(N3C(=O)c4ccc(C(=O)c5ccc6c(c5)C(=O)N(*)C6=O)cc4C3=O)cc2)cc1,282.0,-0.34646437,-0.22377652,0.61688995,-0.21984331,-0.3395286
529,*N1C(=O)c2ccc(OC3COC4C(Oc5ccc6c(c5)C(=O)N(c5ccc(C(=O)c7ccc(*)cc7)cc5)C6=O)COC34)cc2C1=O,267.0,-0.7146296,-0.71326846,-0.57684135,-0.5276797,-0.52698284
615,*N1C(=O)c2ccc(Oc3ccc(C(C)(C)c4ccc(Oc5ccc6c(c5)C(=O)N(c5c(C)cc(C)c(*)c5C)C6=O)cc4)cc3)cc2C1=O,284.0,-0.32468,-0.25484854,-0.2311979,-0.37588638,-0.22622772
777,*c1ccc(C(=O)Oc2ccc3c(c2)C(C)(C)CC32CC(C)(C)c3cc(OC(=O)c4ccc(N5C(=O)c6ccc(C(C7C=C8C(=O)N(*)C(=O)C8=CC7)(C(F)(F)F)C(F)(F)F)cc6C5=O)cc4)ccc32)cc1,297.0,-0.09975719,-0.09944621,-0.072821386,-0.0734171,-0.11398238
238,*c1cccc(C(=O)c2ccccc2-n2c(=O)c3cc4c(=O)n(*)c(=O)c4cc3c2=O)c1,321.0,0.12255017,0.08814779,0.102654256,0.16887832,0.11166176
