NO,SMILES,y_true,label
763,*c1ccc(N2C(=O)c3ccc(C(c4ccc5c(c4)C(=O)N(*)C5=O)(C(F)(F)F)C(F)(F)F)cc3C2=O)cc1C(F)(F)F,365.0,"*,F"
251,*c1cccc(Cc2cccc(N3C(=O)c4ccc(C(=O)c5ccc6c(c5)C(=O)N(*)C6=O)cc4C3=O)c2)c1,272.0,*
237,*c1ccc(C(=O)c2cccc(-n3c(=O)c4cc5c(=O)n(*)c(=O)c5cc4c3=O)c2)cc1,341.0,*
82,*N1C(=O)c2cccc3c(-c4ccc5c6c(cccc46)C(=O)N(c4cccc(*)c4)C5=O)ccc(c23)C1=O,450.0,*
807,*c1ccc(C(=O)Oc2ccc(OC(=O)c3ccc(N4C(=O)c5ccc(C(=O)Oc6ccc(OC(=O)c7ccc8c(c7)C(=O)N(*)C8=O)cc6)cc5C4=O)cc3)cc2)cc1,489.0,*
560,*N1C(=O)c2cccc(-c3cccc4c3C(=O)N(c3ccc(C5(c6ccc(*)c(F)c6)c6ccccc6-c6ccccc65)cc3F)C4=O)c2C1=O,386.4192634,"*,F"
32,*N1C(O)c2ccc(C(c3ccc4c(c3)C(=O)N(c3ccc(-c5ccc(*)cc5C(F)(F)F)c(C(F)(F)F)c3)C4=O)(C(F)(F)F)C(F)(F)F)cc2C1O,327.0,"*,F"
24,*N1C(=O)c2ccc(C(c3ccc4c(c3)C(=O)N(c3cccc(*)c3)C4=O)(C(F)(F)F)C(F)(F)F)cc2C1=O,303.0,"*,F"
153,*N1C(=O)c2cccc(-c3ccc4c(c3)C(=O)N(c3ccc(Oc5ccc(*)cc5)cc3)C4=O)c2C1=O,319.0,*
315,*N1C(=O)c2ccc(-c3ccc4c(c3)C(=O)N(c3ccc(S(=O)(=O)c5ccc(*)cc5)cc3)C4=O)cc2C1=O,330.0,"*,S"
199,*N1C(=O)c2cccc(Sc3cccc4c3C(=O)N(c3ccc(Oc5ccc(*)cc5)cc3)C4=O)c2C1=O,293.0,"*,S"
43,*N1C(O)c2cc3c(cc2C1O)C(=O)N(c1ccc(Oc2ccc(P(=O)(c4ccccc4)c4ccc(Oc5ccc(*)cc5)cc4)cc2)cc1)C3=O,254.0,"*,P"
196,*N1C(=O)c2cccc(Oc3cccc4c3C(=O)N(c3ccc(Oc5ccc(Oc6ccc(*)cc6)cc5)cc3)C4=O)c2C1=O,263.0,*
583,*c1ccc(Cc2ccc(N3C(=O)c4ccc(Sc5ccc6c(c5)C(=O)N(*)C6=O)cc4C3=O)c(C(C)(C)C)c2)cc1C(C)(C)C,286.0,"*,S"
371,*n1c(=O)c2cc3c(=O)n(-c4ccc(-c5ccc(*)cc5C)c(C)c4)c(=O)c3cc2c1=O,374.0,*
408,*N1C(=O)c2ccc(C(O)c3ccc4c(c3)C(=O)N(c3ccc(Oc5ccc(*)cc5)cc3)C4=O)cc2C1=O,250.0,*
508,*c1ccc(Oc2ccc(-c3ccc(Oc4ccc(N5C(=O)c6ccc(C(=O)c7ccc8c(c7)C(=O)N(*)C8=O)cc6C5=O)cc4)cn3)nc2)cc1,296.0,*
227,*n1c(=O)c2cc3c(=O)n(-c4ccc(Oc5ccc(C(C)(C)c6ccc(Oc7ccc(*)cc7)cc6)cc5)cc4)c(=O)c3cc2c1=O,287.0,*
638,*C1CC(=O)N(c2c(C)cc(Cc3cc(C)c(N4C(=O)CC(c5c(OC)cc(OCCCOc6cc(OC)c(*)c(OC)c6)cc5OC)C4=O)c(CC)c3)cc2CC)C1=O,192.0,*
799,*c1ccc(-c2ccc(N3C(=O)c4ccc(C(c5ccc6c(c5)C(=O)N(*)C6=O)(C(F)(F)F)C(F)(F)F)cc4C3=O)c(C)c2)cc1C,397.0,"*,F"
367,*c1ccc(-c2ccc(-n3c(=O)c4cc5c(=O)n(*)c(=O)c5c(C(F)(F)F)c4c3=O)cc2C(F)(F)F)c(C(F)(F)F)c1,373.0,"*,F"
745,*c1ccc(-c2ccc(N3Cc4ccc(-c5ccc6c(c5)C(=O)N(*)C6=O)cc4C3)cc2)cc1,395.0,*
473,*N1C(=O)C2CC3C(=O)N(c4cccc(Oc5ccc(*)cc5)c4)C(=O)C3CC2C1=O,287.8,*
637,*c1c(OC)cc(OCCCOc2cc(OC)c(C3CC(=O)N(c4ccc(Cc5ccc(N6C(=O)CC(*)C6=O)cc5)cc4)C3=O)c(OC)c2)cc1OC,185.0,*
240,*c1cccc(C(c2cccc(-n3c(=O)c4cc5c(=O)n(*)c(=O)c5cc4c3=O)c2)(C(F)(F)F)C(F)(F)F)c1,296.0,"*,F"
785,*N1C(=O)C2C(C1=O)C1C(=O)N(C3CCC4C=C(c5nc6cc7c(cc6o5)C5(CC7(C)C)CC(C)(C)c6cc7nc(-c8ccc(N9C(=O)c%10ccc(C(c%11ccc%12c(c%11)C(=O)N(*)C%12=O)(C(F)(F)F)C(F)(F)F)cc%10C9=O)cc8)oc7cc65)C=CC43)C(=O)C21,452.0,"*,F"
6,*N1C(=O)C2C=CC=C(c3ccc4c(c3)C(=O)N(c3ccc(*)cc3)C4=O)C2C1=O,410.0,*
254,*c1ccccc1Cc1ccccc1N1C(=O)c2ccc(C(=O)c3ccc4c(c3)C(=O)N(*)C4=O)cc2C1=O,285.0,*
61,*N1C(=O)c2ccc(-c3ccc4c(c3)C(=O)N(C35CC6CC(CC(*)(C6)C3)C5)C4=O)cc2C1=O,303.0,*
640,*C1CC(=O)N(c2c(C)cc(Cc3cc(C)c(N4C(=O)CC(c5c(OC)cc(Oc6cc(OC)c(*)c(OC)c6)cc5OC)C4=O)c(CC)c3)cc2CC)C1=O,227.0,*
544,*N1C(=O)c2ccc(-c3ccc4c(c3)C(=O)N(c3ccc(-c5nc6cc(*)ccc6o5)cc3)C4=O)cc2C1=O,317.0756064,*
739,*N1C(=O)c2ccc(C(c3ccc4c(c3)C(=O)N(c3ccc(Oc5cccc(C(c6cccc(Oc7ccc(*)cc7)c6)(C(F)(F)F)C(F)(F)F)c5)cc3)C4=O)(c3c(F)c(F)c(F)c(F)c3F)C(F)(F)F)cc2C1=O,270.0,"*,F"
601,*c1ccc(Oc2cc(C(C)(C)C)c(Oc3ccc(-n4c(=O)c5cc6c(=O)n(*)c(=O)c6cc5c4=O)cc3)cc2C(C)(C)C)cc1,298.0,*
21,*N1C(=O)c2ccc(C(c3ccc4c(c3)C(=O)N(c3c(F)c(F)c(-c5ccc(*)cc5)c(F)c3F)C4=O)(C(F)(F)F)C(F)(F)F)cc2C1=O,385.0,"*,F"
301,*N1C(=O)c2ccc(C(c3ccc4c(c3)C(=O)N(c3cccc(Oc5cccc(S(=O)(=O)c6cccc(Oc7cccc(*)c7)c6)c5)c3)C4=O)(C(F)(F)F)C(F)(F)F)cc2C1=O,244.0,"*,F,S"
772,*c1ccc(C(=O)NC2=CC3C(=O)c4cc(NC(=O)c5ccc(N6C(=O)c7ccc(Oc8ccc9c(c8)C(=O)N(*)C9=O)cc7C6=O)cc5)ccc4OC3C=C2)cc1,331.0,*
597,*N1C(=O)c2ccc(Oc3ccc4c(c3)C(=O)N(c3ccc(Oc5c(C(F)(F)F)cc(*)cc5C(F)(F)F)cc3)C4=O)cc2C1=O,302.0,"*,F"
4,*n1c(=O)c2cc3c(=O)n(-c4ccc(Oc5ccc(Oc6ccc(*)cc6)cc5)cc4)c(=O)c3cc2c1=O,272.0,*
316,*N1C(=O)c2ccc(-c3ccc4c(c3)C(=O)N(c3cccc(S(=O)(=O)c5cccc(*)c5)c3)C4=O)cc2C1=O,260.0,"*,S"
85,*N1C(=O)c2cccc3c(-c4ccc5c6c(cccc46)C(=O)N(c4ccc(C6(c7ccc(*)cc7)c7ccccc7-c7ccccc76)cc4)C5=O)ccc(c23)C1=O,450.0,*
248,*c1cccc(Oc2cccc(N3C(=O)c4ccc(C(=O)c5ccc6c(c5)C(=O)N(*)C6=O)cc4C3=O)c2)c1,221.0,*
558,*N1C(=O)c2cccc(-c3cccc4c3C(=O)N(c3ccc(Oc5ccc(-c6ccc(Oc7ccc(*)cc7C(F)(F)F)cc6)cc5)c(C(F)(F)F)c3)C4=O)c2C1=O,282.403778,"*,F"
553,*N1C(=O)C2CC3C(=O)N(c4ccc5c(c4)nc(-c4ccc(*)cc4C)n5-c4ccccc4)C(=O)C3CC2C1=O,376.0177148,*
41,*N1C(O)c2ccc(C(c3ccc4c(c3)C(=O)N(c3ccc(Oc5ccc(P(=O)(c6ccccc6)c6ccc(Oc7ccc(*)cc7)cc6)cc5)cc3)C4=O)(C(F)(F)F)C(F)(F)F)cc2C1O,220.0,"*,F,P"
317,*N1C(=O)c2ccc(-c3ccc4c(c3)C(=O)N(c3ccc(C(c5ccc(*)cc5)(C(F)(F)F)C(F)(F)F)cc3)C4=O)cc2C1=O,267.0,"*,F"
802,*c1ccc(OC(=O)c2ccc(N3C(=O)c4ccc(C(c5ccc6c(c5)C(=O)N(*)C6=O)(C(F)(F)F)C(F)(F)F)cc4C3=O)cc2)cc1,324.0,"*,F"
36,*N1C(O)c2ccc(-c3ccc4c(c3)C(=O)N(c3ccc(P(=O)(c5ccccc5)c5ccc(*)cc5)cc3)C4=O)cc2C1O,371.0,"*,P"
8,*c1ccc(N2C(=O)c3ccc(C(=O)c4ccc5c(c4)C(=O)N(*)C5=O)cc3C2=O)cc1,333.0,*
761,*N1C(=O)c2ccc(C(c3ccc4c(c3)C(=O)N(c3ccc(*)cc3F)C4=O)(C(F)(F)F)C(F)(F)F)cc2C1=O,370.0,"*,F"
246,*c1ccc(Oc2ccccc2N2C(=O)c3ccc(C(=O)c4ccc5c(c4)C(=O)N(*)C5=O)cc3C2=O)cc1,287.0,*
474,*N1C(=O)C2CC3C(=O)N(c4ccc(Oc5ccc(*)cc5)cc4)C(=O)C3CC2C1=O,334.3,*
776,*c1cccc(C(=O)NC2=CC3C(=O)c4cc(NC(=O)c5cccc(N6C(=O)c7ccc(Oc8ccc9c(c8)C(=O)N(*)C9=O)cc7C6=O)c5)ccc4OC3C=C2)c1,310.0,*
256,*N1C(=O)c2ccc(C(=O)c3ccc4c(c3)C(=O)N(c3cccc(NC(=O)c5ccc(*)cc5)c3)C4=O)cc2C1=O,306.0,*
252,*c1ccc(Cc2ccccc2N2C(=O)c3ccc(C(=O)c4ccc5c(c4)C(=O)N(*)C5=O)cc3C2=O)cc1,290.0,*
320,*N1C(=O)c2ccc(-c3ccc4c(c3)C(=O)N(c3ccc(Oc5cccc(Oc6ccc(*)cc6)c5)cc3)C4=O)cc2C1=O,210.0,*
728,*N1C(=O)c2ccc(C(=O)OC[C@H]3CC[C@@](C)(COC(=O)c4ccc5c(c4)C(=O)N(c4ccc(O[C@H]6CC[C@@](C)(COc7ccc(*)cc7C(F)(F)F)C6(C)C)c(C(F)(F)F)c4)C5=O)C3(C)C)cc2C1=O,197.0,"*,F"
581,*N1C(=O)c2ccc(S(=O)(=O)c3ccc4c(c3)C(=O)N(c3ccc(Oc5ccc(*)cc5)cc3)C4=O)cc2C1=O,335.0,"*,S"
626,*N1C(=O)C2C(C1=O)C1C(=O)N(c3ccc(Oc4ccc(-c5nc(-c6ccc(C)cc6)[nH]c5-c5ccc(Oc6ccc(*)cc6C(F)(F)F)cc5)cc4)c(C(F)(F)F)c3)C(=O)C21,280.6701865,"*,F"
624,*n1c(=O)c2cc3c(=O)n(-c4ccc(Oc5ccc(-c6nc(-c7ccccc7)[nH]c6-c6ccc(Oc7ccc(*)cc7C(F)(F)F)cc6)cc5)c(C(F)(F)F)c4)c(=O)c3cc2c1=O,297.1393051,"*,F"
616,*N1C(=O)c2ccc(-c3ccc4c(c3)C(=O)N(c3ccc(Oc5c(-c6ccc(C(F)(F)F)cc6)cc(S(=O)(=O)c6cc(-c7ccc(C(F)(F)F)cc7)c(Oc7ccc(*)cc7)c(-c7ccc(C(F)(F)F)cc7)c6)cc5-c5ccc(C(F)(F)F)cc5)cc3)C4=O)cc2C1=O,281.0,"*,F,S"
377,*N1C(=O)c2ccc(Cc3ccc4c(c3)C(=O)N(c3cc(*)cc(C(F)(F)F)c3)C4=O)cc2C1=O,274.0,"*,F"
496,*c1cccc(Oc2ccc(-n3c(=O)c4cc5c(=O)n(*)c(=O)c5cc4c3=O)cc2)c1,360.0,*
753,*c1ccc2oc([C@H]3CC[C@@H](c4nc5ccc(N6C(=O)C7C8C(=O)N(*)C(=O)C8C7C6=O)cc5o4)CC3)nc2c1,400.0,*
292,*N1C(=O)c2ccc(C(c3ccc4c(c3)C(=O)N(c3ccc(C(=O)c5ccc(*)cc5)cc3)C4=O)(C(F)(F)F)C(F)(F)F)cc2C1=O,311.0,"*,F"
740,*c1ccc(N2C(=O)c3ccc(C(c4ccc5c(c4)C(=O)N(*)C5=O)(c4c(F)c(F)c(F)c(F)c4F)C(F)(F)F)cc3C2=O)cc1,323.0,"*,F"
499,*c1cccc(N2C(=O)c3ccc(Oc4ccc(C(C)(C)c5ccc(Oc6ccc7c(c6)C(=O)N(*)C7=O)cc5)cc4)cc3C2=O)c1,217.0,*
757,*c1ccc(-c2nc3cc(N4C(=O)c5ccc(C(c6ccc7c(c6)C(=O)N(*)C7=O)(C(F)(F)F)C(F)(F)F)cc5C4=O)ccc3[nH]2)c(C)c1,371.0,"*,F"
459,*c1ccc2c(c1)C1(OC2=O)OC(=O)c2ccc(N3C(=O)c4ccc(C(O)c5ccc6c(c5)C(=O)N(*)C6=O)cc4C3=O)cc21,325.0,*
247,*c1ccc(Oc2cccc(N3C(=O)c4ccc(C(=O)c5ccc6c(c5)C(=O)N(*)C6=O)cc4C3=O)c2)cc1,252.0,*
434,*N1C(=O)c2ccc(C(c3ccc4c(c3)C(=O)N(c3ccc(OCCCCCCOc5ccc(*)cc5)cc3)C4=O)(C(F)(F)F)C(F)(F)F)cc2C1=O,167.0,"*,F"
297,*N1C(=O)c2ccc(C(c3ccc4c(c3)C(=O)N(c3cccc(C(c5cccc(*)c5)(C(F)(F)F)C(F)(F)F)c3)C4=O)(C(F)(F)F)C(F)(F)F)cc2C1=O,318.5,"*,F"
607,*N1C(=O)c2ccc(Oc3ccc4c(c3)C(=O)N(c3ccc(Oc5ccc(Oc6ccc(Oc7ccc(*)cn7)cc6)cc5)nc3)C4=O)cc2C1=O,223.0,*
313,*N1C(=O)c2cccc(-c3cccc4c3C(=O)N(c3ccc(Oc5ccc(*)cc5)cc3)C4=O)c2C1=O,330.0,*
418,*c1cc(Oc2c(C)cc(-c3cc(C)c(Oc4cc(N5C(=O)c6ccc(Oc7ccc8c(c7)C(=O)N(*)C8=O)cc6C5=O)cc(C(F)(F)F)c4)c(C)c3)cc2C)cc(C(F)(F)F)c1,217.0,"*,F"
507,*N1C(=O)c2ccc(-c3ccc4c(c3)C(=O)N(c3ccc(Oc5cnc(-c6ncc(Oc7ccc(*)cc7)cn6)nc5)cc3)C4=O)cc2C1=O,291.0,*
194,*N1C(=O)c2cccc(Oc3ccc4c(c3)C(=O)N(c3ccc(Oc5ccc(*)cc5)cc3)C4=O)c2C1=O,278.0,*
587,*c1c(C(C)C)cc(C(c2cc(C(C)C)c(N3C(=O)c4ccc(Oc5ccc6c(c5)C(=O)N(*)C6=O)cc4C3=O)c(C(C)C)c2)c2cccc3ccccc23)cc1C(C)C,296.0,*
355,*N1C(=O)c2ccc(C(c3ccc4c(c3)C(=O)N(c3ccc(-c5ccc(*)c(C(F)(F)F)c5)cc3C(F)(F)F)C4=O)(C(F)(F)F)C(F)(F)F)cc2C1=O,367.0,"*,F"
453,*N1C(=O)c2ccc(C(c3ccc4c(c3)C(=O)N(c3ccc(Oc5ccc6c(c5)C(C)(C)CC5(Cc7ccc(Oc8ccc(*)cc8)cc7C(C)(C)C5)C6)cc3)C4=O)(C(F)(F)F)C(F)(F)F)cc2C1=O,240.0,"*,F"
407,*c1ccc(Oc2ccc(N3C(=O)c4ccc([Si](C)(C)c5ccc6c(c5)C(=O)N(*)C6=O)cc4C3=O)cc2)cc1,274.0,"*,Si"
161,*N1C(=O)c2cccc(-c3ccc4c(c3)C(=O)N(c3ccc(Oc5ccc(Oc6ccc(*)cc6)cc5)cc3)C4=O)c2C1=O,283.0,*
576,*N1C(=O)c2ccc(Oc3ccc(C4(c5ccc(Oc6ccc7c(c6)C(=O)N(c6ccc(Oc8ccc(*)cc8)cc6)C7=O)cc5)c5ccccc5-c5ccccc54)cc3)cc2C1=O,281.0,*
530,*N1C(=O)c2ccc(OC3COC4C(Oc5ccc6c(c5)C(=O)N(c5ccc(C(c7ccc(*)cc7)(C(F)(F)F)C(F)(F)F)cc5)C6=O)COC34)cc2C1=O,277.0,"*,F"
436,*N1C(=O)c2ccc(C(c3ccc4c(c3)C(=O)N(c3ccc(OCCOOc5ccc(*)cc5)cc3)C4=O)(C(F)(F)F)C(F)(F)F)cc2C1=O,254.0,"*,F"
257,*N1C(=O)c2ccc(C(=O)c3ccc4c(c3)C(=O)N(c3ccc(NC(=O)c5cccc(*)c5)cc3)C4=O)cc2C1=O,309.0,*
550,*N1C(=O)c2ccc(C(c3ccc4c(c3)C(=O)N(c3ccc5c(c3)nc(-c3ccc(*)cc3C)n5-c3ccccc3)C4=O)(C(F)(F)F)C(F)(F)F)cc2C1=O,340.4790906,"*,F"
534,*N1C(=O)c2ccc(Oc3ccc(C(C)(C)c4ccc(Oc5ccc6c(c5)C(=O)N(c5ccc(-c7ccc(*)cc7C(F)(F)F)c(C(F)(F)F)c5)C6=O)cc4)cc3)cc2C1=O,219.0,"*,F"
602,*c1ccc(Oc2cc(C(=O)OCCCCCCCCCCCC)c(Oc3ccc(-n4c(=O)c5cc6c(=O)n(*)c(=O)c6cc5c4=O)cc3)cc2C(=O)OCCCCCCCCCCCC)cc1,132.0,*
752,*c1ccc2oc([C@H]3CC[C@H](c4nc5ccc(N6C(=O)C7C8C(=O)N(*)C(=O)C8C7C6=O)cc5o4)CC3)nc2c1,404.0,*
806,*c1ccc(OC(=O)c2ccc(N3C(=O)c4ccc(C(=O)Oc5ccc(OC(=O)c6ccc7c(c6)C(=O)N(*)C7=O)cc5)cc4C3=O)cc2)cc1,485.0,*
649,*N1C(=O)c2ccc(C(c3cc(C(F)(F)F)cc(C(F)(F)F)c3)(c3ccc4c(c3)C(=O)N(c3ccc(Oc5ccc(Oc6ccc(*)cc6C(F)(F)F)cc5)c(C(F)(F)F)c3)C4=O)C(F)(F)F)cc2C1=O,349.0,"*,F"
539,*N1C(=O)c2ccc(C(c3ccc4c(c3)C(=O)N(c3ccc5oc(-c6ccc(*)cc6)nc5c3)C4=O)(C(F)(F)F)C(F)(F)F)cc2C1=O,363.0,"*,F"
627,*n1c(=O)c2cc3c(=O)n(-c4ccc(Oc5ccc(-c6nc(-c7ccc(C)cc7)[nH]c6-c6ccc(Oc7ccc(*)cc7C(F)(F)F)cc6)cc5)c(C(F)(F)F)c4)c(=O)c3cc2c1=O,288.4713479,"*,F"
504,*N1C(=O)c2ccc(C(=O)c3ccc4c(c3)C(=O)N(c3cccc(S(=O)(=O)c5cccc(*)c5)c3)C4=O)cc2C1=O,277.0,"*,S"
48,*N1C(O)c2cc3c(cc2C1O)C(C(F)(F)F)(C(F)(F)F)c1cc2c(cc1O3)C(=O)N(c1ccc(-c3ccc(*)cc3OC(F)(F)F)c(OC(F)(F)F)c1)C2=O,375.0,"*,F"
286,*N1C(=O)c2ccc(C(c3ccc4c(c3)C(=O)N(c3ccc(Oc5ccc(*)cc5)cc3)C4=O)(C(F)(F)F)C(F)(F)F)cc2C1=O,288.0,"*,F"
604,*N1C(=O)c2ccc(Oc3ccc4c(c3)C(=O)N(c3ccc(*)cc3Cl)C4=O)cc2C1=O,285.0,"*,Cl"
735,*c1ccc(C(=O)Nc2ccc(-c3ccc(NC(=O)c4ccc(N5C(=O)c6ccc(C(c7ccc8c(c7)C(=O)N(*)C8=O)(C(F)(F)F)C(F)(F)F)cc6C5=O)cc4)cc3)cc2)cc1,387.0,"*,F"
519,*c1ccc2nc(-c3ccc(N4C(=O)c5ccc(C(=O)c6ccc7c(c6)C(=O)N(*)C7=O)cc5C4=O)cc3)c(C)nc2c1,377.0,*
520,*c1ccc2nc(-c3ccc(N4C(=O)c5ccc(C(=O)c6ccc7c(c6)C(=O)N(*)C7=O)cc5C4=O)cc3)cnc2c1,418.0,*
84,*N1C(=O)c2cccc3c(-c4ccc5c6c(cccc46)C(=O)N(c4ccc(Cc6ccc(*)cc6)cc4)C5=O)ccc(c23)C1=O,430.0,*
249,*c1ccc(Cc2ccc(N3C(=O)c4ccc(C(=O)c5ccc6c(c5)C(=O)N(*)C6=O)cc4C3=O)cc2)cc1,306.0,*
451,*N1C(=O)c2ccc(C(=O)c3ccc4c(c3)C(=O)N(c3ccc(Oc5ccc6c(c5)C(C)(C)CC5(Cc7ccc(Oc8ccc(*)cc8)cc7C(C)(C)C5)C6)cc3)C4=O)cc2C1=O,236.0,*
466,*c1ccc(Oc2c(C)cc(C(C)(C)c3cc(C)c(Oc4ccc(NC(=O)c5ccc6c(c5)C(=O)N(c5ccc(Oc7ccc(C8(c9ccc(Oc%10ccc(N%11C(=O)c%12ccc(C(=O)N*)cc%12C%11=O)cc%10)cc9)CCCCCCCCCCC8)cc7)cc5)C6=O)cc4)c(C)c3)cc2C)cc1,253.0,*
7,*N1C(=O)C2C=CC=C(c3cccc4c3C(=O)N(c3ccc(Oc5ccc(*)cc5)cc3)C4=O)C2C1=O,330.0,*
600,*c1ccc(Oc2ccc(Oc3ccc(-n4c(=O)c5cc6c(=O)n(*)c(=O)c6cc5c4=O)cc3C(F)(F)F)cc2)c(C(F)(F)F)c1,296.0,"*,F"
585,*c1ccc(C(c2ccc(N3C(=O)c4ccc(Oc5ccc6c(c5)C(=O)N(*)C6=O)cc4C3=O)cc2)c2cccc3ccccc23)cc1,301.0,*
339,*c1cccc(Oc2cccc(N3C(=O)c4ccc([Si](C)(C)c5ccc6c(c5)C(=O)N(*)C6=O)cc4C3=O)c2)c1,228.0,"*,Si"
304,*N1C(=O)c2ccc(C(c3ccc4c(c3)C(=O)N(c3cccc(Cc5cccc(*)c5)c3)C4=O)(C(F)(F)F)C(F)(F)F)cc2C1=O,231.0,"*,F"
373,*c1ccc(-c2ccc(-c3ccc(-n4c(=O)c5cc6c(=O)n(*)c(=O)c6c(C(F)(F)F)c5c4=O)cc3)cc2)cc1,364.0,"*,F"
382,*N1C(=O)c2ccc(S(=O)(=O)c3ccc4c(c3)C(=O)N(c3cc(*)cc(C(F)(F)F)c3)C4=O)cc2C1=O,310.0,"*,F,S"
12,*c1ccc(Oc2ccc(-n3c(=O)c4cc5c(=O)n(*)c(=O)c5cc4c3=O)cc2)cc1,380.0,*
513,*c1ccc2nc(-c3ccc(N4C(=O)c5ccc(-c6ccc7c(c6)C(=O)N(*)C7=O)cc5C4=O)cc3)c(C)nc2c1,355.0,*
239,*c1ccc(C(c2ccc(-n3c(=O)c4cc5c(=O)n(*)c(=O)c5cc4c3=O)cc2)(C(F)(F)F)C(F)(F)F)cc1,345.0,"*,F"
190,*N1C(=O)c2ccc(-c3ccc4c(c3)C(=O)N(c3ccc(Oc5ccc(Oc6ccc(*)cc6)cc5)cc3)C4=O)cc2C1=O,257.0,*
50,*c1ccc(-c2ccc(N3C(=O)c4cc5c(cc4C3=O)C(C(F)(F)F)(C(F)(F)F)c3cc4c(cc3O5)C(O)N(*)C4O)cc2OC(F)(F)C(F)OC(F)(F)C(F)(F)C(F)(F)F)c(OC(F)(F)C(F)OC(F)(F)C(F)(F)C(F)(F)F)c1,350.0,"*,F"
554,*N1C(=O)c2cccc(-c3cccc4c3C(=O)N(c3ccc(-c5ccc(*)cc5C(F)(F)F)c(C(F)(F)F)c3)C4=O)c2C1=O,358.6818006,"*,F"
357,*N1C(=O)c2ccc(C(c3ccc4c(c3)C(=O)N(c3ccc(-c5ccc(*)cc5Cl)c(Cl)c3)C4=O)(C(F)(F)F)C(F)(F)F)cc2C1=O,325.0,"*,Cl,F"
778,*c1cccc(C(=O)Oc2ccc3c(c2)C(C)(C)CC32CC(C)(C)c3cc(OC(=O)c4cccc(N5C(=O)c6ccc(C(C7C=C8C(=O)N(*)C(=O)C8=CC7)(C(F)(F)F)C(F)(F)F)cc6C5=O)c4)ccc32)c1,289.0,"*,F"
697,*c1ccc(Oc2ccc(N3C(=O)c4ccc(C(=O)c5cccc6c5C(=O)N(*)C6=O)cc4C3=O)cc2)cc1,313.0,*
413,*N1C(=O)c2ccc(Oc3ccc4c(c3)C(=O)N(c3cccc(C(O)c5cccc(*)c5)c3)C4=O)cc2C1=O,262.0,*
750,*N1C(=O)C2CC3C(=O)N(c4ccc5nc([C@H]6CC[C@H](c7nc8cc(*)ccc8o7)CC6)oc5c4)C(=O)C3CC2C1=O,332.0,*
455,*c1ccc2c(c1)C1(c3ccccc3-2)c2ccccc2-c2ccc(N3C(=O)c4ccc(Oc5ccc(C(C)(C)c6ccc(Oc7ccc8c(c7)C(=O)N(*)C8=O)cc6)cc5)cc4C3=O)cc21,287.0,*
721,*N1C(=O)c2ccc(Oc3ccc(Oc4ccc5c(c4)C(=O)N(C46CC7C8CC9(*)CC7C(C4)C(C9)C8C6)C5=O)cc3)cc2C1=O,310.0,*
409,*c1ccc(Oc2ccc(N3C(=O)c4ccc(C(c5ccc6c(c5)C(=O)N(*)C6=O)[Si](C)(C)C)cc4C3=O)cc2)cc1,210.0,"*,Si"
202,*N1C(=O)c2cccc(Oc3ccc(Oc4cccc5c4C(=O)N(c4ccc(Oc6ccc(*)cc6)cc4)C5=O)cc3)c2C1=O,269.0,*
589,*c1c(C)cc(C(c2cc(C)c(N3C(=O)c4ccc(-c5ccc6c(c5)C(=O)N(*)C6=O)cc4C3=O)c(C)c2)c2cccc3ccccc23)cc1C,387.0,*
351,*N1C(=O)c2ccc(C(c3ccc4c(c3)C(=O)N(c3cc(C(F)(F)F)c(*)cc3C(F)(F)F)C4=O)(C(F)(F)F)C(F)(F)F)cc2C1=O,365.0,"*,F"
461,*c1ccc2c(c1)C1(OC2=O)OC(=O)c2ccc(N3C(=O)c4ccc(Oc5ccc(Oc6ccc7c(c6)C(=O)N(*)C7=O)cc5)cc4C3=O)cc21,264.0,*
300,*N1C(=O)c2ccc(C(c3ccc4c(c3)C(=O)N(c3ccc(Oc5ccc(S(=O)(=O)c6ccc(Oc7ccc(*)cc7)cc6)cc5)cc3)C4=O)(C(F)(F)F)C(F)(F)F)cc2C1=O,293.0,"*,F,S"
3,*n1c(=O)c2ccc3c(=O)n(-c4ccc(Oc5ccc(Oc6ccc(*)cc6)cc5)cc4)c(=O)c3c2c1=O,292.0,*
224,*n1c(=O)c2ccc3c(=O)n(Oc4ccc(Oc5cccc(Oc6ccc(*)cc6)c5)cc4)c(=O)c3c2c1=O,272.0,*
794,*N1C(=O)C2C(C1=O)C1C(=O)N(c3ccc(C(=O)Nc4ccc(-c5ccc(NC(=O)c6ccc(N7C(=O)c8ccc(C(c9ccc%10c(c9)C(=O)N(*)C%10=O)(C(F)(F)F)C(F)(F)F)cc8C7=O)cc6)cc5C(F)(F)F)c(C(F)(F)F)c4)cc3)C(=O)C21,396.0,"*,F"
156,*N1C(=O)c2cccc(-c3ccc4c(c3)C(=O)N(c3cccc(Oc5cccc(*)c5)c3)C4=O)c2C1=O,245.0,*
737,*N1C(=O)c2ccc(C(C)(C)c3ccc4c(c3)C(=O)N(c3ccc(-c5ccc(N6C(=O)c7ccc(C(c8ccc9c(c8)C(=O)N(c8ccc(C(=O)Nc%10ccc(-c%11ccc(NC(=O)c%12ccc(*)cc%12)cc%11)cc%10)cc8)C9=O)(C(F)(F)F)C(F)(F)F)cc7C6=O)cc5C)c(C)c3)C4=O)cc2C1=O,385.0,"*,F"
263,*c1ccc(C(=O)c2ccccc2N2C(=O)c3ccc(C(=O)c4ccc5c(c4)C(=O)N(*)C5=O)cc3C2=O)cc1,289.0,*
608,*N1C(=O)c2ccc(C(O)c3ccc4c(c3)C(=O)N(c3ccc(Oc5ccc(Oc6ccc(Oc7ccc(*)cn7)cc6)cc5)nc3)C4=O)cc2C1=O,237.0,*
229,*c1ccc(Oc2ccc(C(c3ccc(Oc4ccc(-n5c(=O)c6cc7c(=O)n(*)c(=O)c7cc6c5=O)cc4)cc3)(C(F)(F)F)C(F)(F)F)cc2)cc1,327.0,"*,F"
294,*c1ccc(C(=O)c2cccc(N3C(=O)c4ccc(C(c5ccc6c(c5)C(=O)N(*)C6=O)(C(F)(F)F)C(F)(F)F)cc4C3=O)c2)cc1,288.0,"*,F"
618,*N1C(=O)c2ccc(Oc3ccc4c(c3)C(=O)N(c3ccc(Oc5c(-c6ccc(C(F)(F)F)cc6)cc(S(=O)(=O)c6cc(-c7ccc(C(F)(F)F)cc7)c(Oc7ccc(*)cc7)c(-c7ccc(C(F)(F)F)cc7)c6)cc5-c5ccc(C(F)(F)F)cc5)cc3)C4=O)cc2C1=O,259.0,"*,F,S"
598,*N1C(=O)c2ccc(C(c3ccc4c(c3)C(=O)N(c3ccc(Oc5c(C(F)(F)F)cc(*)cc5C(F)(F)F)cc3)C4=O)(C(F)(F)F)C(F)(F)F)cc2C1=O,317.0,"*,F"
505,*c1ccc(Oc2cc(C#N)c(C#N)cc2Oc2ccc(N3C(=O)c4ccc(C(=O)c5ccc6c(c5)C(=O)N(*)C6=O)cc4C3=O)cc2)cc1,325.0,*
233,*N1C(=O)c2ccc(Sc3ccc(S(=O)(=O)c4ccc(Sc5ccc6c(c5)C(=O)N(c5ccc(Oc7ccc(*)cc7)cc5)C6=O)cc4)cc3)cc2C1=O,261.0,"*,S"
548,*N1C(=O)c2ccc(Oc3ccc4c(c3)C(=O)N(c3ccc(Oc5ccc(C6(c7ccc(Oc8ccc(*)cc8)cc7)c7ccccc7-c7ccccc76)cc5)cc3)C4=O)cc2C1=O,263.0,*
155,*c1cccc(Oc2cccc(N3C(=O)c4cccc(-c5cccc6c5C(=O)N(*)C6=O)c4C3=O)c2)c1,246.0,*
31,*N1C(=O)c2c(F)c(F)c(Oc3c(F)c(F)c(Oc4c(F)c(F)c5c(c4F)C(=O)N(c4ccc(-c6ccc(*)cc6C(F)(F)F)c(C(F)(F)F)c4)C5=O)c(F)c3F)c(F)c2C1=O,312.0,"*,F"
49,*c1ccc(-c2ccc(N3C(=O)c4cc5c(cc4C3=O)C(C(F)(F)F)(C(F)(F)F)c3cc4c(cc3O5)C(O)N(*)C4O)cc2OC(F)(F)C(F)F)c(OC(F)(F)C(F)F)c1,363.0,"*,F"
295,*N1C(=O)c2ccc(C(c3ccc4c(c3)C(=O)N(c3cccc(C(=O)c5cccc(*)c5)c3)C4=O)(C(F)(F)F)C(F)(F)F)cc2C1=O,260.0,"*,F"
262,*c1ccccc1C(=O)c1cccc(N2C(=O)c3ccc(C(=O)c4ccc5c(c4)C(=O)N(*)C5=O)cc3C2=O)c1,295.0,*
381,*c1cc(N2C(=O)c3ccc([Si](C)(C)c4ccc5c(c4)C(=O)N(*)C5=O)cc3C2=O)cc(C(F)(F)F)c1,263.0,"*,F,Si"
417,*c1cc(Oc2c(C)cc(-c3cc(C)c(Oc4cc(N5C(=O)c6ccc(C(c7ccc8c(c7)C(=O)N(*)C8=O)(C(F)(F)F)C(F)(F)F)cc6C5=O)cc(C(F)(F)F)c4)c(C)c3)cc2C)cc(C(F)(F)F)c1,245.0,"*,F"
379,*N1C(=O)c2ccc(C(=O)c3cccc(C(=O)c4ccc5c(c4)C(=O)N(c4cc(*)cc(C(F)(F)F)c4)C5=O)c3)cc2C1=O,253.0,"*,F"
154,*N1C(=O)c2ccc(-c3ccc4c(c3)C(=O)N(c3ccc(Oc5ccc(*)cc5)cc3)C4=O)cc2C1=O,285.0,*
506,*N1C(=O)c2ccc(Oc3ccc4c(c3)C(=O)N(c3cccc(S(=O)(=O)c5cccc(*)c5)c3)C4=O)cc2C1=O,290.0,"*,S"
545,*N1C(=O)c2ccc(Oc3ccc4c(c3)C(=O)N(c3ccc(Oc5ccc(*)cc5)cc3)C4=O)cc2C1=O,257.32,*
533,*N1C(=O)c2ccc(OC3COC4C(Oc5ccc6c(c5)C(=O)N(c5ccc(OC7COC8C(Oc9ccc(*)cc9C(F)(F)F)COC78)c(C(F)(F)F)c5)C6=O)COC34)cc2C1=O,233.0,"*,F"
590,*c1c(C(C)C)cc(C(c2cc(C(C)C)c(N3C(=O)c4ccc(-c5ccc6c(c5)C(=O)N(*)C6=O)cc4C3=O)c(C(C)C)c2)c2cccc3ccccc23)cc1C(C)C,339.0,*
779,*c1ccc(C(=O)Oc2ccc(OC(=O)c3ccc(N4C(=O)c5ccc(C(C6C=C7C(=O)N(*)C(=O)C7=CC6)(C(F)(F)F)C(F)(F)F)cc5C4=O)cc3)cc2)cc1,331.0,"*,F"
648,*N1C(=O)c2ccc(C(=O)c3ccc4c(c3)C(=O)N(c3ccc(Oc5ccc(C(c6ccccc6)(c6ccc(Oc7ccc(*)cc7)cc6)C(F)(F)F)cc5)cc3)C4=O)cc2C1=O,352.0,"*,F"
614,*N1C(=O)c2ccc(Oc3ccc(C(C)(C)c4ccc(Oc5ccc6c(c5)C(=O)N(c5cc(*)c(C(C)C)cc5C(C)C)C6=O)cc4)cc3)cc2C1=O,261.0,*
266,*c1ccc(C(c2ccc(N3C(=O)c4ccc(C(=O)c5ccc6c(c5)C(=O)N(*)C6=O)cc4C3=O)cc2)(C(F)(F)F)C(F)(F)F)cc1,239.0,"*,F"
299,*N1C(=O)c2ccc(C(c3ccc4c(c3)C(=O)N(c3cccc(Oc5ccc(C(c6ccc(Oc7cccc(*)c7)cc6)(C(F)(F)F)C(F)(F)F)cc5)c3)C4=O)(C(F)(F)F)C(F)(F)F)cc2C1=O,246.0,"*,F"
625,*N1C(=O)c2ccc(C(c3ccc4c(c3)C(=O)N(c3ccc(Oc5ccc(-c6nc(-c7ccccc7)[nH]c6-c6ccc(Oc7ccc(*)cc7C(F)(F)F)cc6)cc5)c(C(F)(F)F)c3)C4=O)(C(F)(F)F)C(F)(F)F)cc2C1=O,277.2030037,"*,F"
542,*c1ccc2[nH]c(-c3ccc(N4C(=O)c5ccc(C(=O)c6ccc7c(c6)C(=O)N(*)C7=O)cc5C4=O)cc3)nc2c1,371.6837363,*
456,*N1C(=O)c2ccc(Oc3ccc4c(c3)C(=O)N(c3ccc5c(c3)C3(c6ccccc6-c6ccc(*)cc63)c3ccccc3-5)C4=O)cc2C1=O,362.0,*
724,*N1C(=O)c2ccc(-c3ccc4c(c3)C(=O)N(C35CC6C7CC8(*)CC6C(C3)C(C8)C7C5)C4=O)cc2C1=O,335.0,*
452,*N1C(=O)c2ccc(S(=O)(=O)c3ccc4c(c3)C(=O)N(c3ccc(Oc5ccc6c(c5)C(C)(C)CC5(Cc7ccc(Oc8ccc(*)cc8)cc7C(C)(C)C5)C6)cc3)C4=O)cc2C1=O,256.0,"*,S"
273,*N1C(=O)c2ccc(Oc3ccc4c(c3)C(=O)N(c3cccc(Cc5ccc(*)cc5)c3)C4=O)cc2C1=O,274.0,*
727,*N1C(=O)c2ccc(C(=O)c3ccc4c(c3)C(=O)N(c3ccc(O[C@H]5CC[C@@](C)(COc6ccc(*)cc6C(F)(F)F)C5(C)C)c(C(F)(F)F)c3)C4=O)cc2C1=O,229.0,"*,F"
524,*N1C(=O)c2ccc(-c3cccc4c3C(=O)N(c3cccc(Oc5cc(Oc6cccc(*)c6)cc(P(=O)(c6ccccc6)c6ccccc6)c5)c3)C4=O)cc2C1=O,208.0,"*,P"
569,*N1C(=O)c2ccc(C(c3ccc4c(c3)C(=O)N(c3ccc(C5(c6ccc(*)cc6)c6cc(-c7cc(C(F)(F)F)cc(C(F)(F)F)c7)ccc6-c6ccc(-c7cc(C(F)(F)F)cc(C(F)(F)F)c7)cc65)cc3)C4=O)(C(F)(F)F)C(F)(F)F)cc2C1=O,361.2,"*,F"
691,*N1C(=O)c2ccc(C(c3ccc4c(c3)C(=O)N(c3ccc(C#Cc5ccc(*)cc5)cc3)C4=O)(C(F)(F)F)C(F)(F)F)cc2C1=O,420.0,"*,F"
527,*N1C(=O)c2ccc(OC3COC4C(Oc5ccc6c(c5)C(=O)N(c5ccc(*)cc5)C6=O)COC34)cc2C1=O,300.0,*
595,*N1C(=O)c2ccc(-c3ccc4c(c3)C(=O)N(c3ccc(Oc5c(C(F)(F)F)cc(*)cc5C(F)(F)F)cc3)C4=O)cc2C1=O,348.0,"*,F"
685,*c1c(C)cc(C2(c3cc(C)c(N4C(=O)c5ccc(Oc6ccc7c(c6)C(=O)N(*)C7=O)cc5C4=O)c(C)c3)c3cc(O[Si](C)(C)C(C)(C)C)ccc3-c3ccc(O[Si](C)(C)C(C)(C)C)cc32)cc1C,322.4,"*,Si"
606,*c1ccc(Oc2ccc(N3C(=O)c4cccc(-c5ccc6c(c5)C(=O)N(*)C6=O)c4C3=O)cc2)cc1,300.6064879,*
747,*c1ccc(-c2ccc(-c3ccc(-c4ccc(N5Cc6ccc(-c7ccc8c(c7)C(=O)N(*)C8=O)cc6C5)cc4)cc3)cc2)cc1,442.0,*
250,*c1ccc(Cc2cccc(N3C(=O)c4ccc(C(=O)c5ccc6c(c5)C(=O)N(*)C6=O)cc4C3=O)c2)cc1,292.0,*
376,*N1C(=O)c2ccc(C(c3ccc4c(c3)C(=O)N(c3cc(*)cc(C(F)(F)F)c3)C4=O)(C(F)(F)F)C(F)(F)F)cc2C1=O,297.0,"*,F"
681,*c1ccc(-c2cc(C(C)(C)C)c(Oc3ccc(N4C(=O)c5ccc(Oc6ccc7c(c6)C(=O)N(*)C7=O)cc5C4=O)cc3)c(C(C)(C)C)c2)c(Cl)c1,370.0,"*,Cl"
579,*N1C(=O)c2ccc(Oc3ccc(Oc4ccc(Oc5ccc6c(c5)C(=O)N(c5ccc(-c7ccc(*)cc7C(F)(F)F)c(C(F)(F)F)c5)C6=O)cc4)cc3)cc2C1=O,235.0,"*,F"
570,*N1C(=O)c2ccc(C(c3ccc4c(c3)C(=O)N(c3ccc(-c5cc(-c6ccccc6)cc(-c6ccc(*)cc6)n5)cc3)C4=O)(C(F)(F)F)C(F)(F)F)cc2C1=O,369.0833491,"*,F"
791,*N1C(=O)c2ccc(C(c3ccc4c(c3)C(=O)N(c3ccc(C(=O)Nc5ccc(-c6ccc(NC(=O)c7ccc(*)cc7C(F)(F)F)cc6C(F)(F)F)c(C(F)(F)F)c5)c(C(F)(F)F)c3)C4=O)(C(F)(F)F)C(F)(F)F)cc2C1=O,316.0,"*,F"
599,*c1ccc(Oc2ccc(Oc3ccc(-n4c(=O)c5cc6c(=O)n(*)c(=O)c6cc5c4=O)cc3)cc2)cc1,272.0,*
468,*NC(=O)c1ccc2c(c1)C(=O)N(c1ccc(Oc3ccc(C4(c5ccc(Oc6ccc(N7C(=O)c8ccc(C(=O)Nc9ccc(Oc%10cc(C(C)(C)C)c(Oc%11ccc(*)cc%11)cc%10C(C)(C)C)cc9)cc8C7=O)cc6)cc5)CCCCCCCCCCC4)cc3)cc1)C2=O,262.0,*
551,*N1C(=O)c2ccc(C(c3ccc4c(c3)C(=O)N(c3ccc5c(c3)nc(-c3ccc(*)cc3C(F)(F)F)n5-c3ccccc3)C4=O)(C(F)(F)F)C(F)(F)F)cc2C1=O,326.6103593,"*,F"
354,*N1C(=O)c2ccc(C(c3ccc4c(c3)C(=O)N(c3ccc(-c5ccc(*)cc5C(F)(F)F)c(C(F)(F)F)c3)C4=O)(C(F)(F)F)C(F)(F)F)cc2C1=O,362.0,"*,F"
280,*N1C(=O)c2ccc(Oc3ccc4c(c3)C(=O)N(c3cccc(C(c5cccc(*)c5)(C(F)(F)F)C(F)(F)F)c3)C4=O)cc2C1=O,305.0,"*,F"
412,*c1cccc(C(O[Si](C)(C)O[Si](C)(C)O[Si](C)(C)C)c2cccc(N3C(=O)c4ccc(C(=O)c5ccc6c(c5)C(=O)N(*)C6=O)cc4C3=O)c2)c1,235.0,"*,Si"
516,*c1ccc2nc(-c3ccc(N4C(=O)c5ccc(Oc6ccc7c(c6)C(=O)N(*)C7=O)cc5C4=O)cc3)c(C)nc2c1,376.0,*
467,*NC(=O)c1ccc2c(c1)C(=O)N(c1ccc(Oc3ccc(C4(c5ccc(Oc6ccc(N7C(=O)c8ccc(C(=O)Nc9ccc(Oc%10ccc(Oc%11ccc(*)cc%11)cc%10C(C)(C)C)cc9)cc8C7=O)cc6)cc5)CCCCCCCCCCC4)cc3)cc1)C2=O,241.0,*
253,*c1cccc(Cc2ccccc2N2C(=O)c3ccc(C(=O)c4ccc5c(c4)C(=O)N(*)C5=O)cc3C2=O)c1,258.0,*
259,*N1C(=O)c2ccc(C(=O)c3ccc4c(c3)C(=O)N(c3ccc(C(=O)c5ccc(*)cc5)cc3)C4=O)cc2C1=O,288.0,*
588,*c1ccc(C(c2ccc(N3C(=O)c4ccc(-c5ccc6c(c5)C(=O)N(*)C6=O)cc4C3=O)cc2)c2cccc3ccccc23)cc1,341.0,*
457,*c1ccc2c(c1)C1(c3ccccc3-2)c2ccccc2-c2ccc(N3C(=O)c4ccc(C(=O)c5ccc6c(c5)C(=O)N(*)C6=O)cc4C3=O)cc21,371.0,*
682,*c1ccc(C2(c3ccc(N4C(=O)c5ccc(C(C)(C)c6ccc7c(c6)C(=O)N(*)C7=O)cc5C4=O)cc3)c3cc(O[Si](C)(C)C(C)(C)C)ccc3-c3ccc(O[Si](C)(C)C(C)(C)C)cc32)cc1,302.1,"*,Si"
577,*c1ccc(Oc2ccc(N3C(=O)c4ccc(Oc5ccc(C6(c7ccc(Oc8ccc9c(c8)C(=O)N(*)C9=O)cc7)OC(=O)c7ccccc76)cc5)cc4C3=O)cc2)cc1,278.0,*
269,*N1C(=O)c2ccc(Oc3ccc4c(c3)C(=O)N(c3cccc(Oc5ccc(*)cc5)c3)C4=O)cc2C1=O,237.0,*
549,*N1C(=O)c2ccc(Oc3ccc4c(c3)C(=O)N(c3ccc(Oc5ccc(C6(c7ccc(Oc8ccc(*)cc8)cc7)c7cc(F)ccc7-c7ccc(F)cc76)cc5)cc3)C4=O)cc2C1=O,264.07,"*,F"
717,*N1C(=O)c2ccc(C(c3cc(C(F)(F)F)cc(C(F)(F)F)c3)(c3ccc4c(c3)C(=O)N(c3ccc(Oc5ccc(Oc6ccc(*)cc6)cc5)cc3)C4=O)C(F)(F)F)cc2C1=O,259.5,"*,F"
244,*c1ccc(-c2ccccc2N2C(=O)c3ccc(C(=O)c4ccc5c(c4)C(=O)N(*)C5=O)cc3C2=O)cc1,305.0,*
629,*c1ccc(Oc2ccc(-c3[nH]c(-c4ccc(C(F)(F)F)cc4)nc3-c3ccc(Oc4ccc(N5C(=O)C6C7C(=O)N(*)C(=O)C7C6C5=O)cc4C(F)(F)F)cc3)cc2)c(C(F)(F)F)c1,299.7396922,"*,F"
566,*c1ccc(-c2ccc(N3C(=O)c4ccc(C(c5ccc6c(c5)C(=O)N(*)C6=O)(C(F)(F)F)C(F)(F)F)cc4C3=O)cc2C)c(C)c1,363.5,"*,F"
277,*c1ccc(C(=O)c2cccc(N3C(=O)c4ccc(Oc5ccc6c(c5)C(=O)N(*)C6=O)cc4C3=O)c2)cc1,265.0,*
667,*N1C(=O)c2ccc(C(c3ccc4c(c3)C(=O)N(c3ccc(N(c5ccc(*)cc5)c5ccc(-c6ccc(/C=C(\c7ccccc7)c7ccc(-c8ccc(C(F)(F)F)cc8)cc7)cc6)cc5)cc3)C4=O)(C(F)(F)F)C(F)(F)F)cc2C1=O,277.0,"*,F"
60,*C12CC3CC(C1)CC(N1C(=O)c4ccc(C(=O)c5ccc6c(c5)C(O)N(*)C6O)cc4C1=O)(C3)C2,255.0,*
770,*c1ccc(C(=O)NC2=CC3C(=O)c4cc(NC(=O)c5ccc(N6C(=O)c7ccc(-c8ccc9c(c8)C(=O)N(*)C9=O)cc7C6=O)cc5)ccc4OC3C=C2)cc1,356.0,*
150,*N1C(=O)C2CCC(C3CCC4C(=O)N(c5ccc(Oc6ccc(C(c7ccc(Oc8ccc(*)cc8)cc7)(C(F)(F)F)C(F)(F)F)cc6)cc5)C(=O)C4C3)CC2C1=O,236.1,"*,F"
547,*N1C(=O)c2ccc(Oc3ccc4c(c3)C(=O)N(c3ccc(C5(c6ccc(*)cc6)c6cc(F)ccc6-c6ccc(F)cc65)cc3)C4=O)cc2C1=O,265.59,"*,F"
197,*N1C(=O)c2cccc(Oc3ccc4c(c3)C(=O)N(c3ccc(Oc5ccc(Oc6ccc(*)cc6)cc5)cc3)C4=O)c2C1=O,253.0,*
485,*N1C(=O)c2ccc(Oc3ccc4c(c3)C(=O)N(c3ccc(C(c5ccc(*)c(O)c5)(C(F)(F)F)C(F)(F)F)cc3O)C4=O)cc2C1=O,324.8767678,"*,F"
386,*N1C(=O)c2ccc(-c3ccc4c(c3)C(=O)N(c3ccc(Oc5ccc(C(c6ccc(Oc7ccc(*)cc7)cc6)(C(F)(F)F)C(F)(F)F)cc5)cc3)C4=O)cc2C1=O,237.0,"*,F"
344,*N1C(=O)c2ccc(-c3ccc4c(c3)C(=O)N(c3ccc(Oc5ccccc5Oc5ccc(*)cc5)cc3)C4=O)cc2C1=O,272.0,*
15,*c1cccc(Oc2cccc(-n3c(=O)c4cc5c(=O)n(*)c(=O)c5cc4c3=O)c2)c1,287.0,*
47,*N1C(O)c2cc3c(cc2C1O)C(C(F)(F)F)(C(F)(F)F)c1cc2c(cc1O3)C(=O)N(c1ccc(-c3ccc(*)cc3C(F)(F)F)c(C(F)(F)F)c1)C2=O,420.0,"*,F"
40,*c1ccc(P(C)(=O)c2ccc(N3C(=O)c4ccc(Oc5ccc6c(c5)C(=C)N(*)C6=O)cc4C3=O)cc2)cc1,311.0,"*,P"
365,*c1c(C)c(C)c(N2C(=O)c3cc4c(cc3C2=O)C(c2ccccc2)(C(F)(F)F)c2cc3c(cc2O4)C(=O)N(*)C3=O)c(C)c1C,394.0,"*,F"
293,*c1ccc(C(=O)c2ccccc2N2C(=O)c3ccc(C(c4ccc5c(c4)C(=O)N(*)C5=O)(C(F)(F)F)C(F)(F)F)cc3C2=O)cc1,289.0,"*,F"
670,*N1C(=O)C2CCC(C3CCC4C(=O)N(c5ccc(Oc6ccc(C(C7=C=C=C(Oc8ccc(*)cc8)C=C7)(C(F)(F)F)C(F)(F)F)cc6)cc5)C(=O)C4C3)CC2C1=O,220.0,"*,F"
582,*N1C(=O)c2ccc(Oc3ccc4c(c3)C(=O)N(c3ccc(*)cc3)C4=O)cc2C1=O,342.0,*
454,*N1C(=O)c2ccc(C(c3ccc4c(c3)C(=O)N(c3ccc5c(c3)C3(c6ccccc6-c6ccc(*)cc63)c3ccccc3-5)C4=O)(C(F)(F)F)C(F)(F)F)cc2C1=O,360.0,"*,F"
228,*n1c(=O)c2ccc3c(=O)n(-c4ccc(Oc5ccc(C(c6ccc(Oc7ccc(*)cc7)cc6)(C(F)(F)F)C(F)(F)F)cc5)cc4)c(=O)c3c2c1=O,272.0,"*,F"
74,*c1ccc(Oc2ccc(C34CC5CC6C3CC3CC4C(C5)C6(c4ccc(Oc5ccc(N6C(=O)c7ccc(C(=O)c8ccc9c(c8)C(=O)N(*)C9=O)cc7C6=O)cc5)cc4)C3)cc2)cc1,360.0,*
475,*N1C(=O)C2CC3C(=O)N(c4ccc(Oc5ccc(C(C)(C)c6ccc(Oc7ccc(*)cc7)cc6)cc5)cc4)C(=O)C3CC2C1=O,256.6,*
613,*N1C(=O)c2ccc(Oc3ccc(C(C)(C)c4ccc(Oc5ccc6c(c5)C(=O)N(c5cc(*)c(C)cc5C)C6=O)cc4)cc3)cc2C1=O,265.0,*
623,*N1C(=O)C2C(C1=O)C1C(=O)N(c3ccc(Oc4ccc(-c5nc(-c6ccccc6)[nH]c5-c5ccc(Oc6ccc(*)cc6C(F)(F)F)cc5)cc4)c(C(F)(F)F)c3)C(=O)C21,301.4732836,"*,F"
375,*c1cc(N2C(=O)c3ccc(C(=O)c4ccc5c(c4)C(=O)N(*)C5=O)cc3C2=O)cc(C(F)(F)F)c1,294.0,"*,F"
56,*N1C(=O)c2ccc(P(=O)(c3ccccc3)c3ccc4c(c3)C(=O)N(c3ccc(*)cc3)C4=O)cc2C1=O,366.0,"*,P"
634,*N1C(=O)c2ccc(C(c3ccc4c(c3)C(=O)N(c3ccc(Sc5ccc(*)cc5)cc3)C4=O)(C(F)(F)F)C(F)(F)F)cc2C1=O,243.0,"*,F,S"
421,*c1cc(Oc2c(C)cc(-c3cc(C)c(Oc4cc(N5C(=O)c6ccc(Oc7ccc(Oc8ccc9c(c8)C(=O)N(*)C9=O)cc7)cc6C5=O)cc(C(F)(F)F)c4)c(C)c3)cc2C)cc(C(F)(F)F)c1,222.0,"*,F"
546,*N1C(=O)c2ccc(Oc3ccc4c(c3)C(=O)N(c3ccc(C5(c6ccc(*)cc6)c6ccccc6-c6ccccc65)cc3)C4=O)cc2C1=O,265.13,*
512,*N1C(=O)c2ccc(-c3ccc4c(c3)C(=O)N(c3ccc(-c5nc6ccc(*)cc6nc5-c5ccccc5)cc3)C4=O)cc2C1=O,375.0,*
741,*c1ccc(-c2ccc(N3C(=O)c4ccc(C(c5ccc6c(c5)C(=O)N(*)C6=O)(c5c(F)c(F)c(F)c(F)c5F)C(F)(F)F)cc4C3=O)cc2C(F)(F)F)c(C(F)(F)F)c1,250.0,"*,F"
5,*N1C(=O)c2ccc(-c3ccc4c(c3)C(=O)N(c3ccc(*)cc3)C4=O)cc2C1=O,360.0,*
514,*c1ccc2nc(-c3ccc(N4C(=O)c5ccc(-c6ccc7c(c6)C(=O)N(*)C7=O)cc5C4=O)cc3)cnc2c1,413.0,*
756,*N1C(=O)c2ccc(Oc3ccc4c(c3)C(=O)N(c3ccc5oc(-c6nc7cc(*)ccc7o6)nc5c3)C4=O)cc2C1=O,382.0,*
236,*N1C(=O)c2cccc(Sc3ccc(S(=O)(=O)c4ccc(Sc5cccc6c5C(=O)N(c5ccc(Oc7ccc(Oc8ccc(*)cc8)cc7)cc5)C6=O)cc4)cc3)c2C1=O,269.0,"*,S"
460,*c1ccc2c(c1)C1(OC2=O)OC(=O)c2ccc(N3C(=O)c4ccc(C(c5ccc6c(c5)C(=O)N(*)C6=O)(C(F)(F)F)C(F)(F)F)cc4C3=O)cc21,310.0,"*,F"
736,*N1C(=O)c2ccc(C(c3ccc4c(c3)C(=O)N(c3ccc(NC(=O)c5ccc(-c6ccc(C(=O)Nc7ccc(*)cc7)cc6)cc5)cc3)C4=O)(C(F)(F)F)C(F)(F)F)cc2C1=O,370.0,"*,F"
438,*N1C(=O)c2ccc(C(c3ccc4c(c3)C(=O)N(c3ccc(OCCOCCOCCOOc5ccc(*)cc5)cc3)C4=O)(C(F)(F)F)C(F)(F)F)cc2C1=O,172.5,"*,F"
366,*c1ccc(-c2ccc(-n3c(=O)c4c(C(F)(F)F)c5c(=O)n(*)c(=O)c5c(C(F)(F)F)c4c3=O)cc2C(F)(F)F)c(C(F)(F)F)c1,304.0,"*,F"
234,*N1C(=O)c2cccc(Sc3ccc(S(=O)(=O)c4ccc(Sc5cccc6c5C(=O)N(c5ccc(Oc7ccc(*)cc7)cc5)C6=O)cc4)cc3)c2C1=O,288.0,"*,S"
556,*N1C(=O)c2cccc(-c3cccc4c3C(=O)N(c3ccc(Oc5ccc(Oc6ccc(*)cc6C(F)(F)F)cc5)c(C(F)(F)F)c3)C4=O)c2C1=O,276.336208,"*,F"
448,*n1c(=O)c2cc3c(=O)n(-c4ccc(Oc5ccc6c(c5)C(C)(C)CC5(Cc7ccc(Oc8ccc(*)cc8)cc7C(C)(C)C5)C6)cc4)c(=O)c3cc2c1=O,248.0,*
86,*N1C(=O)c2ccc3c4c(ccc(c24)C1=O)C(=O)N(N1C(=O)c2ccc(Oc4ccc(C(C)(C)c5ccc(Oc6ccc7c(c6)C(=O)N(*)C7=O)cc5)cc4)cc2C1=O)C3=O,340.0,*
63,*N1C(=O)c2ccc(C(c3ccc4c(c3)C(=O)N(C35CC6CC(CC(*)(C6)C3)C5)C4=O)(C(F)(F)F)C(F)(F)F)cc2C1=O,287.0,"*,F"
44,*c1ccc(Oc2ccc(P(=O)(c3ccccc3)c3ccc(Oc4ccc(N5C(=O)c6ccc(C(=O)c7ccc8c(c7)C(O)N(*)C8O)cc6C5=O)cc4)cc3)cc2)cc1,232.0,"*,P"
526,*N1C(=O)c2ccc(C(c3ccc4c(c3)C(=O)N(c3cccc(Oc5cc(Oc6cccc(*)c6)cc(P(=O)(c6ccccc6)c6ccccc6)c5)c3)C4=O)(C(F)(F)F)C(F)(F)F)cc2C1=O,210.0,"*,F,P"
592,*c1c(C)cc(C(c2cc(C)c(N3C(=O)c4ccc(C(c5ccc6c(c5)C(=O)N(*)C6=O)(C(F)(F)F)C(F)(F)F)cc4C3=O)c(C)c2)c2cccc3ccccc23)cc1C,343.0,"*,F"
415,*N1C(=O)c2ccc(C(c3ccc4c(c3)C(=O)N(c3cccc(C(O)c5cccc(*)c5)c3)C4=O)(C(F)F)C(F)(F)F)cc2C1=O,252.0,"*,F"
754,*N1C(=O)c2ccc(-c3ccc4c(c3)C(=O)N(c3ccc5oc(-c6nc7cc(*)ccc7o6)nc5c3)C4=O)cc2C1=O,395.0,*
37,*n1c(=O)c2cc3c(=O)n(-c4ccc(P(=O)(c5ccccc5)c5ccc(*)cc5)cc4)c(=O)c3cc2c1=O,345.0,"*,P"
760,*N1C(=O)C2CC3C(=O)N(c4ccc5[nH]c(-c6ccc(*)cc6C(F)(F)F)nc5c4)C(=O)C3CC2C1=O,409.0,"*,F"
465,*c1ccc(Oc2ccc(C(c3ccc(Oc4ccc(NC(=O)c5ccc6c(c5)C(=O)N(c5ccc(Oc7ccc(C8(c9ccc(Oc%10ccc(N%11C(=O)c%12ccc(C(=O)N*)cc%12C%11=O)cc%10)cc9)CCCCCCCCCCC8)cc7)cc5)C6=O)cc4)cc3)(C(F)(F)F)C(F)(F)F)cc2)cc1,244.0,"*,F"
518,*c1ccc2nc(-c3ccc(N4C(=O)c5ccc(C(=O)c6ccc7c(c6)C(=O)N(*)C7=O)cc5C4=O)cc3)c(-c3ccccc3)nc2c1,357.0,*
552,*N1C(=O)C2CC3C(=O)N(c4ccc5c(c4)nc(-c4ccc(*)cc4C(F)(F)F)n5-c4ccccc4)C(=O)C3CC2C1=O,369.0833491,"*,F"
350,*c1ccc(N2C(=O)c3ccc(C(c4ccc5c(c4)C(=O)N(*)C5=O)(C(F)(F)F)C(F)(F)F)cc3C2=O)c(C)c1,379.0,"*,F"
734,*n1c(=O)c2cc3c(=O)n(-c4ccc(NC(=O)c5ccc(-c6ccc(C(=O)Nc7ccc(*)cc7)cc6)cc5)cc4)c(=O)c3cc2c1=O,419.0,*
283,*N1C(=O)c2ccc(Oc3ccc4c(c3)C(=O)N(c3ccc(Oc5cccc(Oc6ccc(*)cc6)c5)cc3)C4=O)cc2C1=O,201.0,*
88,*N1C(=O)c2ccc(-c3ccc4c(c3)C(=O)N(c3cccc(-n5c(=O)c6cc7c(=O)n(*)c(=O)c7cc6c5=O)c3)C4=O)cc2C1=O,338.0,*
279,*N1C(=O)c2ccc(Oc3ccc4c(c3)C(=O)N(c3ccc(C(c5ccc(*)cc5)(C(F)(F)F)C(F)(F)F)cc3)C4=O)cc2C1=O,224.5,"*,F"
270,*N1C(=O)c2ccc(Oc3ccc4c(c3)C(=O)N(c3cccc(Oc5cccc(*)c5)c3)C4=O)cc2C1=O,202.0,*
786,*N1C(=O)c2ccc(C(c3ccc4c(c3)C(=O)N(c3cccc(-c5nc6cc7c(cc6o5)C5(CC(C)(C)c6cc8nc(-c9cccc(C%10C(=O)C%11C(C%10=O)C%10C(=O)N(*)C(=O)C%11%10)c9)oc8cc65)CC7(C)C)c3)C4=O)(C(F)(F)F)C(F)(F)F)cc2C1=O,451.0,"*,F"
9,*c1cccc(N2C(=O)c3ccc(C(=O)c4ccc5c(c4)C(=O)N(*)C5=O)cc3C2=O)c1,300.0,*
591,*c1ccc(C(c2ccc(N3C(=O)c4ccc(C(c5ccc6c(c5)C(=O)N(*)C6=O)(C(F)(F)F)C(F)(F)F)cc4C3=O)cc2)c2cccc3ccccc23)cc1,322.0,"*,F"
773,*c1cccc(C(=O)NC2=CC3C(=O)c4cc(NC(=O)c5cccc(-n6c(=O)c7cc8c(=O)n(*)c(=O)c8cc7c6=O)c5)ccc4OC3C=C2)c1,386.0,*
90,*N1C(=O)c2ccc(-c3ccc4c(c3)C(=O)N(c3cccc(N5C(=O)c6ccc(-c7ccc8c(c7)C(=O)N(*)C8=O)cc6C5=O)c3)C4=O)cc2C1=O,308.0,*
564,*N1C(=O)c2ccc(C(c3ccc4c(c3)C(=O)N(c3cc(F)c(-c5c(F)cc(*)cc5F)c(F)c3)C4=O)(C(F)(F)F)C(F)(F)F)cc2C1=O,368.4,"*,F"
17,*n1c(=O)c2cc3c(=O)n(-c4cccc(C(=O)c5cccc(*)c5)c4)c(=O)c3cc2c1=O,318.0,*
318,*N1C(=O)c2ccc(-c3ccc4c(c3)C(=O)N(c3cccc(C(c5cccc(*)c5)(C(F)(F)F)C(F)(F)F)c3)C4=O)cc2C1=O,343.0,"*,F"
55,*N1C(O)c2ccc(-c3ccc4c(c3)C(=O)N(c3ccc(-c5ccc(*)cc5OC(F)(F)F)c(OC(F)(F)F)c3)C4=O)cc2C1O,335.0,"*,F"
769,*c1ccc(C(=O)NC2=CC3C(=O)c4cc(NC(=O)c5ccc(-n6c(=O)c7cc8c(=O)n(*)c(=O)c8cc7c6=O)cc5)ccc4OC3C=C2)cc1,400.0,*
683,*c1c(C)cc(C2(c3cc(C)c(N4C(=O)c5ccc(C(C)(C)c6ccc7c(c6)C(=O)N(*)C7=O)cc5C4=O)c(C)c3)c3cc(O[Si](C)(C)C(C)(C)C)ccc3-c3ccc(O[Si](C)(C)C(C)(C)C)cc32)cc1C,311.6,"*,Si"
449,*N1C(=O)c2ccc(-c3ccc4c(c3)C(=O)N(c3ccc(Oc5ccc6c(c5)C(C)(C)CC5(Cc7ccc(Oc8ccc(*)cc8)cc7C(C)(C)C5)C6)cc3)C4=O)cc2C1=O,256.0,*
543,*N1C(=O)c2ccc(-c3ccc4c(c3)C(=O)N(c3ccc(-c5nc6ccc(*)cc6[nH]5)cc3)C4=O)cc2C1=O,388.1528548,*
742,*N1C(=O)c2ccc(C(c3ccc4c(c3)C(=O)N(c3ccc(C(c5ccc(*)cc5)(C(F)(F)F)C(F)(F)F)cc3)C4=O)(c3c(F)c(F)c(F)c(F)c3F)C(F)(F)F)cc2C1=O,305.0,"*,F"
738,*N1C(=O)c2ccc(C(C)(C)c3ccc4c(c3)C(=O)N(c3ccc(-c5ccc(N6C(=O)c7ccc(C(c8ccc9c(c8)C(=O)N(c8ccc(NC(=O)c%10ccc(-c%11ccc(C(=O)Nc%12ccc(*)cc%12)cc%11)cc%10)cc8)C9=O)(C(F)(F)F)C(F)(F)F)cc7C6=O)cc5C)c(C)c3)C4=O)cc2C1=O,368.0,"*,F"
603,*c1ccc(Oc2cc(-c3ccccc3)c(Oc3ccc(-n4c(=O)c5cc6c(=O)n(*)c(=O)c6cc5c4=O)cc3)cc2-c2ccccc2)cc1,302.0,*
471,*c1ccc(Oc2ccc(C3(c4ccc(Oc5ccc(NC(=O)c6ccc7c(c6)C(=O)N(c6ccc(Oc8ccc(C9(c%10ccc(Oc%11ccc(N%12C(=O)c%13ccc(C(=O)N*)cc%13C%12=O)cc%11)cc%10)CCCCCCCCCCC9)cc8)cc6)C7=O)cc5)cc4)C4CC5CC(C4)CC3C5)cc2)cc1,261.0,*
430,*N1C(=O)c2ccc(P(=O)(c3ccccc3)c3ccc4c(c3)C(=O)N(c3ccc(*)c(C(F)(F)F)c3)C4=O)cc2C1=O,317.0,"*,F,P"
437,*N1C(=O)c2ccc(C(c3ccc4c(c3)C(=O)N(c3ccc(OCCOCCOOc5ccc(*)cc5)cc3)C4=O)(C(F)(F)F)C(F)(F)F)cc2C1=O,177.5,"*,F"
559,*N1C(=O)c2cccc(-c3cccc4c3C(=O)N(c3ccc(-c5ccc(*)cc5C)c(C)c3)C4=O)c2C1=O,375.1509191,*
764,*c1cc(C)c(N2C(=O)c3ccc(C(c4ccc5c(c4)C(=O)N(*)C5=O)(C(F)(F)F)C(F)(F)F)cc3C2=O)cc1C,378.0,"*,F"
509,*c1ccc2nc(-c3ccc(-n4c(=O)c5cc6c(=O)n(*)c(=O)c6cc5c4=O)cc3)cnc2c1,424.0,*
798,*N1C(=O)c2ccc(C(c3ccc4c(c3)C(=O)N(c3ccc(-c5ccc(*)cc5C)c(C)c3)C4=O)(C(F)(F)F)C(F)(F)F)cc2C1=O,390.0,"*,F"
767,*N1C(=O)c2ccc(C(c3ccc4c(c3)C(=O)N(c3c(F)c(F)c(-c5c(F)c(F)c(*)c(F)c5F)c(F)c3F)C4=O)(C(F)(F)F)C(F)(F)F)cc2C1=O,363.0,"*,F"
568,*N1C(=O)c2ccc(C(c3ccc4c(c3)C(=O)N(c3ccc(C5(c6ccc(*)cc6)c6ccccc6-c6ccccc65)cc3)C4=O)(C(F)(F)F)C(F)(F)F)cc2C1=O,394.7,"*,F"
617,*N1C(=O)c2ccc(C(=O)c3ccc4c(c3)C(=O)N(c3ccc(Oc5c(-c6ccc(C(F)(F)F)cc6)cc(S(=O)(=O)c6cc(-c7ccc(C(F)(F)F)cc7)c(Oc7ccc(*)cc7)c(-c7ccc(C(F)(F)F)cc7)c6)cc5-c5ccc(C(F)(F)F)cc5)cc3)C4=O)cc2C1=O,265.0,"*,F,S"
528,*N1C(=O)c2ccc(OC3COC4C(Oc5ccc6c(c5)C(=O)N(c5ccc(Oc7ccc(*)cc7)cc5)C6=O)COC34)cc2C1=O,250.0,*
416,*c1cccc(C(O[Si](C)(C)O[Si](C)(C)O[Si](C)(C)C)c2cccc(N3C(=O)c4ccc(C(c5ccc6c(c5)C(=O)N(*)C6=O)(C(F)(F)F)C(F)(F)F)cc4C3=O)c2)c1,219.0,"*,F,Si"
349,*N1C(=O)c2ccc(C(c3ccc4c(c3)C(=O)N(c3ccc(*)c(C(F)(F)F)c3)C4=O)(C(F)(F)F)C(F)(F)F)cc2C1=O,366.0,"*,F"
59,*N1C(=O)c2ccc(P(=O)(c3ccccc3)c3ccc4c(c3)C(=O)N(c3c(F)c(*)c(F)c(F)c3F)C4=O)cc2C1=O,317.0,"*,F,P"
450,*N1C(=O)c2ccc(Oc3ccc4c(c3)C(=O)N(c3ccc(Oc5ccc6c(c5)C(C)(C)CC5(Cc7ccc(Oc8ccc(*)cc8)cc7C(C)(C)C5)C6)cc3)C4=O)cc2C1=O,240.0,*
392,*N1C(=O)c2ccc(S(=O)(=O)c3ccc4c(c3)C(=O)N(c3ccc(Oc5ccc(C(C)(C)c6ccc(Oc7ccc(*)cc7)cc6)cc5)cc3)C4=O)cc2C1=O,229.0,"*,S"
574,*N1C(=O)c2ccc(Oc3c(C)cc(C4(c5cc(C)c(Oc6ccc7c(c6)C(=O)N(C6CCC(*)CC6)C7=O)c(C)c5)c5ccccc5-c5ccccc54)cc3C)cc2C1=O,330.9443378,*
517,*N1C(=O)c2ccc(Oc3ccc4c(c3)C(=O)N(c3ccc(-c5nc6ccc(*)cc6nc5-c5ccccc5)cc3)C4=O)cc2C1=O,354.0,*
242,*c1cccc(Oc2ccc(C(c3ccc(Oc4cccc(-n5c(=O)c6cc7c(=O)n(*)c(=O)c7cc6c5=O)c4)cc3)(C(F)(F)F)C(F)(F)F)cc2)c1,235.0,"*,F"
76,*N1C(O)c2ccc(C(c3ccc4c(c3)C(=O)N(c3ccc(Oc5ccc(C67CC8CC9C6CC6CC7C(C8)C9(c7ccc(Oc8ccc(*)cc8)cc7)C6)cc5)cc3)C4=O)(C(F)(F)F)C(F)(F)F)cc2C1O,375.0,"*,F"
723,*C12CC3C4CC5(N6C(=O)c7ccc(C(=O)c8ccc9c(c8)C(=O)N(*)C9=O)cc7C6=O)CC3C(C1)C(C5)C4C2,325.0,*
2,*n1c(=O)c2cc3c(=O)n(-c4ccc(Cc5ccc(*)c(C)c5)cc4C)c(=O)c3cc2c1=O,274.0,*
749,*N1C(=O)c2ccc(C(c3ccc4c(c3)C(=O)N(c3ccc5nc([C@H]6CC[C@@H](c7nc8cc(*)ccc8o7)CC6)oc5c3)C4=O)(C(F)(F)F)C(F)(F)F)cc2C1=O,298.0,"*,F"
792,*N1C(=O)c2ccc(C(c3ccc4c(c3)C(=O)N(c3ccc(C(=O)Nc5ccc(NC(=O)c6ccc(*)cc6C(F)(F)F)cc5)c(C(F)(F)F)c3)C4=O)(C(F)(F)F)C(F)(F)F)cc2C1=O,326.0,"*,F"
65,*N1C(=O)c2ccc(-c3ccc4c(c3)C(=O)N(C35CC6CC7C3CC3CC5C(C6)C7(*)C3)C4=O)cc2C1=O,429.0,*
178,*N1C(=O)c2ccc(Sc3ccc4c(c3)C(=O)N(c3ccc(Cc5ccc(*)cc5)cc3)C4=O)cc2C1=O,277.0,"*,S"
420,*c1cc(Oc2c(C)cc(-c3cc(C)c(Oc4cc(-n5c(=O)c6cc7c(=O)n(*)c(=O)c7cc6c5=O)cc(C(F)(F)F)c4)c(C)c3)cc2C)cc(C(F)(F)F)c1,269.0,"*,F"
46,*N1C(O)c2ccc(Oc3ccc4c(c3)C(=O)N(c3ccc(Oc5ccc(P(=O)(c6ccccc6)c6ccc(Oc7ccc(*)cc7)cc6)cc5)cc3)C4=O)cc2C1O,240.0,"*,P"
521,*c1ccc2c(c1)OCCOCCOc1cc(N3C(=O)c4ccc(C(=O)c5ccc6c(c5)C(=O)N(*)C6=O)cc4C3=O)ccc1OCCOCCO2,341.0,*
639,*c1c(OC)cc(OCCCOc2cc(OC)c(C3CC(=O)N(c4ccc(Oc5ccc(C(C)(C)c6ccc(Oc7ccc(N8C(=O)CC(*)C8=O)cc7)cc6)cc5)cc4)C3=O)c(OC)c2)cc1OC,183.0,*
222,*n1c(=O)c2ccc3c(=O)n(Oc4cccc(Oc5ccc(*)cc5)c4)c(=O)c3c2c1=O,330.0,*
605,*N1C(=O)c2ccc(C(c3ccc4c(c3)C(=O)N(c3ccc(*)cc3Cl)C4=O)(C(F)(F)F)C(F)(F)F)cc2C1=O,320.0,"*,Cl,F"
781,*c1ccc(-c2nc3cc4c(cc3o2)C2(CC4(C)C)CC(C)(C)c3cc4nc(-c5ccc(N6C(=O)c7ccc(C(c8ccc9c(c8)C(=O)N(*)C9=O)(C(F)(F)F)C(F)(F)F)cc7C6=O)cc5)oc4cc32)cc1,491.0,"*,F"
75,*N1C(=O)c2ccc(Oc3ccc4c(c3)C(=O)N(c3ccc(Oc5ccc(C67CC8CC9C6CC6CC7C(C8)C9(c7ccc(Oc8ccc(*)cc8)cc7)C6)cc5)cc3)C4=O)cc2C1=O,340.0,*
611,*c1ccc(Oc2ccc(Oc3ccc(Oc4ccc(-n5c(=O)c6cc7c(=O)n(*)c(=O)c7cc6c5=O)cn4)cc3)cc2)nc1,309.0,*
523,*N1C(=O)c2ccc(-c3ccc4c(c3)C(=O)N(c3cccc(Oc5cc(Oc6cccc(*)c6)cc(P(=O)(c6ccccc6)c6ccccc6)c5)c3)C4=O)cc2C1=O,209.0,"*,P"
476,*N1C(=O)C2CC3C(=O)N(c4ccc(Oc5ccc(C(c6ccc(Oc7ccc(*)cc7)cc6)(C(F)(F)F)C(F)(F)F)cc5)cc4)C(=O)C3CC2C1=O,277.6,"*,F"
16,*n1c(=O)c2cc3c(=O)n(-c4ccc(C(=O)c5ccc(*)cc5)cc4)c(=O)c3cc2c1=O,412.0,*
580,*N1C(=O)c2ccc(Oc3ccc(Oc4ccc(Oc5ccc6c(c5)C(=O)N(c5ccc(Oc7ccc(*)cc7)cc5)C6=O)cc4)cc3)cc2C1=O,217.0,*
201,*N1C(=O)c2ccc(Sc3ccc4c(c3)C(=O)N(c3ccc(Oc5ccc(*)cc5)cc3)C4=O)cc2C1=O,266.0,"*,S"
720,*N1C(=O)c2ccc(Oc3ccc(Oc4ccc(Oc5ccc6c(c5)C(=O)N(C57CC8C9CC%10(*)CC8C(C5)C(C%10)C9C7)C6=O)cc4)cc3)cc2C1=O,295.0,*
532,*N1C(=O)c2ccc(OC3COC4C(Oc5ccc6c(c5)C(=O)N(c5ccc(OC7COC8C(Oc9ccc(*)cc9C)COC78)c(C)c5)C6=O)COC34)cc2C1=O,218.0,*
356,*N1C(=O)c2ccc(C(c3ccc4c(c3)C(=O)N(c3ccc(-c5ccc(*)cc5I)c(I)c3)C4=O)(C(F)(F)F)C(F)(F)F)cc2C1=O,336.0,"*,F,I"
593,*c1c(C(C)C)cc(C(c2cc(C(C)C)c(N3C(=O)c4ccc(C(c5ccc6c(c5)C(=O)N(*)C6=O)(C(F)(F)F)C(F)(F)F)cc4C3=O)c(C(C)C)c2)c2cccc3ccccc23)cc1C(C)C,294.0,"*,F"
801,*N1C(=O)c2ccc(C(c3ccc4c(c3)C(=O)N(c3ccc(*)cc3)C4=O)(C(F)(F)F)C(F)(F)F)cc2C1=O,370.0,"*,F"
278,*N1C(=O)c2ccc(Oc3ccc4c(c3)C(=O)N(c3cccc(C(=O)c5cccc(*)c5)c3)C4=O)cc2C1=O,239.0,*
571,*N1C(=O)c2ccc(C(c3ccc4c(c3)C(=O)N(c3ccc(-c5cc(-c6cccc(-c7ccccc7)c6)cc(-c6ccc(*)cc6)n5)cc3)C4=O)(C(F)(F)F)C(F)(F)F)cc2C1=O,327.477155,"*,F"
790,*c1ccc(C(=O)Nc2ccc(-c3ccc(NC(=O)c4ccc(N5C(=O)c6ccc(C(c7ccc8c(c7)C(=O)N(*)C8=O)(C(F)(F)F)C(F)(F)F)cc6C5=O)c(C)c4)cc3C(F)(F)F)c(C(F)(F)F)c2)cc1C,382.0,"*,F"
584,*c1ccc(Cc2ccc(N3C(=O)c4ccc(S(=O)(=O)c5ccc6c(c5)C(=O)N(*)C6=O)cc4C3=O)c(C(C)(C)C)c2)cc1C(C)(C)C,314.0,"*,S"
495,*N1C(=O)c2cccc(-c3ccc4c(c3)C(=O)N(c3cccc(Oc5ccc(C(=O)c6ccc(Oc7cccc(*)c7)cc6)cc5)c3)C4=O)c2C1=O,193.0,*
77,*N1C(=O)c2ccc(Oc3ccc(Oc4ccc(Oc5ccc6c(c5)C(=O)N(c5ccc(Oc7ccc(C89CC%10CC%11C8CC8CC9C(C%10)C%11(c9ccc(Oc%10ccc(*)cc%10)cc9)C8)cc7)cc5)C6=O)cc4)cc3)cc2C1=O,283.0,*
636,*N1C(=O)c2ccc(C(c3ccc4c(c3)C(=O)N(c3ccc([Se]c5ccc(*)c(C(F)(F)F)c5)cc3C(F)(F)F)C4=O)(C(F)(F)F)C(F)(F)F)cc2C1=O,245.0,"*,F,Se"
67,*N1C(=O)c2ccc(C(c3ccc4c(c3)C(=O)N(C35CC6CC7C3CC3CC5C(C6)C7(*)C3)C4=O)(C(F)(F)F)C(F)(F)F)cc2C1=O,375.0,"*,F"
370,*n1c(=O)c2cc3c(=O)n(-c4ccc(-c5ccc(*)cc5C)c(C)c4)c(=O)c3c(C(F)(F)F)c2c1=O,373.0,"*,F"
391,*N1C(=O)c2ccc(-c3ccc4c(c3)C(=O)N(c3ccc(Oc5ccc(C(C)(C)c6ccc(Oc7ccc(*)cc7)cc6)cc5)cc3)C4=O)cc2C1=O,248.0,*
805,*c1ccc(N2C(=O)c3ccc(C(=O)Oc4ccc(OC(=O)c5ccc6c(c5)C(=O)N(*)C6=O)cc4)cc3C2=O)cc1,483.0,*
387,*N1C(=O)c2ccc(S(=O)(=O)c3ccc4c(c3)C(=O)N(c3ccc(Oc5ccc(C(c6ccc(Oc7ccc(*)cc7)cc6)(C(F)(F)F)C(F)(F)F)cc5)cc3)C4=O)cc2C1=O,240.0,"*,F,S"
359,*N1C(=O)c2ccc(C(c3ccc4c(c3)C(=O)N(c3ccc(-c5ccc(*)cc5C)c(Br)c3)C4=O)(C(F)(F)F)C(F)(F)F)cc2C1=O,329.0,"*,Br,F"
83,*N1C(=O)c2cccc3c(-c4ccc5c6c(cccc46)C(=O)N(c4ccc(Oc6ccc(*)cc6)cc4)C5=O)ccc(c23)C1=O,470.0,*
64,*C12CC3CC4C1CC1CC2C(C3)C4(N2C(=O)c3ccc(C(=O)c4ccc5c(c4)C(=O)N(*)C5=O)cc3C2=O)C1,416.0,*
610,*N1C(=O)c2ccc(C(c3ccc4c(c3)C(=O)N(c3ccc(Oc5ccc(Oc6ccc(Oc7ccc(*)cn7)cc6)cc5)nc3)C4=O)(C(F)(F)F)C(F)(F)F)cc2C1=O,258.0,"*,F"
470,*NC(=O)c1ccc2c(c1)C(=O)N(c1ccc(Oc3ccc(C4(c5ccc(Oc6ccc(N7C(=O)c8ccc(C(=O)Nc9ccc(Oc%10ccc(C(c%11ccc(Oc%12ccc(*)cc%12)cc%11)C%11CCC(C(C)(C)C)CC%11)cc%10)cc9)cc8C7=O)cc6)cc5)CCCCCCCCCCC4)cc3)cc1)C2=O,246.0,*
510,*c1ccc2nc(-c3ccc(-n4c(=O)c5cc6c(=O)n(*)c(=O)c6cc5c4=O)cc3)c(C)nc2c1,376.0,*
29,*N1C(=O)c2c(F)c(F)c(Oc3c(F)c(F)c(Oc4c(F)c(F)c5c(c4F)C(=O)N(c4c(F)c(*)c(F)c(F)c4F)C5=O)c(F)c3F)c(F)c2C1=O,309.0,"*,F"
578,*c1ccc(-c2ccc(N3C(=O)c4ccc(Oc5ccc(C6(c7ccc(Oc8ccc9c(c8)C(=O)N(*)C9=O)cc7)OC(=O)c7ccccc76)cc5)cc4C3=O)cc2C(F)(F)F)c(C(F)(F)F)c1,282.0,"*,F"
348,*c1cc(N2C(=O)c3ccc(C(c4ccc5c(c4)C(=O)N(*)C5=O)(C(F)(F)F)C(F)(F)F)cc3C2=O)ccc1C,358.0,"*,F"
536,*N1C(=O)c2ccc(C(c3ccc4c(c3)C(=O)N(c3ccc(*)cc3)C4=O)(C(F)(F)F)C(F)(F)F)cc2C1=O,347.0,"*,F"
404,*c1ccc(-c2ccc(-n3c(=O)c4cc5c(=O)n(*)c(=O)c5cc4c3=O)cc2OC(F)(F)F)c(OC(F)(F)F)c1,363.0,"*,F"
718,*N1C(=O)c2ccc(C(c3cc(C(F)(F)F)cc(C(F)(F)F)c3)(c3ccc4c(c3)C(=O)N(c3ccc(Oc5cccc(*)c5)cc3)C4=O)C(F)(F)F)cc2C1=O,257.7,"*,F"
557,*N1C(=O)c2cccc(-c3cccc4c3C(=O)N(c3ccc(Oc5ccc(C(c6ccc(Oc7ccc(*)cc7)cc6)(C(F)(F)F)C(F)(F)F)cc5)cc3)C4=O)c2C1=O,276.336208,"*,F"
751,*N1C(=O)C2CC3C(=O)N(c4ccc5nc([C@H]6CC[C@@H](c7nc8cc(*)ccc8o7)CC6)oc5c4)C(=O)C3CC2C1=O,324.0,*
609,*N1C(=O)c2ccc(-c3ccc4c(c3)C(=O)N(c3ccc(Oc5ccc(Oc6ccc(Oc7ccc(*)cn7)cc6)cc5)nc3)C4=O)cc2C1=O,236.0,*
515,*c1ccc2nc(-c3ccc(N4C(=O)c5ccc(Oc6ccc7c(c6)C(=O)N(*)C7=O)cc5C4=O)cc3)cnc2c1,444.0,*
573,*C1CCC(N2C(=O)c3ccc(Oc4ccc(C5(c6ccc(Oc7ccc8c(c7)C(=O)N(*)C8=O)c(C)c6)c6ccccc6-c6ccccc65)cc4C)cc3C2=O)CC1,297.1393051,*
303,*N1C(=O)c2ccc(C(c3ccc4c(c3)C(=O)N(c3ccccc3Cc3ccc(*)cc3)C4=O)(C(F)(F)F)C(F)(F)F)cc2C1=O,224.0,"*,F"
274,*N1C(=O)c2ccc(Oc3ccc4c(c3)C(=O)N(c3cccc(Cc5cccc(*)c5)c3)C4=O)cc2C1=O,258.0,*
307,*N1C(=O)c2ccc(-c3ccc4c(c3)C(=O)N(c3cccc(*)c3)C4=O)cc2C1=O,336.0,*
630,*c1ccc(Oc2ccc(-c3[nH]c(-c4ccc(C(F)(F)F)cc4)nc3-c3ccc(Oc4ccc(-n5c(=O)c6cc7c(=O)n(*)c(=O)c7cc6c5=O)cc4C(F)(F)F)cc3)cc2)c(C(F)(F)F)c1,300.6064879,"*,F"
235,*N1C(=O)c2ccc(Sc3ccc(S(=O)(=O)c4ccc(Sc5ccc6c(c5)C(=O)N(c5ccc(Oc7ccc(Oc8ccc(*)cc8)cc7)cc5)C6=O)cc4)cc3)cc2C1=O,240.0,"*,S"
679,*N1C(=O)c2ccc(C(c3ccc4c(c3)C(=O)N(c3ccc(Oc5ccc(-c6ccc(Oc7ccc(*)cc7C(F)(F)F)cc6)cc5)c(C(F)(F)F)c3)C4=O)(C(F)(F)F)C(F)(F)F)cc2C1=O,260.0,"*,F"
200,*N1C(=O)c2cccc(Sc3ccc4c(c3)C(=O)N(c3ccc(Oc5ccc(*)cc5)cc3)C4=O)c2C1=O,282.0,"*,S"
596,*c1cc(C(F)(F)F)c(Oc2ccc(N3C(=O)c4ccc(C(=O)c5ccc6c(c5)C(=O)N(*)C6=O)cc4C3=O)cc2)c(C(F)(F)F)c1,310.0,"*,F"
439,*N1C(=O)c2ccc(C(c3ccc4c(c3)C(=O)N(c3ccc(OCCOCCOCCOCCOOc5ccc(*)cc5)cc3)C4=O)(C(F)(F)F)C(F)(F)F)cc2C1=O,137.5,"*,F"
261,*N1C(=O)c2ccc(C(=O)c3ccc4c(c3)C(=O)N(c3cccc(C(=O)c5cccc(*)c5)c3)C4=O)cc2C1=O,277.0,*
808,*N1C(=O)c2ccc(C(=O)Oc3ccc(OC(=O)c4ccc5c(c4)C(=O)N(c4ccc(C(=O)Oc6ccc(OC(=O)c7ccc(OC(=O)c8ccc(*)cc8)cc7)cc6)cc4)C5=O)cc3)cc2C1=O,481.0,*
28,*n1c(=O)c2cc3c(=O)n(-c4ccc(-c5ccc(*)cc5OC(F)(F)F)c(OC(F)(F)F)c4)c(=O)c3cc2c1=O,363.0,"*,F"
390,*c1ccc(Oc2ccc(C(C)(C)c3ccc(Oc4ccc(N5C(=O)c6ccc(C(=C)c7ccc8c(c7)C(=O)N(*)C8=O)cc6C5=O)cc4)cc3)cc2)cc1,206.0,*
158,*N1C(=O)c2cccc(-c3cccc4c3C(=O)N(c3cccc(Oc5cccc(Oc6cccc(*)c6)c5)c3)C4=O)c2C1=O,206.0,*
243,*c1ccc(-c2ccc(N3C(=O)c4ccc(C(=O)c5ccc6c(c5)C(=O)N(*)C6=O)cc4C3=O)cc2)cc1,282.0,*
529,*N1C(=O)c2ccc(OC3COC4C(Oc5ccc6c(c5)C(=O)N(c5ccc(C(=O)c7ccc(*)cc7)cc5)C6=O)COC34)cc2C1=O,267.0,*
615,*N1C(=O)c2ccc(Oc3ccc(C(C)(C)c4ccc(Oc5ccc6c(c5)C(=O)N(c5c(C)cc(C)c(*)c5C)C6=O)cc4)cc3)cc2C1=O,284.0,*
777,*c1ccc(C(=O)Oc2ccc3c(c2)C(C)(C)CC32CC(C)(C)c3cc(OC(=O)c4ccc(N5C(=O)c6ccc(C(C7C=C8C(=O)N(*)C(=O)C8=CC7)(C(F)(F)F)C(F)(F)F)cc6C5=O)cc4)ccc32)cc1,297.0,"*,F"
238,*c1cccc(C(=O)c2ccccc2-n2c(=O)c3cc4c(=O)n(*)c(=O)c4cc3c2=O)c1,321.0,*
