NO,freq,y_true,SMILES,target,elem,mol,SMILES_Kmeans,Bemis_Murcko
1777,3,2.97,*c1ccc(Oc2c(C)cc(Cc3cc(C)c(Oc4ccc(N5C(=O)c6ccc(C(c7ccc8c(c7)C(=O)N(*)C8=O)(C(F)(F)F)C(F)(F)F)cc6C5=O)cc4)c(C)c3)cc2C)cc1,0.00420824,-0.081468746,0.050828062,-0.073177814,-0.08047838
1781,3,2.86,*n1c(=O)c2cc3c(=O)n(-c4ccc(Oc5c(C)cc(C(c6cc(C)c(Oc7ccc(*)cc7)c(C)c6)c6cccc7ccccc67)cc5C)cc4)c(=O)c3cc2c1=O,-0.16958229,-0.11591473,-0.16774468,-0.1507119,-0.13699822
2165,5.05,5.36,*c1ccc(-c2cc(-c3ccc(-n4c(=O)c5cc6c(=O)n(*)c(=O)c6cc5c4=O)cc3)cc(S(C)(=O)=O)c2)cc1,3.6624935,4.327076,3.8376477,3.5400105,3.9815452
1689,6,3.39,*c1ccc(Oc2ccc(Oc3ccc(N4C(=O)c5ccc(-c6ccc7c(c6)C(=O)N(*)C7=O)cc5C4=O)cc3)cc2C(C)(C)C)cc1,0.39257246,0.4771446,0.57705486,0.33313936,0.36283028
1905,5.89,3.88,*CCCN1CCN(CCCN2C(=O)c3ccc(C(=O)c4ccc5c(c4)C(=O)N(*)C5=O)cc3C2=O)CC1,1.4175678,1.3059437,1.4143902,1.200175,1.3057814
218,4,3.23,*N1C(=O)c2ccc(-c3ccc4c(c3)C(=O)N(c3ccc(Oc5cc(Oc6ccc(*)cc6C(F)(F)F)cc6ccccc56)c(C(F)(F)F)c3)C4=O)cc2C1=O,0.40400177,0.36237085,0.579382,0.46024585,0.24900958
236,6,3.44,*N1C(=O)c2ccc(C(=O)c3ccc4c(c3)C(=O)N(c3ccc(Oc5cc(Oc6ccc(*)cc6)cc6ccccc56)cc3)C4=O)cc2C1=O,0.61009926,0.8257395,0.65264165,0.6103519,0.49728084
1686,6,2.82,*N1C(=O)c2ccc(C(c3ccc4c(c3)C(=O)N(c3ccc(Oc5ccc(Oc6ccc(*)cc6C(F)(F)F)c(C(C)(C)C)c5)c(C(F)(F)F)c3)C4=O)(C(F)(F)F)C(F)(F)F)cc2C1=O,-0.03289717,0.027548624,0.006449046,0.106439464,-0.034886368
1710,3,2.84,*c1ccc(Oc2ccc(C(=O)c3ccc(N4C(=O)c5ccc(C(c6ccc7c(c6)C(=O)N(*)C7=O)(C(F)(F)F)C(F)(F)F)cc5C4=O)cc3)cc2C)c(C(F)(F)F)c1,-0.22829685,-0.19225252,-0.23544101,-0.1303935,-0.21171625
1722,3,2.93,*c1ccc(Oc2ccc(C3(c4ccc(Oc5ccc(-n6c(=O)c7cc8c(=O)n(*)c(=O)c8cc7c6=O)cc5C(F)(F)F)cc4)c4ccccc4-c4ccccc43)cc2)c(C(F)(F)F)c1,-0.10713823,-0.05128447,-0.06683656,-0.07815601,-0.05925089
151,6,2.94,*c1ccc(Cc2ccc(N3C(=O)c4ccc(Oc5ccc(C(C)(C)c6ccc(Oc7ccc8c(c7)C(=O)N(*)C8=O)cc6)cc5)cc4C3=O)c(C)c2)cc1C,-0.0921756,-0.079534575,-0.105078,-0.10356254,-0.09512153
1764,7.6,2.78,*N1C(=O)c2ccc(S(=O)(=O)c3ccc4c(c3)C(=O)N(c3ccc(Oc5ccc(C6(c7ccc(Oc8ccc(*)cc8C(F)(F)F)cc7)c7ccccc7-c7ccccc76)cc5)c(C(F)(F)F)c3)C4=O)cc2C1=O,-0.0920161,-0.039525352,0.011678131,-0.07349489,-0.048817888
1670,4,3.46,*N1C(=O)c2ccc(-c3ccc4c(c3)C(=O)N(c3ccc(Oc5ccc(Oc6ccc(*)cc6C(F)(F)F)c(C(C)(C)C)c5)c(C(F)(F)F)c3)C4=O)cc2C1=O,0.7013028,0.6900759,0.7956457,0.6717267,0.62372935
464,5.39,2.2,*n1c(=O)c2cc3c(=O)n(-c4ccc(N(c5ccc(-n6c(=O)c7cc8c(=O)n(*)c(=O)c8cc7c6=O)cc5)c5cccc(-c6ccc(-c7ccccc7)cc6)c5)cc4)c(=O)c3cc2c1=O,-0.9593648,-0.989478,-1.0779727,-0.8149105,-0.901035
1094,4.89,2.6,*N1C(=O)c2ccc(C(c3ccc4c(c3)C(=O)N(c3ccc(-c5ccc(/C(=C\c6ccccc6)c6ccc(-c7ccc(*)cc7)cc6)cc5)cc3)C4=O)(C(F)(F)F)C(F)(F)F)cc2C1=O,-0.44236225,-0.3986041,-0.49904856,-0.40050873,-0.4623527
229,6,3.11,*n1c(=O)c2cc3c(=O)n(-c4ccc(Oc5cc(Oc6ccc(*)cc6C(F)(F)F)cc6ccccc56)c(C(F)(F)F)c4)c(=O)c3cc2c1=O,0.17706916,0.20045738,0.26700056,0.17431581,0.14750296
76,8.58,3.21,*c1ccc(Oc2ccc(N3C(=O)c4ccc(C(=O)c5ccc6c(c5)C(=O)N(*)C6=O)cc4C3=O)cc2)cc1,0.3658892,0.34058928,0.36341208,0.27158642,0.31308603
109,8.92,3.18,*c1ccc(Oc2ccc(N3C(=O)c4ccc(C(=O)c5ccc6c(c5)C(=O)N(*)C6=O)cc4C3=O)cc2)cc1,0.35961866,0.33652046,0.35647112,0.2672724,0.30906415
1965,5.85,2.71,*N1C(=O)c2ccc(Oc3ccc4c(c3)C(=O)N(CCCN3CCN(CCC*)CC3)C4=O)cc2C1=O,-0.3438667,-0.36298895,-0.3323352,-0.2233505,-0.47136974
2325,3,3.55,*c1ccc(C2(C)CC(C)(C)c3ccc(N4C(=O)c5ccc(Oc6ccc(C(C)(C)c7ccc(Oc8ccc9c(c8)C(=O)N(*)C9=O)cc7)cc6)cc5C4=O)cc32)cc1,0.7638017,0.9901251,1.3275726,0.76372355,1.175016
837,5.66,2.62,*N1C(=O)c2ccc(C(c3ccc4c(c3)C(=O)N(c3ccc(-c5cc(-c6ccc(-c7ccccc7)cc6)cc(-c6ccc(*)cc6)n5)cc3)C4=O)(C(F)(F)F)C(F)(F)F)cc2C1=O,-0.59513783,-0.4908523,-0.4662013,-0.5551895,-0.61553055
1658,3,3.4,*N1C(=O)c2ccc(S(=O)(=O)c3ccc4c(c3)C(=O)N(c3ccc(Oc5ccc(Oc6ccc(*)cc6C(F)(F)F)c(C(C)(C)C)c5)c(C(F)(F)F)c3)C4=O)cc2C1=O,0.6206208,0.8404793,0.6968992,0.7855314,0.62829477
1613,3,2.76,*N1C(=O)c2ccc(Oc3ccc(C45CC6C7CC8(c9ccc(Oc%10ccc%11c(c%10)C(=O)N(c%10ccc(Oc%12ccc(*)cc%12)cc%10)C%11=O)cc9)CC6C(C4)C(C8)C7C5)cc3)cc2C1=O,-0.41562134,-0.30349925,-0.4519987,-0.29132718,-0.40571332
1324,3,2.87,*N1C(=O)c2ccc(Oc3ccc(Oc4ccc(Oc5ccc6c(c5)C(=O)N(c5ccc(Oc7ccc([C@]89C[C@@H]%10C[C@@H](C[C@@](c%11ccc(Oc%12ccc(*)cc%12)cc%11)(C%10)C8)C9)cc7)cc5)C6=O)cc4)cc3)cc2C1=O,-0.2541445,-0.21153378,-0.212099,-0.17833367,-0.24267758
1239,4.32,2.69,*n1c(=O)c2cc3c(=O)n(-c4ccc(-c5ccc(/C(=C\c6ccccc6)c6ccc(-c7ccc(*)cc7)cc6)cc5)cc4)c(=O)c3cc2c1=O,-0.34120405,-0.2938382,-0.23402174,-0.3226477,-0.3324703
619,3.93,3.03,*N1C(=O)c2ccc(C(c3ccc4c(c3)C(=O)N(c3ccc(-c5ccc(-c6ccc(*)cc6)cc5)cc3)C4=O)(C(F)(F)F)C(F)(F)F)cc2C1=O,-0.05443242,-0.09873764,0.058828726,-0.11845175,-0.12862884
481,4,3.31,*n1c(=O)c2cc3c(=O)n(-c4ccc(Oc5cc(-c6ccccc6)c(Oc6ccc(*)cc6)cc5-c5ccccc5)cc4)c(=O)c3cc2c1=O,0.4041689,0.3508023,0.48483005,0.29910398,0.41284078
132,3,2.88,*N1C(=O)c2ccc(Oc3ccc4c(c3)C(=O)N(Oc3cc(C(C)(C)C)c(Oc5ccc(*)cc5)c(C(C)(C)C)c3)C4=O)cc2C1=O,-0.1719604,-0.20364243,-0.14857301,-0.20843098,-0.21983157
1617,9.21,3.49,*c1cccc(Oc2ccc(-n3c(=O)c4cc5c(=O)n(*)c(=O)c5cc4c3=O)cc2)c1,0.5495028,0.5979986,0.68655425,0.39943993,0.54332286
2210,8.7,2.57,*N1C(=O)c2ccc(C(=O)c3ccc4c(c3)C(=O)N(c3c(C)cc(C(c5ccc(C(C)C)cc5)c5cc(C)c(*)c(C)c5)cc3C)C4=O)cc2C1=O,-0.31751418,-0.4820059,-0.35377738,-0.25984803,-0.39273316
264,3,2.79,*N1C(=O)C2=CC=C(C(c3ccc4c(c3)C(=O)N(c3ccc(Oc5ccc(*)cc5)cc3)C4=O)(C(F)(F)F)C(F)(F)F)CC2C1=O,-0.29848444,-0.27917084,-0.2325436,-0.30086252,-0.32480562
67,8.41,3.23,*c1ccc(Oc2ccc(N3C(=O)c4ccc(C(=O)c5ccc6c(c5)C(=O)N(*)C6=O)cc4C3=O)cc2)cc1,0.3691861,0.34283376,0.36702335,0.2737654,0.31522095
2199,6,2.49,*N1C(=O)c2ccc(Oc3ccc4c(c3)C(=O)N(c3c(C)cc(C(c5ccc(C(C)C)cc5)c5cc(C)c(*)c(C)c5)cc3C)C4=O)cc2C1=O,-0.4394775,-0.6156606,-0.46525127,-0.38189605,-0.47233433
332,10,3.64,*c1ccc(OC(=O)c2ccc(N3C(=O)c4ccc(C(=O)Oc5ccc(OC(=O)c6ccc7c(c6)C(=O)N(*)C7=O)cc5)cc4C3=O)cc2)cc1,0.9566107,0.9024497,0.74143195,0.7522018,0.7518034
2320,6,2.65,*c1c(C)cc(C2(c3cc(C)c(N4C(=O)c5ccc(Oc6ccc7c(c6)C(=O)N(*)C7=O)cc5C4=O)c(C)c3)c3cc(O[Si](C)(C)C(C)(C)C)ccc3-c3ccc(O[Si](C)(C)C(C)(C)C)cc32)cc1C,-0.4713,-0.4391934,-0.4341248,-0.38436714,-0.42172837
2161,3.99,5.45,*c1ccc(-c2cc(-c3ccc(-n4c(=O)c5cc6c(=O)n(*)c(=O)c6cc5c4=O)cc3)cc(S(C)(=O)=O)c2)cc1,3.7263901,4.3928413,3.9046638,3.5960288,4.0345516
141,3,3.25,*c1ccc(Cc2ccc(N3C(=O)c4ccc(Oc5ccc(C(C)(C)c6ccc(Oc7ccc8c(c7)C(=O)N(*)C8=O)cc6)cc5)cc4C3=O)cc2)cc1,0.3995579,0.2822398,0.36898872,0.3480736,0.22724536
1819,5.8,4.8,*n1c(=O)c2cc3c(=O)n(CCCN4CCN(CCC*)CC4)c(=O)c3cc2c1=O,2.577209,2.854703,2.8178477,2.3611138,2.5607033
500,6,2.98,*n1c(=O)c2cc3c(=O)n(-c4ccc(Oc5cc(-c6ccccc6)c(Oc6ccc(*)cc6C(F)(F)F)cc5-c5ccccc5)c(C(F)(F)F)c4)c(=O)c3cc2c1=O,0.13511012,0.114514075,0.2345154,0.25931233,0.27639455
1989,6,2.61,*N1C(=O)c2ccc(Oc3ccc4c(c3)C(=O)N(CCCN3CCN(CCC*)CC3)C4=O)cc2C1=O,-0.34750897,-0.36518034,-0.3373148,-0.2257261,-0.47577584
1136,4.29,2.67,*N1C(=O)c2ccc(-c3ccc4c(c3)C(=O)N(c3ccc(-c5ccc(/C(=C\c6ccccc6)c6ccc(-c7ccc(*)cc7)cc6)cc5)cc3)C4=O)cc2C1=O,-0.34894294,-0.28939447,-0.36331382,-0.37790447,-0.3990286
1172,3.51,2.78,*N1C(=O)c2ccc(C(=O)c3ccc4c(c3)C(=O)N(c3ccc(-c5ccc(/C(=C\c6ccccc6)c6ccc(-c7ccc(*)cc7)cc6)cc5)cc3)C4=O)cc2C1=O,-0.25053343,-0.14420842,-0.2425284,-0.23451668,-0.24994062
1326,3,2.86,*N1C(=O)c2ccc(-c3ccc4c(c3)C(=O)N(c3ccc(Oc5ccc([C@]67C[C@@H]8C[C@@H](C[C@@](c9ccc(Oc%10ccc(*)cc%10)cc9)(C8)C6)C7)cc5)cc3)C4=O)cc2C1=O,-0.23251987,-0.19872588,-0.19051471,-0.20541918,-0.22454976
302,10,3.25,*N1C(=O)c2ccc(-c3ccc4c(c3)C(=O)N(c3ccc(-c5ccc(*)cc5C(F)(F)F)c(C(F)(F)F)c3)C4=O)cc2C1=O,0.36029136,0.23911685,0.47858462,0.2565976,0.15073776
2172,3.02,5.92,*c1ccc(-c2cc(CS(C)(=O)=O)cc(-c3ccc(-n4c(=O)c5cc6c(=O)n(*)c(=O)c6cc5c4=O)cc3)c2)cc1,4.4268184,4.8353615,4.3037443,4.181389,4.633557
1401,5.5,3.43,*c1ccc(Oc2ccc(-n3c(=O)c4cc5c(=O)n(*)c(=O)c5cc4c3=O)cc2)cc1,0.62743336,0.6093818,0.6092418,0.49814612,0.5836465
312,10,3.12,*n1c(=O)c2cc3c(=O)n(-c4ccc(Oc5ccc(C(C)(C)c6ccc(Oc7ccc(*)cc7)cc6)cc5)cc4)c(=O)c3cc2c1=O,0.4152531,0.47639173,0.4213615,0.36735743,0.52229726
1316,7.6,3.61,*N1C(=O)c2ccc(S(=O)(=O)c3ccc4c(c3)C(=O)N(c3ccc(Oc5ccc(Oc6ccc(*)cc6)c6c5C5CCC6C5)cc3)C4=O)cc2C1=O,0.64194375,0.83439374,0.88737327,0.6854014,0.64938444
1134,4.4,2.66,*N1C(=O)c2ccc(-c3ccc4c(c3)C(=O)N(c3ccc(-c5ccc(/C(=C\c6ccccc6)c6ccc(-c7ccc(*)cc7)cc6)cc5)cc3)C4=O)cc2C1=O,-0.3513189,-0.29359555,-0.3677216,-0.38187182,-0.40099818
244,6,2.68,*c1ccc(Oc2c(C)cc(C(C)(C)c3cc(C)c(Oc4c(F)c(F)c(-c5c(F)c(F)c(Oc6c(C)cc(C(C)(C)c7cc(C)c(Oc8ccc(N9C(=O)c%10ccc(Oc%11ccc%12c(c%11)C(=O)N(*)C%12=O)cc%10C9=O)cc8)c(C)c7)cc6C)c(F)c5F)c(F)c4F)c(C)c3)cc2C)cc1,-0.43490446,-0.410118,-0.49028692,-0.5271032,-0.4015727
2036,5.89,2.57,*N1C(=O)c2ccc(-c3ccc4c(c3)C(=O)N(CCCN3CCN(CCC*)CC3)C4=O)cc2C1=O,-0.45145017,-0.48816407,-0.41387275,-0.31825748,-0.5218167
1858,4.44,4.93,*n1c(=O)c2cc3c(=O)n(CCCN4CCN(CCC*)CC4)c(=O)c3cc2c1=O,2.5774026,2.8876848,2.8701217,2.395363,2.6104348
245,6,2.89,*N1C(=O)c2ccc(C(c3cc(C(F)(F)F)cc(C(F)(F)F)c3)(c3ccc4c(c3)C(=O)N(Cc3ccc(Oc5ccc(*)cc5)cc3)C4=O)C(F)(F)F)cc2C1=O,-0.02401298,-0.07113543,-0.09564038,-0.15374991,-0.09056789
898,5.47,2.44,*N1C(=O)c2ccc(C(c3ccc4c(c3)C(=O)N(c3ccc(-c5cc(-c6ccc(-c7ccc(-c8ccccc8)cc7)cc6)cc(-c6ccc(*)cc6)n5)cc3)C4=O)(C(F)(F)F)C(F)(F)F)cc2C1=O,-0.73255676,-0.6125502,-0.66147846,-0.67131585,-0.7207613
484,4,3.17,*N1C(=O)c2ccc(Oc3ccc4c(c3)C(=O)N(c3ccc(Oc5cc(-c6ccccc6)c(Oc6ccc(*)cc6)cc5-c5ccccc5)cc3)C4=O)cc2C1=O,0.17493857,0.14548217,0.17697741,0.065652534,0.11616208
2151,5,6,*N1C(=O)c2ccc(-c3ccc4c(c3)C(=O)N(c3ccc5c(c3)OCCOCCOc3cc(*)ccc3OCCOCCO5)C4=O)cc2C1=O,4.727523,4.795176,4.359283,4.240151,4.372233
1684,6,3.23,*N1C(=O)c2ccc(S(=O)(=O)c3ccc4c(c3)C(=O)N(c3ccc(Oc5ccc(Oc6ccc(*)cc6C(F)(F)F)c(C(C)(C)C)c5)c(C(F)(F)F)c3)C4=O)cc2C1=O,0.52981627,0.67274195,0.58980626,0.60202897,0.5030661
1822,5.82,4.8,*n1c(=O)c2cc3c(=O)n(CCCN4CCN(CCC*)CC4)c(=O)c3cc2c1=O,2.577206,2.8541899,2.8170857,2.360594,2.5599718
694,5.09,2.18,*N1C(=O)c2ccc(C(c3ccc4c(c3)C(=O)N(c3cccc(-c5cc(-c6ccc(*)cc6)cc(C(c6ccccc6)(c6ccccc6)c6ccccc6)c5)c3)C4=O)(C(F)(F)F)C(F)(F)F)cc2C1=O,-0.7083397,-0.52289766,-0.64196354,-0.5306869,-0.65817624
1807,5.68,4.83,*n1c(=O)c2cc3c(=O)n(CCCN4CCN(CCC*)CC4)c(=O)c3cc2c1=O,2.577226,2.8577838,2.8224165,2.3642316,2.565092
275,3,2.85,*N1C(=O)c2ccc(Oc3ccc4c(c3)C(=O)N(c3ccc(Oc5ccc(S(=O)(=O)c6ccc(Oc7ccc(*)cc7)c(-c7cc(C(F)(F)F)cc(C(F)(F)F)c7)c6)cc5-c5cc(C(F)(F)F)cc(C(F)(F)F)c5)cc3)C4=O)cc2C1=O,-0.35268366,-0.17998157,-0.21617308,-0.23707688,-0.26813293
483,4,3.42,*c1ccc(Oc2cc(-c3ccccc3)c(Oc3ccc(N4C(=O)c5ccc(C(=O)c6ccc7c(c6)C(=O)N(*)C7=O)cc5C4=O)cc3)cc2-c2ccccc2)cc1,0.53237265,0.47915268,0.4834205,0.29418436,0.14507042
511,6,2.98,*N1C(=O)c2ccc(C(=O)c3ccc4c(c3)C(=O)N(c3ccc(Oc5ccc(-c6ccc(-c7ccc(-c8ccc(Oc9ccc(*)cc9)c(C(F)(F)F)c8)cc7)cc6)cc5C(F)(F)F)cc3)C4=O)cc2C1=O,-0.026856579,-0.041162215,0.026178086,-0.11739374,-0.08651847
816,4.33,2.61,*N1C(=O)c2ccc(C(c3ccc4c(c3)C(=O)N(c3ccc(-c5cc(-c6ccc(-c7ccccc7)cc6)cc(-c6ccc(*)cc6)n5)cc3)C4=O)(C(F)(F)F)C(F)(F)F)cc2C1=O,-0.51614475,-0.42481333,-0.3564615,-0.50016356,-0.5597972
1991,5.34,2.59,*N1C(=O)c2ccc(-c3ccc4c(c3)C(=O)N(CCCN3CCN(CCC*)CC3)C4=O)cc2C1=O,-0.42953676,-0.46797663,-0.38580492,-0.2939332,-0.5013747
1295,6,3.12,*n1c(=O)c2cc3c(=O)n(-c4ccc(Oc5ccc(Oc6ccc(*)cc6)c6c5C5CCC6C5)cc4)c(=O)c3cc2c1=O,0.24977545,0.23020934,0.1357307,0.16244906,0.08150469
420,3.26,2.74,*n1c(=O)c2cc3c(=O)n(-c4ccc(N(c5ccc(-c6ccc(-c7ccccc7)cc6)cc5)c5ccc(-n6c(=O)c7cc8c(=O)n(*)c(=O)c8cc7c6=O)cc5)cc4)c(=O)c3cc2c1=O,-0.29091203,-0.25588226,-0.29999384,-0.36421007,-0.24368252
1320,3,2.85,*c1ccc(Oc2ccc([C@@]34C[C@H]5C[C@@H](C3)C[C@@](c3ccc(Oc6ccc(-n7c(=O)c8cc9c(=O)n(*)c(=O)c9cc8c7=O)cc6)cc3)(C5)C4)cc2)cc1,-0.26468772,-0.19815688,-0.19665053,-0.23895845,-0.22888719
550,4.07,3.38,*c1ccc(Oc2ccc(-n3c(=O)c4cc5c(=O)n(*)c(=O)c5cc4c3=O)cc2)cc1,0.6604678,0.6380914,0.6432227,0.53889555,0.61552685
24,10,3.09,*c1cccc(Oc2cccc(N3C(=O)c4ccc(C(=O)c5ccc6c(c5)C(=O)N(*)C6=O)cc4C3=O)c2)c1,0.41329634,0.1440015,0.4025862,0.10996983,0.07834985
419,3.08,2.75,*n1c(=O)c2cc3c(=O)n(-c4ccc(N(c5ccc(-c6ccc(-c7ccccc7)cc6)cc5)c5ccc(-n6c(=O)c7cc8c(=O)n(*)c(=O)c8cc7c6=O)cc5)cc4)c(=O)c3cc2c1=O,-0.28340572,-0.24957478,-0.29256994,-0.35917756,-0.23736139
1309,7.6,3.27,*N1C(=O)c2ccc(-c3ccc4c(c3)C(=O)N(c3ccc(Oc5ccc(Oc6ccc(*)cc6)cc5)cc3)C4=O)cc2C1=O,0.19075394,0.1667431,0.429038,0.005385717,0.17414477
289,6,2.66,*c1cc(N2C(=O)c3ccc(C(C)(C)c4ccc5c(c4)C(=O)N(*)C5=O)cc3C2=O)ccc1-c1cc(C(F)(F)F)cc(C(F)(F)F)c1,-0.20751774,-0.09113543,-0.09587597,-0.09124257,-0.120275944
426,4.27,2.73,*n1c(=O)c2cc3c(=O)n(-c4ccc(N(c5ccc(-c6ccc(-c7ccccc7)cc6)cc5)c5ccc(-n6c(=O)c7cc8c(=O)n(*)c(=O)c8cc7c6=O)cc5)cc4)c(=O)c3cc2c1=O,-0.33128518,-0.29139557,-0.33843732,-0.39322373,-0.28307915
1649,3,3.05,*N1C(=O)c2ccc(C(=O)c3ccc4c(c3)C(=O)N(c3ccc(-c5cc(C(C)(C)C)c(Oc6ccc(*)cc6)c(C(C)(C)C)c5)c(Cl)c3)C4=O)cc2C1=O,0.04404213,0.009942675,-0.003409302,0.06620623,-0.010352866
1196,4.79,2.72,*N1C(=O)c2ccc(C(=O)c3ccc4c(c3)C(=O)N(c3ccc(-c5ccc(/C(=C\c6ccccc6)c6ccc(-c7ccc(*)cc7)cc6)cc5)cc3)C4=O)cc2C1=O,-0.28714532,-0.19685683,-0.28301147,-0.2888304,-0.27893412
1284,4,2.97,*N1C(=O)c2ccc(-c3ccc4c(c3)C(=O)N(c3ccc(Oc5ccc(Oc6ccc(*)cc6)c6c5C5CCC6C5)cc3)C4=O)cc2C1=O,-0.005902274,-0.05131176,0.016263692,-0.107063256,-0.113186926
1660,3,2.98,*N1C(=O)c2ccc(C(c3ccc4c(c3)C(=O)N(c3ccc(Oc5ccc(Oc6ccc(*)cc6C(F)(F)F)c(C(C)(C)C)c5)c(C(F)(F)F)c3)C4=O)(C(F)(F)F)C(F)(F)F)cc2C1=O,0.09270434,0.12244613,0.124145344,0.2588515,0.06749122
248,6,2.71,*N1C(=O)c2ccc(C(c3cc(C(F)(F)F)cc(C(F)(F)F)c3)(c3ccc4c(c3)C(=O)N(c3ccc(Oc5ccc(Oc6ccc(*)cc6C(F)(F)F)cc5)c(C(F)(F)F)c3)C4=O)C(F)(F)F)cc2C1=O,-0.5030147,-0.38299495,-0.44466087,-0.38749084,-0.5586084
100,8.85,3.18,*c1ccc(Oc2ccc(N3C(=O)c4ccc(C(=O)c5ccc6c(c5)C(=O)N(*)C6=O)cc4C3=O)cc2)cc1,0.3609097,0.3372674,0.35790336,0.26812586,0.30985045
91,8.77,3.19,*c1ccc(Oc2ccc(N3C(=O)c4ccc(C(=O)c5ccc6c(c5)C(=O)N(*)C6=O)cc4C3=O)cc2)cc1,0.36238503,0.33817244,0.35953557,0.26915127,0.310749
2311,5.07,5.55,*c1ccc(-c2cc(CS(C)(=O)=O)cc(-c3ccc(-n4c(=O)c5cc6c(=O)n(*)c(=O)c6cc5c4=O)cc3)c2)cc1,4.2824707,4.6887956,4.140923,4.0731645,4.464126
1971,5.89,2.69,*N1C(=O)c2ccc(Oc3ccc4c(c3)C(=O)N(CCCN3CCN(CCC*)CC3)C4=O)cc2C1=O,-0.34484214,-0.36357334,-0.3336711,-0.22398254,-0.47254467
1589,4.22,2.27,*N1C(=O)c2ccc(C(c3ccc4c(c3)C(=O)N(c3cc(*)cc(C(F)(F)F)c3)C4=O)(C(F)(F)F)C(F)(F)F)cc2C1=O,-0.8743781,-0.6635774,-0.8411084,-0.8612275,-0.8476688
297,10,2.38,*c1cc(N2C(=O)c3ccc(C(C)(C)c4ccc5c(c4)C(=O)N(*)C5=O)cc3C2=O)ccc1-c1cc(C(F)(F)F)cc(C(F)(F)F)c1,-0.34118015,-0.19903359,-0.21000868,-0.19916618,-0.22352181
490,4,3.21,*N1C(=O)c2ccc(Oc3ccc4c(c3)C(=O)N(c3ccc(Oc5cc(-c6ccccc6)c(Oc6ccc(*)cc6C(F)(F)F)cc5-c5ccccc5)c(C(F)(F)F)c3)C4=O)cc2C1=O,0.25292552,0.174135,0.393667,0.1908868,0.24537559
22,10,2.84,*c1cccc(Oc2cccc(-n3c(=O)c4cc5c(=O)n(*)c(=O)c5cc4c3=O)c2)c1,0.23034294,-0.001611112,0.31005284,-0.016167263,-0.06721193
1080,4.14,2.63,*N1C(=O)c2ccc(C(c3ccc4c(c3)C(=O)N(c3ccc(-c5ccc(/C(=C\c6ccccc6)c6ccc(-c7ccc(*)cc7)cc6)cc5)cc3)C4=O)(C(F)(F)F)C(F)(F)F)cc2C1=O,-0.42314613,-0.37578523,-0.48573044,-0.36801416,-0.4511394
149,4.03,2.99,*c1ccc(Cc2ccc(N3C(=O)c4ccc(Oc5ccc(C(C)(C)c6ccc(Oc7ccc8c(c7)C(=O)N(*)C8=O)cc6)cc5)cc4C3=O)c(C)c2)cc1C,-0.07289216,-0.0674039,-0.09934703,-0.07319425,-0.08325556
693,4.96,2.2,*N1C(=O)c2ccc(C(c3ccc4c(c3)C(=O)N(c3cccc(-c5cc(-c6ccc(*)cc6)cc(C(c6ccccc6)(c6ccccc6)c6ccccc6)c5)c3)C4=O)(C(F)(F)F)C(F)(F)F)cc2C1=O,-0.7014921,-0.51665556,-0.63567907,-0.52435875,-0.6524561
1268,3,3.46,*n1c(=O)c2cc3c(=O)n(-c4ccc(Oc5ccc(Oc6ccc(*)cc6)cc5)cc4)c(=O)c3cc2c1=O,0.6422852,0.64636886,0.6393115,0.5506687,0.6456133
449,3.03,2.23,*n1c(=O)c2cc3c(=O)n(-c4ccc(N(c5ccc(-n6c(=O)c7cc8c(=O)n(*)c(=O)c8cc7c6=O)cc5)c5cccc(-c6ccc(-c7ccccc7)cc6)c5)cc4)c(=O)c3cc2c1=O,-0.8809334,-0.8837205,-0.9927699,-0.6744989,-0.7810859
202,3,2.46,*c1c(C)c(C)c(N2C(=O)C3=CCC(C(c4ccc5c(c4)C(=O)N(*)C5=O)(C(F)(F)F)C(F)(F)F)C=C3C2=O)c(C)c1C,-0.73534244,-0.62438464,-0.5885735,-0.6169688,-0.6600807
795,3.03,2.58,*N1C(=O)c2ccc(C(c3ccc4c(c3)C(=O)N(c3ccc(-c5cc(-c6ccc(-c7ccccc7)cc6)cc(-c6ccc(*)cc6)n5)cc3)C4=O)(C(F)(F)F)C(F)(F)F)cc2C1=O,-0.43094158,-0.35406536,-0.2554395,-0.4418851,-0.50288516
1180,3.94,2.76,*N1C(=O)c2ccc(C(=O)c3ccc4c(c3)C(=O)N(c3ccc(-c5ccc(/C(=C\c6ccccc6)c6ccc(-c7ccc(*)cc7)cc6)cc5)cc3)C4=O)cc2C1=O,-0.26283273,-0.16194068,-0.25658116,-0.2528076,-0.25990176
1772,7.6,2.9,*N1C(=O)c2ccc(C(c3ccc4c(c3)C(=O)N(c3ccc(Oc5ccc(C6(c7ccc(Oc8ccc(*)cc8)cc7)c7ccccc7-c7ccccc76)cc5)cc3)C4=O)(C(F)(F)F)C(F)(F)F)cc2C1=O,-0.2310688,-0.13974422,-0.115626514,-0.27336812,-0.19525956
142,4,3.22,*c1ccc(Cc2ccc(N3C(=O)c4ccc(Oc5ccc(C(C)(C)c6ccc(Oc7ccc8c(c7)C(=O)N(*)C8=O)cc6)cc5)cc4C3=O)cc2)cc1,0.37330133,0.2702692,0.3391981,0.32057017,0.2190453
2219,6,2.62,*N1C(=O)c2ccc(Oc3ccc(C(C)(C)c4ccc(Oc5ccc6c(c5)C(=O)N(c5ccc(Oc7ccc(C(C)(C)c8ccc(Oc9ccc(-n%10c(=O)c%11cc%12c(=O)n(-c%13ccc(Oc%14ccc(C(CCC)(CCC)c%15ccc(Oc%16ccc(*)cc%16)cc%15)cc%14)cc%13)c(=O)c%12cc%11c%10=O)cc9)cc8)cc7)cc5)C6=O)cc4)cc3)cc2C1=O,-0.39667118,-0.30400294,-0.60442114,-0.46557274,-0.37569255
1724,3,2.88,*N1C(=O)c2ccc(-c3ccc4c(c3)C(=O)N(c3ccc(Oc5ccc(C6(c7ccc(Oc8ccc(*)cc8C(F)(F)F)cc7)c7ccccc7-c7ccccc76)cc5)c(C(F)(F)F)c3)C4=O)cc2C1=O,-0.1783787,-0.12602976,-0.15724383,-0.1551376,-0.1682203
1678,4,3.43,*c1ccc(Oc2ccc(Oc3ccc(N4C(=O)c5ccc(Oc6ccc7c(c6)C(=O)N(*)C7=O)cc5C4=O)cc3)cc2C(C)(C)C)cc1,0.49502277,0.535885,0.5973338,0.54655963,0.46847785
176,3.08,2.74,*N1C(=O)c2ccc(C(c3ccc4c(c3)C(=O)N(c3ccc(Cc5ccc(*)c(C)c5)cc3C)C4=O)(C(F)(F)F)C(F)(F)F)cc2C1=O,-0.31317508,-0.3643163,-0.33202964,-0.38128585,-0.41309053
177,4.01,2.73,*N1C(=O)c2ccc(C(c3ccc4c(c3)C(=O)N(c3ccc(Cc5ccc(*)c(C)c5)cc3C)C4=O)(C(F)(F)F)C(F)(F)F)cc2C1=O,-0.33417714,-0.3792009,-0.3483749,-0.39173225,-0.4232403
195,3,2.63,*N1C(=O)c2ccc(-c3ccc4c(c3)C(=O)N(c3ccc(Oc5ccc([C@]67C[C@H]8CC9C6CC6C[C@H]7C(C8)[C@@]9(c7ccc(Oc8ccc(*)cc8)cc7)C6)cc5)cc3)C4=O)cc2C1=O,-0.41776127,-0.42626032,-0.28780663,-0.44652545,-0.17754325
432,5.29,2.72,*n1c(=O)c2cc3c(=O)n(-c4ccc(N(c5ccc(-c6ccc(-c7ccccc7)cc6)cc5)c5ccc(-n6c(=O)c7cc8c(=O)n(*)c(=O)c8cc7c6=O)cc5)cc4)c(=O)c3cc2c1=O,-0.36915505,-0.3219386,-0.37238672,-0.42175707,-0.32383627
685,3.06,2.5,*N1C(=O)c2ccc(C(c3ccc4c(c3)C(=O)N(c3cccc(-c5cc(-c6ccc(*)cc6)cc(C(c6ccccc6)(c6ccccc6)c6ccccc6)c5)c3)C4=O)(C(F)(F)F)C(F)(F)F)cc2C1=O,-0.6056412,-0.4344522,-0.5398978,-0.43478492,-0.58045435
766,5.26,2.81,*N1C(=O)c2ccc(C(c3ccc4c(c3)C(=O)N(c3ccc(-c5cc(-c6ccccc6)cc(-c6ccc(*)cc6)n5)cc3)C4=O)(C(F)(F)F)C(F)(F)F)cc2C1=O,-0.36841083,-0.30593163,-0.19452204,-0.36655673,-0.45903295
1766,7.6,2.62,*N1C(=O)c2ccc(C(c3ccc4c(c3)C(=O)N(c3ccc(Oc5ccc(C6(c7ccc(Oc8ccc(*)cc8C(F)(F)F)cc7)c7ccccc7-c7ccccc76)cc5)c(C(F)(F)F)c3)C4=O)(C(F)(F)F)C(F)(F)F)cc2C1=O,-0.46482575,-0.28123984,-0.36626953,-0.29378426,-0.3450328
1468,5.34,2.65,*N1C(=O)c2ccc(C(c3ccc4c(c3)C(=O)N(c3ccc(*)cc3)C4=O)(C(F)(F)F)C(F)(F)F)cc2C1=O,-0.45772916,-0.43373674,-0.3913363,-0.44343108,-0.526272
403,5.66,3.43,*n1c(=O)c2cc3c(=O)n(-c4ccc(N(c5ccccc5)c5ccc(-n6c(=O)c7cc8c(=O)n(*)c(=O)c8cc7c6=O)cc5)cc4)c(=O)c3cc2c1=O,0.5773131,0.8051492,0.63653165,0.5109086,0.60196376
1932,5.47,2.87,*N1C(=O)c2ccc(Oc3ccc4c(c3)C(=O)N(CCCN3CCN(CCC*)CC3)C4=O)cc2C1=O,-0.3343861,-0.3576234,-0.31964433,-0.21696338,-0.46059597
1178,3.83,2.77,*N1C(=O)c2ccc(C(=O)c3ccc4c(c3)C(=O)N(c3ccc(-c5ccc(/C(=C\c6ccccc6)c6ccc(-c7ccc(*)cc7)cc6)cc5)cc3)C4=O)cc2C1=O,-0.25968635,-0.15740448,-0.2532356,-0.24812853,-0.25735354
625,4.27,3.03,*N1C(=O)c2ccc(C(c3ccc4c(c3)C(=O)N(c3ccc(-c5ccc(-c6ccc(*)cc6)cc5)cc3)C4=O)(C(F)(F)F)C(F)(F)F)cc2C1=O,-0.06157351,-0.09924747,0.04947463,-0.119376704,-0.13050714
61,8.25,3.25,*c1ccc(Oc2ccc(N3C(=O)c4ccc(C(=O)c5ccc6c(c5)C(=O)N(*)C6=O)cc4C3=O)cc2)cc1,0.3723191,0.3449463,0.370464,0.27581605,0.31723022
1744,4,3.19,*N1C(=O)c2ccc(S(=O)(=O)c3ccc4c(c3)C(=O)N(c3ccc(Oc5ccc(C6(c7ccc(Oc8ccc(*)cc8C(F)(F)F)cc7)c7ccccc7-c7ccccc76)cc5)c(C(F)(F)F)c3)C4=O)cc2C1=O,-0.04348546,0.019171486,0.08719593,0.031306647,0.009750358
698,6.01,2.11,*N1C(=O)c2ccc(C(c3ccc4c(c3)C(=O)N(c3cccc(-c5cc(-c6ccc(*)cc6)cc(C(c6ccccc6)(c6ccccc6)c6ccccc6)c5)c3)C4=O)(C(F)(F)F)C(F)(F)F)cc2C1=O,-0.7577093,-0.5651972,-0.6864378,-0.57350767,-0.69683135
2200,7,2.53,*n1c(=O)c2cc3c(=O)n(-c4c(C)cc(C(c5ccc(C(C)C)cc5)c5cc(C)c(*)c(C)c5)cc4C)c(=O)c3cc2c1=O,-0.6090008,-0.5365468,-0.50707895,-0.43860453,-0.47805524
158,6.01,3.3,*c1ccc(Cc2ccc(N3C(=O)c4ccc(C(=O)c5ccc6c(c5)C(=O)N(*)C6=O)cc4C3=O)cc2)cc1,0.5797164,0.64186114,0.58724844,0.39404118,0.33345383
326,10,2.5,*N1C(=O)c2ccc(C(c3ccc4c(c3)C(=O)N(c3ccc(Oc5ccc(C(c6ccc(Oc7ccc(*)cc7)cc6)(C(F)(F)F)C(F)(F)F)cc5)cc3)C4=O)(C(F)(F)F)C(F)(F)F)cc2C1=O,-1.4686394,-1.124016,-1.3216901,-1.3036729,-1.3338405
172,6.01,2.78,*N1C(=O)c2ccc(C(c3ccc4c(c3)C(=O)N(c3ccc(Cc5ccc(*)cc5)cc3)C4=O)(C(F)(F)F)C(F)(F)F)cc2C1=O,0.03319489,-0.121474445,0.001765542,-0.17270166,-0.17117962
2223,6,2.92,*c1ccc(-c2ccc(N3C(=O)c4ccc(C(c5ccc6c(c5)C(=O)C(c5ccc(-c7ccc(-n8c(=O)c9cc%10c(=O)n(*)c(=O)c%10cc9c8=O)cc7C(F)(F)F)c(C(F)(F)F)c5)C6=O)(C(F)(F)F)C(F)(F)F)cc4C3=O)cc2C(F)(F)F)c(C(F)(F)F)c1,-0.5255739,-0.104462594,-0.14139454,-0.1673302,-0.21800129
834,5.47,2.61,*N1C(=O)c2ccc(C(c3ccc4c(c3)C(=O)N(c3ccc(-c5cc(-c6ccc(-c7ccccc7)cc6)cc(-c6ccc(*)cc6)n5)cc3)C4=O)(C(F)(F)F)C(F)(F)F)cc2C1=O,-0.58470124,-0.4812652,-0.45089227,-0.5475927,-0.6091022
643,5.28,3.02,*N1C(=O)c2ccc(C(c3ccc4c(c3)C(=O)N(c3ccc(-c5ccc(-c6ccc(*)cc6)cc5)cc3)C4=O)(C(F)(F)F)C(F)(F)F)cc2C1=O,-0.07550588,-0.0994211,0.023747794,-0.119269475,-0.13630407
1878,5.64,3.91,*CCCN1CCN(CCCN2C(=O)c3ccc(C(=O)c4ccc5c(c4)C(=O)N(*)C5=O)cc3C2=O)CC1,1.4245843,1.3111584,1.4277573,1.204466,1.3138355
2006,5.6,2.59,*N1C(=O)c2ccc(-c3ccc4c(c3)C(=O)N(CCCN3CCN(CCC*)CC3)C4=O)cc2C1=O,-0.44013405,-0.47764772,-0.39928687,-0.30547854,-0.51096284
775,5.82,2.83,*N1C(=O)c2ccc(C(c3ccc4c(c3)C(=O)N(c3ccc(-c5cc(-c6ccccc6)cc(-c6ccc(*)cc6)n5)cc3)C4=O)(C(F)(F)F)C(F)(F)F)cc2C1=O,-0.4023881,-0.33689702,-0.24002601,-0.3876165,-0.476883
1728,3,3.29,*c1ccc(Oc2ccc(C3(c4ccc(Oc5ccc(-n6c(=O)c7cc8c(=O)n(*)c(=O)c8cc7c6=O)cc5)cc4)c4ccccc4-c4ccccc43)cc2)cc1,0.35684168,0.40456995,0.36979356,0.3503367,0.33986557
1725,3,2.95,*N1C(=O)c2ccc(S(=O)(=O)c3ccc4c(c3)C(=O)N(c3ccc(Oc5ccc(C6(c7ccc(Oc8ccc(*)cc8C(F)(F)F)cc7)c7ccccc7-c7ccccc76)cc5)c(C(F)(F)F)c3)C4=O)cc2C1=O,-0.025441358,0.03764011,0.11456178,0.075607195,0.03100546
206,3,2.07,*N1C(=O)c2ccc(C(c3ccc4c(c3)C(=O)N(c3ccc(Oc5ccc(C(c6ccc(Oc7ccc(*)cc7)cc6)(C(F)(F)F)C(F)(F)F)cc5)cc3)C4=O)(c3c(F)c(F)c(F)c(F)c3F)C(F)(F)F)cc2C1=O,-1.4377522,-1.1766887,-1.3013407,-1.2042013,-1.2763352
1702,7.6,3.4,*c1ccc(Oc2ccc(Oc3ccc(N4C(=O)c5ccc(-c6ccc7c(c6)C(=O)N(*)C7=O)cc5C4=O)cc3)cc2C(C)(C)C)cc1,0.38709515,0.46518788,0.55418044,0.31540075,0.3593405
1604,5.57,2.25,*N1C(=O)c2ccc(C(c3ccc4c(c3)C(=O)N(c3cc(*)cc(C(F)(F)F)c3)C4=O)(C(F)(F)F)C(F)(F)F)cc2C1=O,-0.9314428,-0.7319587,-0.90677685,-0.9136851,-0.9201484
463,5.21,2.2,*n1c(=O)c2cc3c(=O)n(-c4ccc(N(c5ccc(-n6c(=O)c7cc8c(=O)n(*)c(=O)c8cc7c6=O)cc5)c5cccc(-c6ccc(-c7ccccc7)cc6)c5)cc4)c(=O)c3cc2c1=O,-0.9541202,-0.98171973,-1.0729823,-0.80490786,-0.89095026
1675,4,3.34,*c1ccc(Oc2ccc(Oc3ccc(N4C(=O)c5ccc(C(=O)c6ccc7c(c6)C(=O)N(*)C7=O)cc5C4=O)cc3)cc2C(C)(C)C)cc1,0.5457385,0.508297,0.48624092,0.4538477,0.45777303
1798,5.57,4.84,*n1c(=O)c2cc3c(=O)n(CCCN4CCN(CCC*)CC4)c(=O)c3cc2c1=O,2.5772414,2.8606086,2.8266041,2.3670902,2.5691142
1314,7.6,2.85,*N1C(=O)c2ccc(Oc3ccc4c(c3)C(=O)N(c3ccc(Oc5ccc(Oc6ccc(*)cc6)c6c5C5CCC6C5)cc3)C4=O)cc2C1=O,-0.019016357,-0.1740374,-0.13735661,-0.15750784,-0.13536082
1471,5.61,2.65,*N1C(=O)c2ccc(C(c3ccc4c(c3)C(=O)N(c3ccc(*)cc3)C4=O)(C(F)(F)F)C(F)(F)F)cc2C1=O,-0.46902937,-0.4424167,-0.40514946,-0.4500953,-0.5329409
148,3,3,*c1ccc(Cc2ccc(N3C(=O)c4ccc(Oc5ccc(C(C)(C)c6ccc(Oc7ccc8c(c7)C(=O)N(*)C8=O)cc6)cc5)cc4C3=O)c(C)c2)cc1C,-0.056807883,-0.05967649,-0.09650177,-0.057688233,-0.07734551
118,8.98,3.18,*c1ccc(Oc2ccc(N3C(=O)c4ccc(C(=O)c5ccc6c(c5)C(=O)N(*)C6=O)cc4C3=O)cc2)cc1,0.35851216,0.3358836,0.35523596,0.2665701,0.3083902
1968,5.87,2.7,*N1C(=O)c2ccc(Oc3ccc4c(c3)C(=O)N(CCCN3CCN(CCC*)CC3)C4=O)cc2C1=O,-0.3443544,-0.36328113,-0.3330031,-0.22366658,-0.4719572
306,10.6,3.25,*N1C(=O)c2ccc(-c3ccc4c(c3)C(=O)N(c3ccc(-c5ccc(*)cc5C(F)(F)F)c(C(F)(F)F)c3)C4=O)cc2C1=O,0.35705125,0.23715065,0.46216458,0.24752647,0.14570987
710,6,3.03,*N1C(=O)c2ccc(-c3ccc4c(c3)C(=O)N(c3ccc(C(c5ccc(C(C)(C)C)cc5)c5ccc(*)c(C(C)(C)C)c5)cc3C(C)(C)C)C4=O)cc2C1=O,-0.07598187,-0.06531064,-0.093645826,-0.06434652,-0.07902421
320,10,2.81,*N1C(=O)c2ccc(Oc3ccc4c(c3)C(=O)N(c3ccc(Oc5ccc(C(c6ccc(Oc7ccc(*)cc7)cc6)(C(F)(F)F)C(F)(F)F)cc5)cc3)C4=O)cc2C1=O,-0.87856287,-0.6427195,-0.74963474,-0.7795805,-0.8230614
2268,4.52,3.56,*n1c(=O)c2cc3c(=O)n(-c4ccc(-c5cccc(-c6ccc(*)cc6)c5)cc4)c(=O)c3cc2c1=O,0.97396696,0.89392465,0.93864053,0.7671782,0.8394557
215,6,2.65,*N1C(=O)c2ccc(-c3ccc4c(c3)C(=O)N(C3=C=C=C(Oc5ccc(-c6ccc(Oc7ccc(*)cc7C(F)(F)F)c(C(F)(F)F)c6)cc5C(F)(F)F)C(C(F)(F)F)=C3)C4=O)cc2C1=O,-0.5007594,-0.37111455,-0.53874254,-0.44669485,-0.39535004
1513,3.44,2.57,*N1C(=O)c2ccc(C(c3ccc4c(c3)C(=O)N(c3cccc(*)c3)C4=O)(C(F)(F)F)C(F)(F)F)cc2C1=O,-0.53540105,-0.44879168,-0.5222531,-0.5341864,-0.59519047
2175,4.01,5.81,*c1ccc(-c2cc(CS(C)(=O)=O)cc(-c3ccc(-n4c(=O)c5cc6c(=O)n(*)c(=O)c6cc5c4=O)cc3)c2)cc1,4.3602614,4.764581,4.2277384,4.1300917,4.5547166
388,4.54,3.44,*n1c(=O)c2cc3c(=O)n(-c4ccc(N(c5ccccc5)c5ccc(-n6c(=O)c7cc8c(=O)n(*)c(=O)c8cc7c6=O)cc5)cc4)c(=O)c3cc2c1=O,0.59398407,0.8310874,0.65440786,0.5296778,0.610468
895,5.28,2.44,*N1C(=O)c2ccc(C(c3ccc4c(c3)C(=O)N(c3ccc(-c5cc(-c6ccc(-c7ccc(-c8ccccc8)cc7)cc6)cc(-c6ccc(*)cc6)n5)cc3)C4=O)(C(F)(F)F)C(F)(F)F)cc2C1=O,-0.7246239,-0.60261124,-0.6476776,-0.6617231,-0.71177405
52,7.75,3.3,*c1ccc(Oc2ccc(N3C(=O)c4ccc(C(=O)c5ccc6c(c5)C(=O)N(*)C6=O)cc4C3=O)cc2)cc1,0.38144803,0.3516077,0.38075155,0.28218278,0.32363552
137,3,3.05,*c1ccc(Oc2cc(C(C)(C)C)c(Oc3ccc(N4C(=O)c5ccc(-c6ccc7c(c6)C(=O)N(*)C7=O)cc5C4=O)cc3)cc2C(C)(C)C)cc1,0.05257203,0.27382046,0.421163,-0.070174545,0.03314498
1795,5.52,4.84,*n1c(=O)c2cc3c(=O)n(CCCN4CCN(CCC*)CC4)c(=O)c3cc2c1=O,2.5772488,2.8618922,2.8285077,2.3683894,2.5709422
422,3.6,2.74,*n1c(=O)c2cc3c(=O)n(-c4ccc(N(c5ccc(-c6ccc(-c7ccccc7)cc6)cc5)c5ccc(-n6c(=O)c7cc8c(=O)n(*)c(=O)c8cc7c6=O)cc5)cc4)c(=O)c3cc2c1=O,-0.30462086,-0.2679891,-0.31346583,-0.3732423,-0.25580394
1914,5.94,3.86,*CCCN1CCN(CCCN2C(=O)c3ccc(C(=O)c4ccc5c(c4)C(=O)N(*)C5=O)cc3C2=O)CC1,1.4160813,1.3049005,1.4116756,1.1993167,1.3041704
1681,6,2.96,*n1c(=O)c2cc3c(=O)n(-c4ccc(Oc5ccc(Oc6ccc(*)cc6C(F)(F)F)c(C(C)(C)C)c5)c(C(F)(F)F)c4)c(=O)c3cc2c1=O,0.124441534,0.17845026,0.21531665,0.1340493,0.112694696
1292,4,2.68,*N1C(=O)c2ccc(C(CF)(c3ccc4c(c3)C(=O)N(c3ccc(Oc5ccc(Oc6ccc(*)cc6)c6c5C5CCC6C5)cc3)C4=O)C(F)(F)F)cc2C1=O,-0.44163805,-0.3325494,-0.44181216,-0.34097528,-0.38846368
1707,3,3.01,*c1ccc(Oc2ccc(C(=O)c3ccc(N4C(=O)c5ccc(-c6ccc7c(c6)C(=O)N(*)C7=O)cc5C4=O)cc3)cc2C)c(C(F)(F)F)c1,-0.008300474,-0.011643993,-0.0356825,-0.024945455,-0.06567434
1623,10.06,3.41,*c1cccc(Oc2ccc(-n3c(=O)c4cc5c(=O)n(*)c(=O)c5cc4c3=O)cc2)c1,0.5387586,0.59691924,0.67566156,0.39336297,0.53115606
1124,4.93,2.63,*N1C(=O)c2ccc(-c3ccc4c(c3)C(=O)N(c3ccc(-c5ccc(/C(=C\c6ccccc6)c6ccc(-c7ccc(*)cc7)cc6)cc5)cc3)C4=O)cc2C1=O,-0.36379343,-0.3127329,-0.38846767,-0.39833814,-0.40864867
316,10,3.16,*N1C(=O)c2ccc(Oc3ccc(C(C)(C)c4ccc(Oc5ccc6c(c5)C(=O)N(c5ccc(Oc7ccc(C(C)(C)c8ccc(Oc9ccc(*)cc9)cc8)cc7)cc5)C6=O)cc4)cc3)cc2C1=O,0.11035186,0.18669459,0.18639939,0.13915038,0.11630829
341,10,3.4,*N1C(=O)c2ccc(S(=O)(=O)c3ccc4c(c3)C(=O)N(c3ccc(Oc5ccc(S(=O)(=O)c6ccc(Oc7ccc(*)cc7)cc6)cc5)cc3)C4=O)cc2C1=O,0.42018962,0.6353046,0.7751865,0.58406353,0.5285083
311,10,3.45,*c1ccc(Oc2ccc(-n3c(=O)c4cc5c(=O)n(*)c(=O)c5cc4c3=O)cc2)cc1,0.5368641,0.54473376,0.5082245,0.3937097,0.48640668
1634,9.94,2.96,*N1C(=O)C2CC3C(=O)N(c4ccc(Oc5ccc(*)cc5)cc4)C(=O)C3CC2C1=O,-0.07671544,-0.08954127,-0.04903937,-0.09853956,-0.13099284
1657,3,3.5,*N1C(=O)c2ccc(-c3ccc4c(c3)C(=O)N(c3ccc(Oc5ccc(Oc6ccc(*)cc6C(F)(F)F)c(C(C)(C)C)c5)c(C(F)(F)F)c3)C4=O)cc2C1=O,0.71859324,0.7160412,0.81935143,0.6998859,0.64641356
2173,3.09,5.91,*c1ccc(-c2cc(CS(C)(=O)=O)cc(-c3ccc(-n4c(=O)c5cc6c(=O)n(*)c(=O)c6cc5c4=O)cc3)c2)cc1,4.4222784,4.8303576,4.2985764,4.1777616,4.6282043
1756,6,3.09,*N1C(=O)c2ccc(-c3ccc4c(c3)C(=O)N(c3ccc(Oc5ccc(C6(c7ccc(Oc8ccc(*)cc8)cc7)c7ccccc7-c7ccccc76)cc5)cc3)C4=O)cc2C1=O,0.03843792,0.051599786,0.07197715,0.011456735,0.002426497
2327,4,4.6,*c1ccc(C2(C)CC(C)(C)c3ccc(N4C(=O)c5ccc6c7c(ccc(c57)C4=O)C(=O)N(*)C6=O)cc32)cc1,2.2742257,2.592536,2.6425705,2.221604,2.5350492
537,3.35,3.43,*c1ccc(Oc2ccc(-n3c(=O)c4cc5c(=O)n(*)c(=O)c5cc4c3=O)cc2)cc1,0.677083,0.6537652,0.6602787,0.5593769,0.6304717
334,10,3.42,*c1ccc(Oc2ccc(N3C(=O)c4ccc(C(=O)c5ccc6c(c5)C(=O)N(*)C6=O)cc4C3=O)cc2)cc1,0.33939683,0.32492402,0.334937,0.2562393,0.29668695
2326,3,4.03,*c1ccc(C2(C)CC(C)(C)c3ccc(-n4c(=O)c5cc6c(=O)n(*)c(=O)c6cc5c4=O)cc32)cc1,1.5607183,2.2600222,1.8098087,1.5450829,1.7015902
2054,6,2.54,*N1C(=O)c2ccc(-c3ccc4c(c3)C(=O)N(CCCN3CCN(CCC*)CC3)C4=O)cc2C1=O,-0.455653,-0.4921106,-0.41940546,-0.32315367,-0.5260189
1299,6,3.24,*c1ccc(Oc2ccc(Oc3ccc(N4C(=O)c5ccc(C(=O)c6ccc7c(c6)C(=O)N(*)C7=O)cc5C4=O)cc3)c3c2C2CCC3C2)cc1,0.38813072,0.34416568,0.37768212,0.34555516,0.18147495
810,3.95,2.61,*N1C(=O)c2ccc(C(c3ccc4c(c3)C(=O)N(c3ccc(-c5cc(-c6ccc(-c7ccccc7)cc6)cc(-c6ccc(*)cc6)n5)cc3)C4=O)(C(F)(F)F)C(F)(F)F)cc2C1=O,-0.49142814,-0.4044959,-0.3265121,-0.48383072,-0.5419801
499,6,2.96,*N1C(=O)c2ccc(C(c3ccc4c(c3)C(=O)N(c3ccc(Oc5cc(-c6ccccc6)c(Oc6ccc(*)cc6)cc5-c5ccccc5)cc3)C4=O)(C(F)(F)F)C(F)(F)F)cc2C1=O,-0.32442814,-0.18868989,-0.22773395,-0.32278034,-0.40787268
1245,4.64,2.68,*n1c(=O)c2cc3c(=O)n(-c4ccc(-c5ccc(/C(=C\c6ccccc6)c6ccc(-c7ccc(*)cc7)cc6)cc5)cc4)c(=O)c3cc2c1=O,-0.3547895,-0.30746597,-0.25374708,-0.33544195,-0.34293497
1688,6,3.28,*c1ccc(Oc2ccc(Oc3ccc(N4C(=O)c5ccc(C(=O)c6ccc7c(c6)C(=O)N(*)C7=O)cc5C4=O)cc3)cc2C(C)(C)C)cc1,0.5005273,0.46068314,0.45119983,0.39714283,0.41123182
489,4,3.16,*c1ccc(Oc2cc(-c3ccccc3)c(Oc3ccc(N4C(=O)c5ccc(C(=O)c6ccc7c(c6)C(=O)N(*)C7=O)cc5C4=O)cc3C(F)(F)F)cc2-c2ccccc2)c(C(F)(F)F)c1,0.30362546,0.25346392,0.25665492,0.20965922,0.12686634
301,10,2.68,*N1C(=O)c2ccc(C(c3ccc4c(c3)C(=O)N(c3ccc(-c5ccc(*)cc5C(F)(F)F)c(C(F)(F)F)c3)C4=O)(C(F)(F)F)C(F)(F)F)cc2C1=O,-0.3187533,-0.26653156,-0.38583347,-0.34968984,-0.31149465
373,3.42,3.48,*n1c(=O)c2cc3c(=O)n(-c4ccc(N(c5ccccc5)c5ccc(-n6c(=O)c7cc8c(=O)n(*)c(=O)c8cc7c6=O)cc5)cc4)c(=O)c3cc2c1=O,0.6160382,0.8623171,0.67028636,0.5485903,0.62172806
1775,3,3.15,*c1ccc(Oc2c(C)cc(Cc3cc(C)c(Oc4ccc(N5C(=O)c6ccc(-c7ccc8c(c7)C(=O)N(*)C8=O)cc6C5=O)cc4)c(C)c3)cc2C)cc1,0.17986059,0.096655,0.22247745,0.09016576,0.09123549
2015,5.71,2.58,*N1C(=O)c2ccc(-c3ccc4c(c3)C(=O)N(CCCN3CCN(CCC*)CC3)C4=O)cc2C1=O,-0.44449008,-0.4816988,-0.4048194,-0.31032568,-0.51501936
2000,5.52,2.59,*N1C(=O)c2ccc(-c3ccc4c(c3)C(=O)N(CCCN3CCN(CCC*)CC3)C4=O)cc2C1=O,-0.43696588,-0.47470146,-0.39520225,-0.30195332,-0.50801265
686,4.01,2.33,*N1C(=O)c2ccc(C(c3ccc4c(c3)C(=O)N(c3cccc(-c5cc(-c6ccc(*)cc6)cc(C(c6ccccc6)(c6ccccc6)c6ccccc6)c5)c3)C4=O)(C(F)(F)F)C(F)(F)F)cc2C1=O,-0.6521011,-0.47186,-0.587895,-0.4788981,-0.61409056
1335,3,2.74,*N1C(=O)c2ccc(C(O)c3ccc4c(c3)C(=O)N(c3ccc(Oc5ccc([C@]67C[C@H]8[C@@H]9C[C@@]%10(c%11ccc(Oc%12ccc(*)cc%12)cc%11)C[C@H]8[C@H](C6)[C@@H](C%10)[C@@H]9C7)cc5)cc3)C4=O)cc2C1=O,-0.3777876,-0.5187098,-0.34729052,-0.36638862,-0.48259413
604,3.08,3.03,*N1C(=O)c2ccc(C(c3ccc4c(c3)C(=O)N(c3ccc(-c5ccc(-c6ccc(*)cc6)cc5)cc3)C4=O)(C(F)(F)F)C(F)(F)F)cc2C1=O,-0.034571253,-0.09618278,0.08213957,-0.115017556,-0.12468466
865,3.38,2.44,*N1C(=O)c2ccc(C(c3ccc4c(c3)C(=O)N(c3ccc(-c5cc(-c6ccc(-c7ccc(-c8ccccc8)cc7)cc6)cc(-c6ccc(*)cc6)n5)cc3)C4=O)(C(F)(F)F)C(F)(F)F)cc2C1=O,-0.6304711,-0.5035898,-0.5035761,-0.5674752,-0.6216715
1241,4.43,2.69,*n1c(=O)c2cc3c(=O)n(-c4ccc(-c5ccc(/C(=C\c6ccccc6)c6ccc(-c7ccc(*)cc7)cc6)cc5)cc4)c(=O)c3cc2c1=O,-0.34588927,-0.29852277,-0.24090646,-0.32699263,-0.33613348
1577,3.15,2.27,*N1C(=O)c2ccc(C(c3ccc4c(c3)C(=O)N(c3cc(*)cc(C(F)(F)F)c3)C4=O)(C(F)(F)F)C(F)(F)F)cc2C1=O,-0.82627094,-0.61184406,-0.78302187,-0.8153208,-0.79029375
1607,5.84,2.25,*N1C(=O)c2ccc(C(c3ccc4c(c3)C(=O)N(c3cc(*)cc(C(F)(F)F)c3)C4=O)(C(F)(F)F)C(F)(F)F)cc2C1=O,-0.9429836,-0.7457352,-0.91901964,-0.9237932,-0.9325674
1262,6,3.34,*c1ccc(Oc2ccc(Oc3ccc(N4C(=O)c5ccc(C(=O)OCC6(C)CCC(CCOC(=O)c7ccc8c(c7)C(=O)N(*)C8=O)C6(C)C)cc5C4=O)cc3)cc2)cc1,0.44528496,0.4107854,0.511204,0.47147688,0.36510086
563,4.8,3.33,*c1ccc(Oc2ccc(-n3c(=O)c4cc5c(=O)n(*)c(=O)c5cc4c3=O)cc2)cc1,0.6436042,0.6227658,0.62618554,0.5181912,0.6002033
1321,3,2.91,*N1C(=O)c2ccc(Cc3ccc4c(c3)C(=O)N(c3ccc(Oc5ccc([C@]67C[C@@H]8C[C@@H](C[C@@](c9ccc(Oc%10ccc(*)cc%10)cc9)(C8)C6)C7)cc5)cc3)C4=O)cc2C1=O,-0.1531401,-0.17009516,-0.16170934,-0.13635084,-0.18995033
1060,3.06,2.65,*N1C(=O)c2ccc(C(c3ccc4c(c3)C(=O)N(c3ccc(-c5ccc(/C(=C\c6ccccc6)c6ccc(-c7ccc(*)cc7)cc6)cc5)cc3)C4=O)(C(F)(F)F)C(F)(F)F)cc2C1=O,-0.3956067,-0.3422135,-0.4628338,-0.3207056,-0.4348635
1757,6,3.12,*N1C(=O)c2ccc(S(=O)(=O)c3ccc4c(c3)C(=O)N(c3ccc(Oc5ccc(C6(c7ccc(Oc8ccc(*)cc8C(F)(F)F)cc7)c7ccccc7-c7ccccc76)cc5)c(C(F)(F)F)c3)C4=O)cc2C1=O,-0.07381341,-0.01630875,0.039823286,-0.041088186,-0.024176657
1923,6,3.85,*CCCN1CCN(CCCN2C(=O)c3ccc(C(=O)c4ccc5c(c4)C(=O)N(*)C5=O)cc3C2=O)CC1,1.4142971,1.3036493,1.4084185,1.1982869,1.3022375
144,6,3.11,*c1ccc(Cc2ccc(N3C(=O)c4ccc(Oc5ccc(C(C)(C)c6ccc(Oc7ccc8c(c7)C(=O)N(*)C8=O)cc6)cc5)cc4C3=O)cc2)cc1,0.32389492,0.24309655,0.29089373,0.2681222,0.20430617
397,5.21,3.42,*n1c(=O)c2cc3c(=O)n(-c4ccc(N(c5ccccc5)c5ccc(-n6c(=O)c7cc8c(=O)n(*)c(=O)c8cc7c6=O)cc5)cc4)c(=O)c3cc2c1=O,0.5839498,0.8150361,0.64411,0.5186951,0.605035
2244,3.13,3.6,*n1c(=O)c2cc3c(=O)n(-c4ccc(-c5cccc(-c6ccc(*)cc6)c5)cc4)c(=O)c3cc2c1=O,1.0095819,0.9321763,0.9852145,0.80209386,0.8793915
2018,5.74,2.57,*N1C(=O)c2ccc(-c3ccc4c(c3)C(=O)N(CCCN3CCN(CCC*)CC3)C4=O)cc2C1=O,-0.44567806,-0.48278254,-0.40632838,-0.31164774,-0.5161256
430,4.96,2.73,*n1c(=O)c2cc3c(=O)n(-c4ccc(N(c5ccc(-c6ccc(-c7ccccc7)cc6)cc5)c5ccc(-n6c(=O)c7cc8c(=O)n(*)c(=O)c8cc7c6=O)cc5)cc4)c(=O)c3cc2c1=O,-0.3573832,-0.31311208,-0.36229673,-0.41308323,-0.31064296
2217,6,2.32,*c1ccc(Oc2ccc(C(C)(C)c3ccc(OC4C=CC(N5C(=O)c6ccc(Oc7ccc(C(C)(C)c8ccc(Oc9ccc%10c(c9)C(=O)N(*)C%10=O)cc8)cc7)cc6C5=O)=CC4)cc3)cc2)cc1,-0.53773075,-0.4898216,-0.7300573,-0.5039921,-0.58820254
1704,7.6,3.35,*c1ccc(Oc2ccc(Oc3ccc(N4C(=O)c5ccc(Oc6ccc7c(c6)C(=O)N(*)C7=O)cc5C4=O)cc3)cc2C(C)(C)C)cc1,0.48181325,0.51470006,0.5326866,0.45826626,0.44936526
242,3,2.87,*N1C(=O)c2ccc(Oc3ccc4c(c3)C(=O)N(c3c(F)c(*)c(C(F)(F)F)c(F)c3F)C4=O)cc2C1=O,-0.21065328,-0.12838948,-0.14462148,-0.26845223,-0.23298375
1474,5.87,2.64,*N1C(=O)c2ccc(C(c3ccc4c(c3)C(=O)N(c3ccc(*)cc3)C4=O)(C(F)(F)F)C(F)(F)F)cc2C1=O,-0.479034,-0.4512282,-0.41821674,-0.4567457,-0.53937054
310,10,3.17,*N1C(=O)c2ccc(-c3ccc4c(c3)C(=O)N(c3ccc(Oc5ccc(C(C)(C)c6ccc(Oc7ccc(*)cc7)cc6)cc5)cc3)C4=O)cc2C1=O,0.20220204,0.2263226,0.3808324,0.1038468,0.17629735
1269,3,3.22,*n1c(=O)c2cc3c(=O)n(-c4ccc(Oc5ccc(Oc6ccc(*)cc6)c6c5C5CCC6C5)cc4)c(=O)c3cc2c1=O,0.26569283,0.2710545,0.17899902,0.21984455,0.1262036
429,4.79,2.72,*n1c(=O)c2cc3c(=O)n(-c4ccc(N(c5ccc(-c6ccc(-c7ccccc7)cc6)cc5)c5ccc(-n6c(=O)c7cc8c(=O)n(*)c(=O)c8cc7c6=O)cc5)cc4)c(=O)c3cc2c1=O,-0.35109037,-0.3080829,-0.3568832,-0.40855655,-0.30377823
2201,7,2.86,*N1C(=O)c2ccc(-c3ccc4c(c3)C(=O)N(c3c(C)cc(C(c5ccc(C(C)C)cc5)c5cc(C)c(*)c(C)c5)cc3C)C4=O)cc2C1=O,-0.21918157,-0.33017233,-0.266359,-0.19480932,-0.20540337
1789,5.41,4.85,*n1c(=O)c2cc3c(=O)n(CCCN4CCN(CCC*)CC4)c(=O)c3cc2c1=O,2.5772643,2.864717,2.832695,2.3712475,2.5749648
1086,4.46,2.61,*N1C(=O)c2ccc(C(c3ccc4c(c3)C(=O)N(c3ccc(-c5ccc(/C(=C\c6ccccc6)c6ccc(-c7ccc(*)cc7)cc6)cc5)cc3)C4=O)(C(F)(F)F)C(F)(F)F)cc2C1=O,-0.43134505,-0.38561088,-0.4914129,-0.38189885,-0.45592374
862,3.19,2.43,*N1C(=O)c2ccc(C(c3ccc4c(c3)C(=O)N(c3ccc(-c5cc(-c6ccc(-c7ccc(-c8ccccc8)cc7)cc6)cc(-c6ccc(*)cc6)n5)cc3)C4=O)(C(F)(F)F)C(F)(F)F)cc2C1=O,-0.62009704,-0.49347413,-0.4892796,-0.5573465,-0.6124936
143,5.03,3.18,*c1ccc(Cc2ccc(N3C(=O)c4ccc(Oc5ccc(C(C)(C)c6ccc(Oc7ccc8c(c7)C(=O)N(*)C8=O)cc6)cc5)cc4C3=O)cc2)cc1,0.34758264,0.25723246,0.31153202,0.2942687,0.21063393
1612,3,2.74,*N1C(=O)c2ccc(Oc3ccc(C45CC6C7CC8(c9ccc(Oc%10ccc%11c(c%10)C(=O)N(c%10ccc(Oc%12ccc(C%13%14CC%15C%16CC%17(c%18ccc(Oc%19cccc(*)c%19)cc%18)CC%15C(C%13)C(C%17)C%16C%14)cc%12)cc%10)C%11=O)cc9)CC6C(C4)C(C8)C7C5)cc3)cc2C1=O,-0.48502618,-0.45956564,-0.4751551,-0.33865368,-0.4626282
241,3,2.68,*N1C(=O)c2ccc(C(c3ccc4c(c3)C(=O)N(c3c(F)c(*)c(C(F)(F)F)c(F)c3F)C4=O)(C(F)(F)F)C(F)(F)F)cc2C1=O,-0.5001125,-0.41906708,-0.4147213,-0.38898468,-0.41841125
211,3,2.39,*N1C(=O)c2ccc(C(c3ccc4c(c3)C(=O)N(c3ccc(C(c5ccc(*)cc5)(C(F)(F)F)C(F)(F)F)cc3)C4=O)(C(F)(F)F)C(F)(F)F)cc2C1=O,-0.8580028,-0.66079426,-0.80935353,-0.770527,-0.87026256
1683,6,3.35,*N1C(=O)c2ccc(-c3ccc4c(c3)C(=O)N(c3ccc(Oc5ccc(Oc6ccc(*)cc6C(F)(F)F)c(C(C)(C)C)c5)c(C(F)(F)F)c3)C4=O)cc2C1=O,0.6622751,0.645661,0.7500151,0.61038715,0.5806821
171,5.03,2.81,*N1C(=O)c2ccc(C(c3ccc4c(c3)C(=O)N(c3ccc(Cc5ccc(*)cc5)cc3)C4=O)(C(F)(F)F)C(F)(F)F)cc2C1=O,0.08192391,-0.102075055,0.053596973,-0.14140213,-0.1517071
2211,8.7,2.37,*N1C(=O)c2ccc(Oc3ccc4c(c3)C(=O)N(c3c(C)cc(C(c5ccc(C(C)C)cc5)c5cc(C)c(*)c(C)c5)cc3C)C4=O)cc2C1=O,-0.51356626,-0.6814536,-0.5235714,-0.48471043,-0.5662849
1118,3.14,2.72,*N1C(=O)c2ccc(-c3ccc4c(c3)C(=O)N(c3ccc(-c5ccc(/C(=C\c6ccccc6)c6ccc(-c7ccc(*)cc7)cc6)cc5)cc3)C4=O)cc2C1=O,-0.32185328,-0.24584132,-0.315118,-0.3324365,-0.37773556
1784,6,2.89,*N1C(=O)c2ccc(C(c3ccc4c(c3)C(=O)N(c3ccc5c(c3)C3(c6cc(*)ccc6-5)C5CC6CC(C5)CC3C6)C4=O)(C(F)(F)F)C(F)(F)F)cc2C1=O,-0.24288115,-0.439989,-0.14804223,-0.12076385,-0.19922464
232,6,2.84,*N1C(=O)c2ccc(Oc3ccc4c(c3)C(=O)N(c3ccc(Oc5cc(Oc6ccc(*)cc6C(F)(F)F)cc6ccccc56)c(C(F)(F)F)c3)C4=O)cc2C1=O,0.028910872,0.14354068,0.12233367,0.10046989,0.086776845
1974,5.91,2.68,*N1C(=O)c2ccc(Oc3ccc4c(c3)C(=O)N(CCCN3CCN(CCC*)CC3)C4=O)cc2C1=O,-0.34532982,-0.36386552,-0.33433902,-0.22429863,-0.47313213
1840,5.95,4.78,*n1c(=O)c2cc3c(=O)n(CCCN4CCN(CCC*)CC4)c(=O)c3cc2c1=O,2.5771878,2.850852,2.8121367,2.3572161,2.5552187
877,4.14,2.44,*N1C(=O)c2ccc(C(c3ccc4c(c3)C(=O)N(c3ccc(-c5cc(-c6ccc(-c7ccc(-c8ccccc8)cc7)cc6)cc(-c6ccc(*)cc6)n5)cc3)C4=O)(C(F)(F)F)C(F)(F)F)cc2C1=O,-0.6715853,-0.54358983,-0.5615227,-0.6080736,-0.6582738
5,9,2.5,*N1C(=O)c2ccc(C(c3ccc4c(c3)C(=O)N(c3ccc(Oc5ccc(C(c6ccc(Oc7ccc(*)cc7)cc6)(C(F)(F)F)C(F)(F)F)cc5)cc3)C4=O)(C(F)(F)F)C(F)(F)F)cc2C1=O,-1.4553162,-1.114378,-1.3163775,-1.3074876,-1.3336378
1116,3.03,2.73,*N1C(=O)c2ccc(-c3ccc4c(c3)C(=O)N(c3ccc(-c5ccc(/C(=C\c6ccccc6)c6ccc(-c7ccc(*)cc7)cc6)cc5)cc3)C4=O)cc2C1=O,-0.31911474,-0.24174047,-0.3104738,-0.3278775,-0.3755092
421,3.42,2.74,*n1c(=O)c2cc3c(=O)n(-c4ccc(N(c5ccc(-c6ccc(-c7ccccc7)cc6)cc5)c5ccc(-n6c(=O)c7cc8c(=O)n(*)c(=O)c8cc7c6=O)cc5)cc4)c(=O)c3cc2c1=O,-0.29739165,-0.26154187,-0.30655736,-0.36868343,-0.24930118
1653,3,3.1,*N1C(=O)c2ccc3c4c(ccc(c24)C1=O)C(=O)N(c1ccc(-c2cc(C(C)(C)C)c(Oc4ccc(*)cc4)c(C(C)(C)C)c2)c(Cl)c1)C3=O,0.048911903,0.038525596,0.03209728,0.11623714,0.06870892
925,3.1,3.49,*c1ccc(Oc2ccc(-n3c(=O)c4cc5c(=O)n(*)c(=O)c5cc4c3=O)cc2)cc1,0.6828096,0.660016,0.66623175,0.566775,0.6356609
1659,3,3.49,*N1C(=O)c2ccc(Oc3ccc4c(c3)C(=O)N(c3ccc(Oc5ccc(Oc6ccc(*)cc6C(F)(F)F)c(C(C)(C)C)c5)c(C(F)(F)F)c3)C4=O)cc2C1=O,0.61607534,0.35294294,0.7140094,0.6913809,0.6527048
1664,3,3.92,*c1ccc(Oc2ccc(Oc3ccc(N4C(=O)c5ccc(S(=O)(=O)c6ccc7c(c6)C(=O)N(*)C7=O)cc5C4=O)cc3)cc2C(C)(C)C)cc1,1.0402799,1.3611262,1.1819209,1.272999,1.1138481
249,6,2.95,*n1c(=O)c2cc3c(=O)n(-c4ccc(C(c5ccc(*)cc5)(c5cccc(C(F)(F)F)c5)C(F)(F)F)cc4)c(=O)c3cc2c1=O,0.40401363,0.11207047,0.090282105,0.007729415,0.068418995
739,3.55,2.8,*N1C(=O)c2ccc(C(c3ccc4c(c3)C(=O)N(c3ccc(-c5cc(-c6ccccc6)cc(-c6ccc(*)cc6)n5)cc3)C4=O)(C(F)(F)F)C(F)(F)F)cc2C1=O,-0.25923473,-0.20768476,-0.056140862,-0.2951526,-0.39068913
425,4.1,2.73,*n1c(=O)c2cc3c(=O)n(-c4ccc(N(c5ccc(-c6ccc(-c7ccccc7)cc6)cc5)c5ccc(-n6c(=O)c7cc8c(=O)n(*)c(=O)c8cc7c6=O)cc5)cc4)c(=O)c3cc2c1=O,-0.32469863,-0.28572166,-0.33210766,-0.38820404,-0.27608228
1447,3.46,2.67,*N1C(=O)c2ccc(C(c3ccc4c(c3)C(=O)N(c3ccc(*)cc3)C4=O)(C(F)(F)F)C(F)(F)F)cc2C1=O,-0.38017,-0.37591878,-0.28309324,-0.39680782,-0.47833526
1636,9.25,2.95,*N1C(=O)C2CC3C(=O)N(c4ccc(Oc5ccc(C(C)(C)c6ccc(Oc7ccc(*)cc7)cc6)cc5)cc4)C(=O)C3CC2C1=O,0.07009121,-0.059739046,0.16300644,0.09036892,-0.0193474
1310,7.6,2.96,*N1C(=O)c2ccc(-c3ccc4c(c3)C(=O)N(c3ccc(Oc5ccc(Oc6ccc(*)cc6)c6c5C5CCC6C5)cc3)C4=O)cc2C1=O,-0.065236904,-0.111796945,-0.08220047,-0.14347136,-0.1579488
1459,4.53,2.66,*N1C(=O)c2ccc(C(c3ccc4c(c3)C(=O)N(c3ccc(*)cc3)C4=O)(C(F)(F)F)C(F)(F)F)cc2C1=O,-0.42411453,-0.40797976,-0.34864563,-0.42355752,-0.50603616
2318,6,2.72,*N1C(=O)c2ccc(Oc3ccc4c(c3)C(=O)N(c3ccc(C5(c6ccc(*)cc6)c6cc(O[Si](C)(C)C(C)(C)C)ccc6-c6ccc(O[Si](C)(C)C(C)(C)C)cc65)cc3)C4=O)cc2C1=O,-0.28963244,-0.37051222,-0.24483283,-0.3538817,-0.35365748
1620,9.82,3.44,*c1cccc(Oc2ccc(-n3c(=O)c4cc5c(=O)n(*)c(=O)c5cc4c3=O)cc2)c1,0.5417664,0.59711134,0.6789745,0.39498186,0.53459144
2220,6,3.24,*c1ccc(-c2ccc(N3C(=O)c4ccc(-c5ccc6c(c5)C(=O)C(c5ccc(-c7ccc(-n8c(=O)c9cc%10c(=O)n(*)c(=O)c%10cc9c8=O)cc7C)c(C)c5)C6=O)cc4C3=O)cc2C)c(C)c1,0.502003,0.42459396,0.6475491,0.43097055,0.2741027
391,4.76,3.43,*n1c(=O)c2cc3c(=O)n(-c4ccc(N(c5ccccc5)c5ccc(-n6c(=O)c7cc8c(=O)n(*)c(=O)c8cc7c6=O)cc5)cc4)c(=O)c3cc2c1=O,0.5905419,0.82527345,0.6512069,0.5261492,0.60861135
1528,4.79,2.56,*N1C(=O)c2ccc(C(c3ccc4c(c3)C(=O)N(c3cccc(*)c3)C4=O)(C(F)(F)F)C(F)(F)F)cc2C1=O,-0.58302754,-0.49074435,-0.5726347,-0.57131195,-0.6402007
652,5.78,3.02,*N1C(=O)c2ccc(C(c3ccc4c(c3)C(=O)N(c3ccc(-c5ccc(-c6ccc(*)cc6)cc5)cc3)C4=O)(C(F)(F)F)C(F)(F)F)cc2C1=O,-0.0810829,-0.097533315,0.013897522,-0.117638774,-0.13899136
1642,9.24,2.86,*N1C(=O)C2CC3C(=O)N(c4ccc(Oc5ccc(C(c6ccc(Oc7ccc(*)cc7)cc6)(C(F)(F)F)C(F)(F)F)cc5)cc4)C(=O)C3CC2C1=O,-0.31184942,-0.25947553,-0.15473923,-0.22482997,-0.2751994
1801,5.61,4.83,*n1c(=O)c2cc3c(=O)n(CCCN4CCN(CCC*)CC4)c(=O)c3cc2c1=O,2.5772357,2.859582,2.8250813,2.3660502,2.5676513
55,7.99,3.28,*c1ccc(Oc2ccc(N3C(=O)c4ccc(C(=O)c5ccc6c(c5)C(=O)N(*)C6=O)cc4C3=O)cc2)cc1,0.37737858,0.3484005,0.37561113,0.2791485,0.32057273
1633,9.84,2.98,*N1C(=O)C2CC3C(=O)N(c4ccc(Oc5ccc(*)cc5)cc4)C(=O)C3CC2C1=O,-0.07535834,-0.08856858,-0.04757917,-0.09772489,-0.13003863
1828,5.87,4.79,*n1c(=O)c2cc3c(=O)n(CCCN4CCN(CCC*)CC4)c(=O)c3cc2c1=O,2.5771987,2.8529058,2.8151822,2.3592951,2.5581439
713,6,2.78,*N1C(=O)c2ccc(C(c3ccc4c(c3)C(=O)N(c3ccc(C(c5ccc(C(C)(C)C)cc5)c5ccc(*)c(C(C)(C)C)c5)cc3C(C)(C)C)C4=O)(C(F)(F)F)C(F)(F)F)cc2C1=O,-0.34269565,-0.3024998,-0.3342094,-0.25742865,-0.33297724
576,5.52,3.28,*c1ccc(Oc2ccc(-n3c(=O)c4cc5c(=O)n(*)c(=O)c5cc4c3=O)cc2)cc1,0.62697136,0.60907716,0.60873663,0.49760193,0.58316165
1186,4.26,2.75,*N1C(=O)c2ccc(C(=O)c3ccc4c(c3)C(=O)N(c3ccc(-c5ccc(/C(=C\c6ccccc6)c6ccc(-c7ccc(*)cc7)cc6)cc5)cc3)C4=O)cc2C1=O,-0.2719857,-0.17508373,-0.266348,-0.26621053,-0.26720667
1712,4,2.96,*c1ccc(Oc2ccc(C(=O)c3ccc(N4C(=O)c5ccc(-c6ccc7c(c6)C(=O)N(*)C7=O)cc5C4=O)cc3)cc2C)c(C(F)(F)F)c1,-0.025249567,-0.023806015,-0.056838073,-0.03549002,-0.07920899
634,4.77,3.03,*N1C(=O)c2ccc(C(c3ccc4c(c3)C(=O)N(c3ccc(-c5ccc(-c6ccc(*)cc6)cc5)cc3)C4=O)(C(F)(F)F)C(F)(F)F)cc2C1=O,-0.069118515,-0.09999725,0.036135234,-0.11972814,-0.13326928
1128,4.72,2.65,*N1C(=O)c2ccc(-c3ccc4c(c3)C(=O)N(c3ccc(-c5ccc(/C(=C\c6ccccc6)c6ccc(-c7ccc(*)cc7)cc6)cc5)cc3)C4=O)cc2C1=O,-0.3587932,-0.30515018,-0.3805439,-0.39187145,-0.40566462
510,6,2.91,*n1c(=O)c2cc3c(=O)n(-c4ccc(Oc5ccc(-c6ccc(-c7ccc(-c8ccc(Oc9ccc(*)cc9)c(C(F)(F)F)c8)cc7)cc6)cc5C(F)(F)F)cc4)c(=O)c3cc2c1=O,-0.09477735,-0.09558979,-0.022165984,-0.15879118,0.0370564
1717,6,2.86,*c1ccc(Oc2ccc(C(=O)c3ccc(N4C(=O)c5ccc(-c6ccc7c(c6)C(=O)N(*)C7=O)cc5C4=O)cc3)cc2C)c(C(F)(F)F)c1,-0.060114,-0.04784397,-0.09445022,-0.053492248,-0.10288781
1012,3.51,3.49,*c1ccc(Oc2ccc(-n3c(=O)c4cc5c(=O)n(*)c(=O)c5cc4c3=O)cc2)cc1,0.6734185,0.64987826,0.6564687,0.5546422,0.62715054
1285,4,3.36,*N1C(=O)c2ccc(C(=O)c3ccc4c(c3)C(=O)N(c3ccc(Oc5ccc(Oc6ccc(*)cc6)cc5)cc3)C4=O)cc2C1=O,0.4481961,0.43858927,0.49591705,0.36400136,0.3596378
199,3,3.08,*N1C(=O)c2ccc(C(C3C=C4C(=O)N(c5cccc(*)c5)C(=O)C4=CC3)(C(F)(F)F)C(F)(F)F)cc2C1=O,0.04661527,0.001889384,0.12019957,0.053242467,0.08281832
217,4,3.15,*n1c(=O)c2cc3c(=O)n(-c4ccc(Oc5cc(Oc6ccc(*)cc6C(F)(F)F)cc6ccccc56)c(C(F)(F)F)c4)c(=O)c3cc2c1=O,0.22766022,0.24958767,0.33523986,0.22348356,0.20013718
283,3,3.05,*N1C(=O)c2ccc(-c3ccc4c(c3)C(=O)N(c3ccc(-c5cc(C(F)(F)F)cc(C(F)(F)F)c5)c(*)c3)C4=O)cc2C1=O,0.071035944,0.044152137,0.12536913,0.100258656,0.010731599
671,5.13,2.41,*N1C(=O)c2ccc(C(c3ccc4c(c3)C(=O)N(c3ccc(-c5cc(-c6ccc(*)cc6)cc(C(c6ccccc6)(c6ccccc6)c6ccccc6)c5)cc3)C4=O)(C(F)(F)F)C(F)(F)F)cc2C1=O,-0.335796,-0.29458845,-0.35289964,-0.34066162,-0.43345386
938,3.88,3.49,*c1ccc(Oc2ccc(-n3c(=O)c4cc5c(=O)n(*)c(=O)c5cc4c3=O)cc2)cc1,0.66488993,0.64207363,0.64765817,0.5442021,0.61947066
649,5.62,3.02,*N1C(=O)c2ccc(C(c3ccc4c(c3)C(=O)N(c3ccc(-c5ccc(-c6ccc(*)cc6)cc5)cc3)C4=O)(C(F)(F)F)C(F)(F)F)cc2C1=O,-0.07921296,-0.09826262,0.017049557,-0.11837932,-0.13823508
269,3.01,2.09,*N1C(=O)c2ccc(C(c3ccc4c(c3)C(=O)N(c3ccc(Oc5ccc(C(c6ccc(Oc7ccc(*)cc7)cc6)(C(F)(F)F)C(F)(F)F)cc5)cc3)C4=O)(C(F)(F)F)C(F)(F)F)cc2C1=O,-1.2766414,-0.92517847,-1.1574502,-1.1555248,-1.1249895
1768,7.6,3.15,*c1ccc(Oc2ccc(C3(c4ccc(Oc5ccc(N6C(=O)c7ccc(C(=O)c8ccc9c(c8)C(=O)N(*)C9=O)cc7C6=O)cc5)cc4)c4ccccc4-c4ccccc43)cc2)cc1,0.27994394,0.33703306,0.31354493,0.2599989,0.038361177
1673,4,2.91,*N1C(=O)c2ccc(C(c3ccc4c(c3)C(=O)N(c3ccc(Oc5ccc(Oc6ccc(*)cc6C(F)(F)F)c(C(C)(C)C)c5)c(C(F)(F)F)c3)C4=O)(C(F)(F)F)C(F)(F)F)cc2C1=O,0.054408494,0.09100701,0.08300814,0.21134493,0.029180024
330,10,3.44,*c1ccc(OC(=O)c2ccc(N3C(=O)c4ccc(-c5ccc6c(c5)C(=O)N(*)C6=O)cc4C3=O)cc2)cc1,0.63359267,0.5980736,0.52763385,0.47626168,0.45993823
504,6,3.16,*N1C(=O)c2ccc(S(=O)(=O)c3ccc4c(c3)C(=O)N(c3ccc(Oc5cc(-c6ccccc6)c(Oc6ccc(*)cc6C(F)(F)F)cc5-c5ccccc5)c(C(F)(F)F)c3)C4=O)cc2C1=O,0.39448804,0.6211098,0.77360755,0.7386667,0.43754953
250,6,2.71,*N1C(=O)c2ccc(C(c3ccc4c(c3)C(=O)N(c3ccc(C(c5ccc(*)cc5)(c5cccc(C(F)(F)F)c5)C(F)(F)F)cc3)C4=O)(C(F)(F)F)C(F)(F)F)cc2C1=O,-0.2803173,-0.38243407,-0.47425392,-0.39264068,-0.51431984
227,4,3.08,*N1C(=O)c2ccc(C(c3ccc4c(c3)C(=O)N(c3ccc(Oc5cc(Oc6ccc(*)cc6)cc6ccccc56)cc3)C4=O)(C(F)(F)F)C(F)(F)F)cc2C1=O,0.26090688,0.23098353,0.37385017,0.30905852,0.14934568
277,6,2.83,*N1C(=O)c2ccc(-c3ccc4c(c3)C(=O)N(c3ccc(Oc5ccc(S(=O)(=O)c6ccc(Oc7ccc(*)cc7)c(-c7cc(C(F)(F)F)cc(C(F)(F)F)c7)c6)cc5-c5cc(C(F)(F)F)cc(C(F)(F)F)c5)cc3)C4=O)cc2C1=O,-0.3174709,-0.17406762,-0.22454657,-0.25391012,-0.29173714
2185,3.02,6.44,*c1ccc(-c2cc(CCS(C)(=O)=O)cc(-c3ccc(-n4c(=O)c5cc6c(=O)n(*)c(=O)c6cc5c4=O)cc3)c2)cc1,5.3437905,5.6237807,5.251916,4.864178,5.188153
1977,5.93,2.67,*N1C(=O)c2ccc(Oc3ccc4c(c3)C(=O)N(CCCN3CCN(CCC*)CC3)C4=O)cc2C1=O,-0.34581745,-0.36415765,-0.33500487,-0.22461468,-0.47371966
883,4.52,2.44,*N1C(=O)c2ccc(C(c3ccc4c(c3)C(=O)N(c3ccc(-c5cc(-c6ccc(-c7ccc(-c8ccccc8)cc7)cc6)cc(-c6ccc(*)cc6)n5)cc3)C4=O)(C(F)(F)F)C(F)(F)F)cc2C1=O,-0.6906293,-0.56362396,-0.5907115,-0.62752825,-0.676575
2202,7,2.71,*N1C(=O)c2ccc(C(=O)c3ccc4c(c3)C(=O)N(c3c(C)cc(C(c5ccc(C(C)C)cc5)c5cc(C)c(*)c(C)c5)cc3C)C4=O)cc2C1=O,-0.26733372,-0.44883063,-0.32011384,-0.21404281,-0.34890956
1638,9.73,2.9,*N1C(=O)C2CC3C(=O)N(c4ccc(Oc5ccc(C(C)(C)c6ccc(Oc7ccc(*)cc7)cc6)cc5)cc4)C(=O)C3CC2C1=O,0.050138433,-0.07256533,0.13898878,0.06367156,-0.031513534
128,3,2.55,*N1C(=O)c2ccc(Oc3ccc4c(c3)C(=O)N(c3ccc(Oc5ccc(C(c6ccc(Oc7ccc(*)cc7C(F)(F)F)cc6)(c6cc(C(F)(F)F)cc(C(F)(F)F)c6)C(F)(F)F)cc5)c(C(F)(F)F)c3)C4=O)cc2C1=O,-0.5746531,-0.50295997,-0.58098644,-0.46852282,-0.6239869
2312,5.86,5.25,*c1ccc(-c2cc(CS(C)(=O)=O)cc(-c3ccc(-n4c(=O)c5cc6c(=O)n(*)c(=O)c6cc5c4=O)cc3)c2)cc1,4.224495,4.6323147,4.076059,4.0281363,4.3962507
1619,9.68,3.52,*c1cccc(Oc2ccc(-n3c(=O)c4cc5c(=O)n(*)c(=O)c5cc4c3=O)cc2)c1,0.54351705,0.597209,0.6808693,0.39590186,0.53659534
1752,6,2.72,*N1C(=O)c2ccc(Oc3ccc4c(c3)C(=O)N(c3ccc(Oc5ccc(C6(c7ccc(Oc8ccc(*)cc8C(F)(F)F)cc7)c7ccccc7-c7ccccc76)cc5)c(C(F)(F)F)c3)C4=O)cc2C1=O,-0.26659673,-0.16829865,-0.25207934,-0.19682702,-0.20427512
1682,6,3.14,*N1C(=O)c2ccc(C(=O)c3ccc4c(c3)C(=O)N(c3ccc(Oc5ccc(Oc6ccc(*)cc6C(F)(F)F)c(C(C)(C)C)c5)c(C(F)(F)F)c3)C4=O)cc2C1=O,0.33028507,0.28130883,0.3936837,0.35371557,0.32339674
1168,3.3,2.79,*N1C(=O)c2ccc(C(=O)c3ccc4c(c3)C(=O)N(c3ccc(-c5ccc(/C(=C\c6ccccc6)c6ccc(-c7ccc(*)cc7)cc6)cc5)cc3)C4=O)cc2C1=O,-0.24452677,-0.13539255,-0.23454048,-0.22558385,-0.24507593
1336,3,2.69,*N1C(=O)c2ccc(Oc3ccc4c(c3)C(=O)N(c3ccc(Oc5ccc([C@]67C[C@H]8[C@@H]9C[C@@]%10(c%11ccc(Oc%12ccc(*)cc%12)cc%11)C[C@H]8[C@H](C6)[C@@H](C%10)[C@@H]9C7)cc5)cc3)C4=O)cc2C1=O,-0.5130591,-0.47495204,-0.559337,-0.38803196,-0.5000352
433,5.48,2.72,*n1c(=O)c2cc3c(=O)n(-c4ccc(N(c5ccc(-c6ccc(-c7ccccc7)cc6)cc5)c5ccc(-n6c(=O)c7cc8c(=O)n(*)c(=O)c8cc7c6=O)cc5)cc4)c(=O)c3cc2c1=O,-0.37595254,-0.32655376,-0.37784794,-0.42670077,-0.33103353
631,4.6,3.03,*N1C(=O)c2ccc(C(c3ccc4c(c3)C(=O)N(c3ccc(-c5ccc(-c6ccc(*)cc6)cc5)cc3)C4=O)(C(F)(F)F)C(F)(F)F)cc2C1=O,-0.06680144,-0.09974231,0.040437624,-0.11966899,-0.13233013
1618,9.51,3.44,*c1cccc(Oc2ccc(-n3c(=O)c4cc5c(=O)n(*)c(=O)c5cc4c3=O)cc2)c1,0.5456429,0.59738415,0.6829955,0.397019,0.5390287
2271,4.7,3.56,*n1c(=O)c2cc3c(=O)n(-c4ccc(-c5cccc(-c6ccc(*)cc6)c5)cc4)c(=O)c3cc2c1=O,0.96950006,0.88934076,0.9330434,0.762472,0.83443516
382,4.09,3.46,*n1c(=O)c2cc3c(=O)n(-c4ccc(N(c5ccccc5)c5ccc(-n6c(=O)c7cc8c(=O)n(*)c(=O)c8cc7c6=O)cc5)cc4)c(=O)c3cc2c1=O,0.60234416,0.8437142,0.6607779,0.53718495,0.614616
1677,4,3.88,*c1ccc(Oc2ccc(Oc3ccc(N4C(=O)c5ccc(S(=O)(=O)c6ccc7c(c6)C(=O)N(*)C7=O)cc5C4=O)cc3)cc2C(C)(C)C)cc1,1.044578,1.3437529,1.1516794,1.2535474,1.1078092
127,3,2.61,*N1C(=O)c2ccc(C(=O)c3ccc4c(c3)C(=O)N(c3ccc(Oc5ccc(C(c6ccc(Oc7ccc(*)cc7C(F)(F)F)cc6)(c6cc(C(F)(F)F)cc(C(F)(F)F)c6)C(F)(F)F)cc5)c(C(F)(F)F)c3)C4=O)cc2C1=O,-0.55207276,-0.4821236,-0.5697425,-0.45412925,-0.6056019
35,10,2.73,*N1C(=O)c2ccc(C(c3ccc4c(c3)C(=O)N(c3cccc(Oc5cccc(*)c5)c3)C4=O)(C(F)(F)F)C(F)(F)F)cc2C1=O,-0.50444,-0.50406957,-0.41445532,-0.37233052,-0.6071816
214,6,2.68,*c1ccc(Oc2ccc(-c3ccc(OC4=C=C=C(n5c(=O)c6cc7c(=O)n(*)c(=O)c7cc6c5=O)C=C4C(F)(F)F)c(C(F)(F)F)c3)cc2C(F)(F)F)c(C(F)(F)F)c1,-0.46675146,-0.44189093,-0.4794388,-0.4453338,-0.4155997
2332,6,2.63,*c1ccc(C2(C)CC(C)(C)c3ccc(N4C(=O)c5ccc(C(c6ccc7c(c6)C(=O)N(*)C7=O)(C(F)(F)F)C(F)(F)F)cc5C4=O)cc32)cc1,-0.17559002,-0.14164424,-0.036561288,-0.08416745,-0.21944545
1259,3,3.41,*c1ccc(Oc2ccc(Oc3ccc(N4C(=O)c5ccc(C(=O)OCC6(C)CCC(CCOC(=O)c7ccc8c(c7)C(=O)N(*)C8=O)C6(C)C)cc5C4=O)cc3)cc2)cc1,0.51853687,0.44143862,0.55717754,0.5209177,0.3957168
251,6,2.91,*c1ccc(C(c2ccc(N3C(=O)c4ccc(C(=O)c5ccc6c(c5)C(=O)N(*)C6=O)cc4C3=O)cc2)(c2cccc(C(F)(F)F)c2)C(F)(F)F)cc1,-0.08023125,-0.1137788,-0.19999668,-0.059916798,-0.17570685
1388,4.34,3.47,*c1ccc(Oc2ccc(-n3c(=O)c4cc5c(=O)n(*)c(=O)c5cc4c3=O)cc2)cc1,0.65423054,0.63267624,0.6369213,0.5312378,0.6099226
1720,6,2.69,*c1ccc(Oc2ccc(C(=O)c3ccc(N4C(=O)c5ccc(C(c6ccc7c(c6)C(=O)N(*)C7=O)(C(F)(F)F)C(F)(F)F)cc5C4=O)cc3)cc2C)c(C(F)(F)F)c1,-0.26344013,-0.23581827,-0.27889428,-0.20073178,-0.24901782
2177,5,5.62,*c1ccc(-c2cc(CS(C)(=O)=O)cc(-c3ccc(-n4c(=O)c5cc6c(=O)n(*)c(=O)c6cc5c4=O)cc3)c2)cc1,4.2876077,4.6938004,4.146668,4.0769596,4.47014
512,6,2.74,*N1C(=O)c2ccc(C(c3ccc4c(c3)C(=O)N(c3ccc(Oc5ccc(-c6ccc(-c7ccc(-c8ccc(Oc9ccc(*)cc9)c(C(F)(F)F)c8)cc7)cc6)cc5C(F)(F)F)cc3)C4=O)C(F)(F)F)cc2C1=O,-0.36753845,-0.29647285,-0.33851013,-0.36837205,-0.37540329
1640,9.95,2.91,*N1C(=O)C2CC3C(=O)N(c4ccc(Oc5ccc(C(C)(C)c6ccc(Oc7ccc(*)cc7)cc6)cc5)cc4)C(=O)C3CC2C1=O,0.04117432,-0.078297585,0.12775514,0.052004933,-0.037086017
676,5.99,2.37,*N1C(=O)c2ccc(C(c3ccc4c(c3)C(=O)N(c3ccc(-c5cc(-c6ccc(*)cc6)cc(C(c6ccccc6)(c6ccccc6)c6ccccc6)c5)cc3)C4=O)(C(F)(F)F)C(F)(F)F)cc2C1=O,-0.38730907,-0.32756576,-0.4043986,-0.3836444,-0.46940064
1294,6,3.37,*n1c(=O)c2cc3c(=O)n(-c4ccc(Oc5ccc(Oc6ccc(*)cc6)cc5)cc4)c(=O)c3cc2c1=O,0.580316,0.59243757,0.56569433,0.46153605,0.5867229
2305,4.28,5.72,*c1ccc(-c2cc(CS(C)(=O)=O)cc(-c3ccc(-n4c(=O)c5cc6c(=O)n(*)c(=O)c6cc5c4=O)cc3)c2)cc1,4.340447,4.7452774,4.205764,4.115992,4.532002
1144,3.86,2.69,*N1C(=O)c2ccc(-c3ccc4c(c3)C(=O)N(c3ccc(-c5ccc(/C(=C\c6ccccc6)c6ccc(-c7ccc(*)cc7)cc6)cc5)cc3)C4=O)cc2C1=O,-0.33921236,-0.27292085,-0.34553453,-0.36173034,-0.39126128
880,4.33,2.44,*N1C(=O)c2ccc(C(c3ccc4c(c3)C(=O)N(c3ccc(-c5cc(-c6ccc(-c7ccc(-c8ccccc8)cc7)cc6)cc(-c6ccc(*)cc6)n5)cc3)C4=O)(C(F)(F)F)C(F)(F)F)cc2C1=O,-0.68142116,-0.5536338,-0.5761796,-0.618116,-0.66742444
64,8.34,3.23,*c1ccc(Oc2ccc(N3C(=O)c4ccc(C(=O)c5ccc6c(c5)C(=O)N(*)C6=O)cc4C3=O)cc2)cc1,0.37055677,0.343758,0.3685288,0.27466252,0.3161
186,4,2.82,*N1C(=O)c2ccc(C(c3ccc4c(c3)C(=O)N(c3ccc(-c5ccc(*)cc5C(F)(F)F)c(C(F)(F)F)c3)C4=O)(C(F)(F)F)C(F)(F)F)cc2C1=O,-0.1916203,-0.16525719,-0.19681269,-0.19026789,-0.2293003
1647,10.02,2.81,*N1C(=O)C2CC3C(=O)N(c4ccc(Oc5ccc(C(c6ccc(Oc7ccc(*)cc7)cc6)(C(F)(F)F)C(F)(F)F)cc5)cc4)C(=O)C3CC2C1=O,-0.31505483,-0.26655725,-0.17545629,-0.23593095,-0.28076577
1738,4,2.86,*N1C(=O)c2ccc(S(=O)(=O)c3ccc4c(c3)C(=O)N(c3ccc(Oc5ccc(C6(c7ccc(Oc8ccc(*)cc8C(F)(F)F)cc7)c7ccccc7-c7ccccc76)cc5)c(C(F)(F)F)c3)C4=O)cc2C1=O,-0.043485455,0.0191715,0.087195925,0.031306647,0.009750373
1697,7.6,3.23,*N1C(=O)c2ccc(S(=O)(=O)c3ccc4c(c3)C(=O)N(c3ccc(Oc5ccc(Oc6ccc(*)cc6C(F)(F)F)c(C(C)(C)C)c5)c(C(F)(F)F)c3)C4=O)cc2C1=O,0.48038018,0.58750236,0.5353413,0.5197763,0.43718266
981,5.03,1.49,*N1C(=O)c2ccc(C(c3ccc4c(c3)C(=O)N(c3ccc(N(c5ccc(*)cc5)c5ccc(-c6ccc(/C=C(\c7ccccc7)c7ccc(-c8ccc(C(F)(F)F)cc8)cc7)cc6)cc5)cc3)C4=O)(C(F)(F)F)C(F)(F)F)cc2C1=O,-1.5187242,-1.4925398,-1.8643653,-1.6259853,-1.7019117
616,3.76,3.03,*N1C(=O)c2ccc(C(c3ccc4c(c3)C(=O)N(c3ccc(-c5ccc(-c6ccc(*)cc6)cc5)cc3)C4=O)(C(F)(F)F)C(F)(F)F)cc2C1=O,-0.050457444,-0.09848273,0.06350421,-0.11809713,-0.12778871
39,10,2.39,*N1C(=O)c2ccc(C(c3ccc4c(c3)C(=O)N(c3cccc(C(c5cccc(*)c5)(C(F)(F)F)C(F)(F)F)c3)C4=O)(C(F)(F)F)C(F)(F)F)cc2C1=O,-0.9750075,-0.90771407,-1.0659842,-0.934969,-1.0071249
131,3,2.92,*N1C(=O)c2ccc(C(=O)c3ccc4c(c3)C(=O)N(Oc3cc(C(C)(C)C)c(Oc5ccc(*)cc5)c(C(C)(C)C)c3)C4=O)cc2C1=O,-0.021239066,-0.108058065,-0.077608794,-0.11155628,-0.11021496
1092,4.78,2.6,*N1C(=O)c2ccc(C(c3ccc4c(c3)C(=O)N(c3ccc(-c5ccc(/C(=C\c6ccccc6)c6ccc(-c7ccc(*)cc7)cc6)cc5)cc3)C4=O)(C(F)(F)F)C(F)(F)F)cc2C1=O,-0.4395439,-0.395204,-0.49709526,-0.39574763,-0.46070802
2187,3.1,6.43,*c1ccc(-c2cc(CCS(C)(=O)=O)cc(-c3ccc(-n4c(=O)c5cc6c(=O)n(*)c(=O)c6cc5c4=O)cc3)c2)cc1,5.339537,5.6187825,5.2468395,4.861076,5.1827464
1330,3,2.68,*N1C(=O)c2ccc(Oc3ccc4c(c3)C(=O)N(c3ccc([C@]56C[C@H]7[C@@H]8C[C@@]9(c%10ccc(*)cc%10)C[C@H]7[C@H](C5)[C@@H](C9)[C@@H]8C6)cc3)C4=O)cc2C1=O,-0.4960385,-0.45738673,-0.5084139,-0.4556795,-0.54483706
435,5.8,2.73,*n1c(=O)c2cc3c(=O)n(-c4ccc(N(c5ccc(-c6ccc(-c7ccccc7)cc6)cc5)c5ccc(-n6c(=O)c7cc8c(=O)n(*)c(=O)c8cc7c6=O)cc5)cc4)c(=O)c3cc2c1=O,-0.38744467,-0.33432662,-0.38704568,-0.4343656,-0.3428799
27,10,3.02,*N1C(=O)c2ccc(Oc3ccc(Oc4ccc5c(c4)C(=O)N(c4ccc(Oc6ccc(*)cc6)cc4)C5=O)cc3)cc2C1=O,0.08666604,0.0972874,0.18904206,-0.013346676,0.03423525
2315,3.41,5.8,*c1ccc(-c2cc(CS(C)(=O)=O)cc(-c3ccc(-n4c(=O)c5cc6c(=O)n(*)c(=O)c6cc5c4=O)cc3)c2)cc1,4.401524,4.807478,4.2749486,4.1611805,4.603737
